"estacion.1","estacion.2","probabilidad ergm","probabilidad latente","probabilidad promedio"
"Restrepo","Nariño",0.536727924713762,0.772413525891832,0.654570725302797
"De La Sabana","Calle 22",0.541633677059197,0.7127641299858,0.627198903522498
"Centro Memoria","Calle 26 - Atrio",0.630566441958628,0.600352267548078,0.615459354753353
"Rionegro","Suba Calle 100",0.592498884917347,0.613023278125667,0.602761081521507
"Fucha","Hortúa",0.439504336785648,0.765947662257372,0.60272599952151
"Alquería","Cl38A sur - CENTRO MAYOR",0.486086572328559,0.712602818104165,0.599344695216362
"CDS Carrera 32","Paloquemao",0.657488336628722,0.496964209949471,0.577226273289096
"Universidades CityU","Calle 22",0.344195784808811,0.696607263817043,0.520401524312927
"Terreros - H. Cardiovascular","La Despensa",0.460042847536698,0.564392159160445,0.512217503348572
"Corferias","Universidad Nacional",0.475952494487321,0.546382924797295,0.511167709642308
"Carrera 90","Granja - cra 77",0.526822734719633,0.493990577082513,0.510406655901073
"Escuela Militar","La Castellana",0.665046263791138,0.35069049133235,0.507868377561744
"Carrera 47","Polo - FINCOMERCIO",0.460323760898639,0.531289948453212,0.495806854675925
"Zona Industrial","Ricaurte",0.504467915614046,0.486596661004065,0.495532288309056
"Puentelargo","Suba - Calle 95",0.357746993540642,0.633206951355034,0.495476972447838
"Santa Isabel","Guatoque - Veraguas",0.363678972564985,0.617969792372477,0.490824382468731
"Portal 80","Avenida Cali",0.423598650670638,0.556171876306461,0.48988526348855
"Las Nieves","Universidades CityU",0.57325883055409,0.405118750093828,0.489188790323959
"Virrey - Cendiatra","La Castellana",0.432284605577408,0.540017791263971,0.486151198420689
"San Martín","La Castellana",0.725414422276045,0.212952921176435,0.46918367172624
"Zona Industrial","Distrito Grafiti",0.357672068998075,0.578793881086758,0.468232975042417
"Socorro","Calle 40 Sur",0.463089016153782,0.471931221173124,0.467510118663453
"Calle 100 - Marketmedios","Rionegro",0.581963284446468,0.343560348333386,0.462761816389927
"CDS Carrera 32","CAD",0.479958398603308,0.43373555987003,0.456846979236669
"Mazurén","Calle 142",0.353773710065375,0.551600448167601,0.452687079116488
"Campin - UAN","Av. Eldorado",0.339897003194494,0.565317494182983,0.452607248688738
"Ciudad Universitaria- Lotería de Bogotá","Av. Eldorado",0.672079442420828,0.222973564483365,0.447526503452096
"Suba - Calle 95","Escuela Militar",0.463728090210322,0.430119586946414,0.446923838578368
"Carrera 43 - Comapan","CDS Carrera 32",0.495455765644565,0.383134678486407,0.439295222065486
"Rionegro","La Castellana",0.670378311169284,0.200817746133901,0.435598028651593
"Calle 100 - Marketmedios","Suba - Calle 95",0.653365568920707,0.212652368416661,0.433008968668684
"Calle 85 - Gato Dumas","Polo - FINCOMERCIO",0.484778640807459,0.372997533941865,0.428888087374662
"Quinta Paredes","Ciudad Universitaria- Lotería de Bogotá",0.456302255190325,0.399553078071389,0.427927666630857
"Pepe Sierra - Utel Universidad","Calle 100 - Marketmedios",0.260274258332745,0.585896685942329,0.423085472137537
"Parque","Santa Lucía",0.323535110037377,0.512055720465091,0.417795415251234
"Santa Lucía","Olaya",0.264871252148628,0.568705828613539,0.416788540381083
"Carrera 47","La Castellana",0.553213655301498,0.275248754943051,0.414231205122275
"Gobernacion","Corferias",0.487503255049426,0.33513052035276,0.411316887701093
"Consuelo","Santa Lucía",0.507379601173226,0.314835333734212,0.411107467453719
"San Martín","Polo - FINCOMERCIO",0.608345919669335,0.213779616191261,0.411062767930298
"Polo - FINCOMERCIO","La Castellana",0.674608070709354,0.146915708608081,0.410761889658718
"Las Aguas - Centro Colombo Americano","Universidades CityU",0.696089531059103,0.122257439394909,0.409173485227006
"Calle 85 - Gato Dumas","La Castellana",0.418987074766688,0.39860895013966,0.408798012453174
"Concejo de Bogotá","Av. Eldorado",0.659754519482212,0.153080504685775,0.406417512083993
"Calle 100 - Marketmedios","Escuela Militar",0.388409245995402,0.424307628029008,0.406358437012205
"De La Sabana","Tygua-San José",0.532038561850962,0.277460852939494,0.404749707395228
"Escuela Militar","Avenida Chile",0.490412963693228,0.317758556569057,0.404085760131142
"CDS Carrera 32","San Facon Carrera 22",0.327827539343662,0.465186330585046,0.396506934964354
"Sevillana","Alquería",0.246140085539599,0.544904981054403,0.395522533297001
"NQS Calle 30 SUR","Comuneros",0.231860354162073,0.558701336123153,0.395280845142613
"Movistar Arena","Av. Eldorado",0.24746358729036,0.535016960440836,0.391240273865598
"Molinos","Santa Lucía",0.423452842731003,0.35850794506319,0.390980393897096
"Rionegro","Polo - FINCOMERCIO",0.509440431391887,0.271675381538891,0.390557906465389
"Zona Industrial","Paloquemao",0.5131326059389,0.265132433415429,0.389132519677165
"De La Sabana","Guatoque - Veraguas",0.415614922110899,0.358783269531701,0.3871990958213
"Ciudad Universitaria- Lotería de Bogotá","Universidad Nacional",0.570250491770825,0.200632256948614,0.385441374359719
"Museo Del Oro","Universidades CityU",0.588000053065382,0.180619207220016,0.384309630142699
"CAD","Comuneros",0.179036428826836,0.577585277570861,0.378310853198848
"Carrera 43 - Comapan","Pradera - Plaza Central",0.287437255701475,0.467891979181518,0.377664617441497
"Rionegro","NQS Calle 75",0.431462948964469,0.314899500252428,0.373181224608449
"Suba - Av. Boyacá","Humedal Córdoba",0.386167947641138,0.359423504480772,0.372795726060955
"Polo - FINCOMERCIO","NQS Calle 75",0.590994339535095,0.15315669620536,0.372075517870228
"Humedal Córdoba","Puentelargo",0.394790677959937,0.344825125556368,0.369807901758153
"Ciudad Jardín - UAN","Nariño",0.612702236329141,0.125611561275188,0.369156898802164
"Héroes - Colmena Seguros","Flores",0.250442007028907,0.486963036170778,0.368702521599842
"San Victorino","Avenida Jiménez",0.49570024753701,0.24139665117041,0.36854844935371
"Portal Norte - Unicervantes ","Terminal",0.425493202130672,0.310464043831031,0.367978622980851
"Socorro","Quiroga",0.351235029031647,0.382453177341238,0.366844103186443
"San Mateo","León XIII",0.444391492447595,0.287735640622716,0.366063566535156
"Las Nieves","Museo Nacional",0.505541328802538,0.224041367047807,0.364791347925173
"Calle 85 - Gato Dumas","Escuela Militar",0.328888142725321,0.400213920484343,0.364551031604832
"C.C Paseo Villa Del Rio - Madelena","Bosa",0.182975082719302,0.545506577961,0.364240830340151
"San Facon Carrera 22","Calle 22",0.468653057835214,0.253617695015771,0.361135376425492
"Puentelargo","San Martín",0.191954358611881,0.53007961778723,0.361016988199556
"Bicentenario","Las Nieves",0.391073122392032,0.33079615981389,0.360934641102961
"San Martín","Carrera 47",0.594553770800114,0.121969555113867,0.35826166295699
"San Diego","Universidades CityU",0.567728885486272,0.148007531660033,0.357868208573153
"La Campiña","21 Ángeles",0.435125064299731,0.268811887800788,0.351968476050259
"Calle 100 - Marketmedios","Carrera 47",0.332288523541024,0.36801323407382,0.350150878807422
"CDS Carrera 32","Comuneros",0.406550969030435,0.292210052052958,0.349380510541696
"Las Nieves","Museo Del Oro",0.641282830711469,0.0519273055455611,0.346605068128515
"Corferias","Campin - UAN",0.333354354536022,0.359747385110942,0.346550869823482
"Transversal 86","Mandalay",0.470598828016027,0.218443613955495,0.344521220985761
"Rionegro","Carrera 47",0.524364120390128,0.163993698176668,0.344178909283398
"Calle 100 - Marketmedios","Suba Calle 100",0.608698957390003,0.0756298609096118,0.342164409149808
"Av. Suba - Calle 116","Suba - Calle 95",0.21424491951415,0.468110604057313,0.341177761785732
"Carrera 53","Escuela Militar",0.506058971381992,0.174338099677289,0.34019853552964
"Zona Industrial","Pradera - Plaza Central",0.20976463410118,0.46459520738528,0.33717992074323
"Las Nieves","Calle 22",0.460209136189748,0.211007857059343,0.335608496624545
"Virrey - Cendiatra","Escuela Militar",0.326424183312672,0.344012441582973,0.335218312447823
"Modelia","El Tiempo - Cámara De Comercio De Bogotá",0.23385961551812,0.434299494156779,0.334079554837449
"21 Ángeles","Niza - Calle 127",0.16683640365316,0.500191081823135,0.333513742738148
"Danubio","Socorro",0.304090111499148,0.361102740504616,0.332596426001882
"San Facon Carrera 22","Guatoque - Veraguas",0.504995425628241,0.154423828227218,0.32970962692773
"Centro Memoria","Av. Eldorado",0.547055702451912,0.106394305547155,0.326725003999534
"Molinos","Quiroga",0.249654606608294,0.402532031355642,0.326093318981968
"Puente Aranda","CDS Carrera 32",0.373415868343054,0.278654343358226,0.32603510585064
"Corferias","Movistar Arena",0.257759841755026,0.388883269851471,0.323321555803249
"Portal Suba","Suba - Tv. 91",0.476365713727659,0.166233937850515,0.321299825789087
"Prado","Calle 106",0.136355080735919,0.505907823570642,0.321131452153281
"Calle 100 - Marketmedios","San Martín",0.461700320236383,0.17889461640657,0.320297468321477
"Virrey - Cendiatra","Rionegro",0.428532525443838,0.204422579745058,0.316477552594448
"Avenida Cali","Minuto De Dios",0.489194484248416,0.140293316012332,0.314743900130374
"San Diego","Calle 22",0.532921207955671,0.0956961915041795,0.314308699729925
"Carrera 47","Avenida Chile",0.45390416601389,0.174671337285459,0.314287751649675
"Centro Memoria","Av. 39",0.348176426677924,0.279651165578031,0.313913796127978
"Escuela Militar","Flores",0.205801267775166,0.410066363985808,0.307933815880487
"Tygua-San José","Hortúa",0.341736802550055,0.27391928223163,0.307828042390842
"Portal El Dorado – C.C Nuestro Bogotá","Normandia",0.217443590401908,0.39817515050492,0.307809370453414
"Granja - cra 77","Ferias",0.355706196973089,0.259534097785341,0.307620147379215
"Consuelo","Calle 40 Sur",0.360082428941479,0.250346026581739,0.305214227761609
"CAN - British Council","Corferias",0.340486132127666,0.269540893226813,0.30501351267724
"Calle 100 - Marketmedios","NQS Calle 75",0.264024677323869,0.342979655642621,0.303502166483245
"Las Nieves","Las Aguas - Centro Colombo Americano",0.586285870439032,0.0197099571909433,0.302997913814988
"De La Sabana","Museo Del Oro",0.325337747474863,0.280597785557345,0.302967766516104
"Av. Rojas - UNISALESIANA","Salitre El Greco - Vive Claro",0.240475250893156,0.365144046512092,0.302809648702624
"San Martín","Avenida Chile",0.429212866928378,0.174215496460557,0.301714181694467
"Bosa","León XIII",0.256591139677287,0.345576201716455,0.301083670696871
"Suba - Calle 95","La Castellana",0.551008419373976,0.0495821010616251,0.3002952602178
"Virrey - Cendiatra","Polo - FINCOMERCIO",0.398653497996476,0.200840820938641,0.299747159467559
"Salitre El Greco - Vive Claro","Quinta Paredes",0.337009275837203,0.262316852617605,0.299663064227404
"Perdomo","Bosa",0.186819533756281,0.411274986952702,0.299047260354491
"Biblioteca","Socorro",0.385851396034084,0.212220358357973,0.299035877196029
"Concejo de Bogotá","CAD",0.456275736733532,0.140033878416509,0.298154807575021
"Ciudad Jardín - UAN","Hortúa",0.524695796326235,0.0714047846943492,0.298050290510292
"Ciudad Jardín - UAN","Fucha",0.516784139390869,0.0761804693337896,0.296482304362329
"Av. Suba - Calle 116","Suba Calle 100",0.270423219203855,0.318962532928945,0.2946928760664
"Bicentenario","Museo Del Oro",0.461878693092802,0.118070393969421,0.289974543531112
"Perdomo","Sevillana",0.186774737970969,0.391822953580756,0.289298845775863
"Concejo de Bogotá","Av. 39",0.279613244513695,0.297857983311626,0.28873561391266
"Quiroga","Fucha",0.192211337383919,0.38405647352578,0.288133905454849
"Comuneros","Tygua-San José",0.27384156643593,0.30142154324716,0.287631554841545
"Escuela Militar","Suba Calle 100",0.422210135726661,0.150039789753796,0.286124962740229
"Bicentenario","Hortúa",0.397728249614885,0.174163759169501,0.285946004392193
"Concejo de Bogotá","Universidad Nacional",0.467366260411371,0.102106104765887,0.284736182588629
"Calle 100 - Marketmedios","Polo - FINCOMERCIO",0.376774500101967,0.192227621037608,0.284501060569787
"Polo - FINCOMERCIO","Avenida Chile",0.479712868365583,0.0876329669599986,0.283672917662791
"Portal Norte - Unicervantes ","Mazurén",0.258490947782737,0.30741173438252,0.282951341082629
"Calle 85 - Gato Dumas","NQS Calle 75",0.302628268972983,0.261608209149671,0.282118239061327
"Carrera 43 - Comapan","Paloquemao",0.406902409687995,0.155293541010512,0.281097975349254
"San Facon Carrera 22","Tygua-San José",0.497665135520299,0.0637885614375581,0.280726848478928
"7 de Agosto","Flores",0.366417954091643,0.193500853862862,0.279959403977252
"Museo Nacional","Universidades CityU",0.512469463447216,0.0449678874705884,0.278718675458902
"Héroes - Colmena Seguros","La Castellana",0.399253687095471,0.157753881664294,0.278503784379883
"Virrey - Cendiatra","NQS Calle 75",0.250757625037954,0.299736761743207,0.275247193390581
"Suba - Calle 95","Polo - FINCOMERCIO",0.385859252509738,0.164396597888734,0.275127925199236
"Campin - UAN","Calle 57",0.273426872216905,0.271583289176632,0.272505080696769
"NQS Calle 75","Movistar Arena",0.128973745227179,0.415972430125294,0.272473087676236
"Country Sur","Olaya",0.451054332538684,0.0912379455438124,0.271146139041248
"San Diego","Calle 26 - Atrio",0.469953822252669,0.0713314190647435,0.270642620658706
"CDS Carrera 32","Santa Isabel",0.310846087994157,0.229059246540899,0.269952667267528
"Héroes - Colmena Seguros","Carrera 47",0.207387591469026,0.33068879786712,0.269038194668073
"Museo Nacional","Calle 26 - Atrio",0.502373031984204,0.0334648154257101,0.267918923704957
"Bicentenario","Guatoque - Veraguas",0.204907627364793,0.329253433882475,0.267080530623634
"San Diego","Las Aguas - Centro Colombo Americano",0.520922281371276,0.012690364952599,0.266806323161937
"Estación San Bernardo","Avenida Jiménez",0.444860169807976,0.0877206226653123,0.266290396236644
"Corferias","Concejo de Bogotá",0.426494294632831,0.106036109253036,0.266265201942934
"Ciudad Jardín - UAN","Restrepo",0.467120838435363,0.0621114050658761,0.264616121750619
"Virrey - Cendiatra","San Martín",0.397616560675954,0.131389442389316,0.264503001532635
"Guatoque - Veraguas","Avenida Jiménez",0.223929499489308,0.304079630748032,0.26400456511867
"San Diego","Avenida Jiménez",0.428165663222412,0.0989157665420173,0.263540714882215
"Carrera 53","Polo - FINCOMERCIO",0.316882949589979,0.210118696383367,0.263500822986673
"Centro Memoria","CAD",0.408527490853001,0.118470597636963,0.263499044244982
"Tygua-San José","Calle 22",0.300210493500998,0.22609531283639,0.263152903168694
"Las Aguas - Centro Colombo Americano","Avenida Jiménez",0.440896078254801,0.0850180571132443,0.262957067684022
"Concejo de Bogotá","Calle 22",0.225784119563756,0.29939802594229,0.262591072753023
"Escuela Militar","7 de Agosto",0.241708136507061,0.282077248848768,0.261892692677915
"Estación San Bernardo","Hortúa",0.455110772161284,0.0678206489198834,0.261465710540584
"Salitre El Greco - Vive Claro","Ciudad Universitaria- Lotería de Bogotá",0.12621769729754,0.390880348209958,0.258549022753749
"Policarpa","Hortúa",0.439596335109692,0.0751148233489797,0.257355579229336
"Quinta Paredes","Universidad Nacional",0.39496125528275,0.119533267043011,0.25724726116288
"San Diego","Museo Del Oro",0.493331055976429,0.0205447260276366,0.256937891002033
"CAN - British Council","Ciudad Universitaria- Lotería de Bogotá",0.193957714041558,0.315675746493195,0.254816730267376
"Ciudad Universitaria- Lotería de Bogotá","CAD",0.377914714613696,0.129413875505183,0.25366429505944
"La Castellana","Suba Calle 100",0.485666120019712,0.0191484354943472,0.25240727775703
"Estación San Bernardo","Tygua-San José",0.334912629058123,0.169862821005491,0.252387725031807
"Carrera 43 - Comapan","CAD",0.336980312977222,0.166902621118974,0.251941467048098
"Héroes - Colmena Seguros","Rionegro",0.285720256690102,0.217970562059499,0.2518454093748
"Suba - Calle 95","Carrera 47",0.432884492503087,0.0703897813000817,0.251637136901584
"Virrey - Cendiatra","Carrera 47",0.238032361235485,0.264300987176357,0.251166674205921
"San Victorino","Museo Del Oro",0.463906886626233,0.0376470025189596,0.250776944572596
"Calle 85 - Gato Dumas","Rionegro",0.344934648795833,0.156462872757399,0.250698760776616
"Bicentenario","San Diego",0.237959856279857,0.260225443317641,0.249092649798749
"Zona Industrial","Comuneros",0.33263329765502,0.165155769778773,0.248894533716897
"Estación San Bernardo","Museo Del Oro",0.372978917865645,0.124388123456262,0.248683520660953
"Calle 161","Alcalá - Colegio S. Tomás Dominicos",0.118709005773045,0.378278705543762,0.248493855658404
"Calle 85 - Gato Dumas","San Martín",0.380485057256672,0.116320122352799,0.248402589804736
"Héroes - Colmena Seguros","San Martín",0.339573886173303,0.156909110832895,0.248241498503099
"Portal Sur - JFK Coop. Financiera","La Despensa",0.143761022553053,0.350491702147889,0.247126362350471
"Venecia","Cl38A sur - CENTRO MAYOR",0.142877987716017,0.347670357873577,0.245274172794797
"Portal Norte - Unicervantes ","Calle 146",0.179661609492017,0.310308677414737,0.244985143453377
"Country Sur","Ciudad Jardín - UAN",0.238662618307809,0.250873328965678,0.244767973636743
"Ciudad Universitaria- Lotería de Bogotá","Campin - UAN",0.339457927702777,0.149718915750736,0.244588421726756
"Puente Aranda","Paloquemao",0.296412667584049,0.192373266605172,0.244392967094611
"Ricaurte","Tygua-San José",0.253887683422979,0.234624674378229,0.244256178900604
"Carrera 53","La Castellana",0.414400336171835,0.0740129399212589,0.244206638046547
"Héroes - Colmena Seguros","NQS Calle 75",0.313928372534933,0.172702677405301,0.243315524970117
"Ferias","Carrera 53",0.280369819001806,0.205882696118799,0.243126257560303
"Policarpa","Nariño",0.398618647322075,0.0876252633445305,0.243121955333303
"Transversal 86","Av Américas - Av. Boyacá",0.281982651764007,0.203944947020488,0.242963799392248
"Museo Nacional","Av. 39",0.451398407434951,0.0325632690168729,0.241980838225912
"San Victorino","De La Sabana",0.419163289575273,0.0646878163668951,0.241925552971084
"Ciudad Jardín - UAN","Bicentenario",0.256670710971067,0.226172360382479,0.241421535676773
"Marly","Flores",0.166946017820909,0.315368806995191,0.24115741240805
"San Facon Carrera 22","Paloquemao",0.379472629400159,0.102598998916415,0.241035814158287
"Santa Isabel","Tygua-San José",0.228764285014982,0.250256928359261,0.239510606687121
"Guatoque - Veraguas","Calle 22",0.23314677635524,0.243441919888218,0.238294348121729
"San Martín","Carrera 53",0.455960305700213,0.0188872137748973,0.237423759737555
"San Facon Carrera 22","Avenida Jiménez",0.340080566936568,0.134733221102389,0.237406894019478
"De La Sabana","Hortúa",0.177174209053328,0.296181696783488,0.236677952918408
"El Tiempo - Cámara De Comercio De Bogotá","CAN - British Council",0.275960916525748,0.197359638016437,0.236660277271093
"Museo Nacional","Calle 22",0.443137298595004,0.0283929934420918,0.235765146018548
"Calle 26 - Atrio","Marly",0.124604338634582,0.345759291180944,0.235181814907763
"Av. Eldorado","Calle 26 - Atrio",0.348568715983978,0.121026942812038,0.234797829398008
"Puente Aranda","CAD",0.255733296606131,0.213378052531346,0.234555674568738
"Corferias","Paloquemao",0.183748930613597,0.285264723503508,0.234506827058552
"Las Nieves","Tygua-San José",0.20110248868838,0.266475164705425,0.233788826696903
"Gratamira","Av. Suba - Calle 116",0.115625490528752,0.350556730109834,0.233091110319293
"Museo Nacional","Las Aguas - Centro Colombo Americano",0.448250997212365,0.0162264870884708,0.232238742150418
"Biblioteca Tintal","Mandalay",0.282125409015508,0.179012171393111,0.23056879020431
"Bicentenario","Nariño",0.271386740029187,0.187804573728535,0.229595656878861
"Avenida Cali","Boyacá",0.35693495376726,0.101705228795615,0.229320091281437
"Country Sur","Quiroga",0.319567509606622,0.138166647856963,0.228867078731793
"Calle 100 - Marketmedios","Avenida Chile",0.173186710173606,0.283102844335553,0.228144777254579
"Rionegro","Carrera 53",0.424746480162834,0.0315227743429937,0.228134627252914
"La Castellana","7 de Agosto",0.215175380532619,0.240382784922147,0.227779082727383
"Av. Primero de Mayo","Fucha",0.361546513335886,0.0921258248402972,0.226836169088092
"Quinta Paredes","Av. Eldorado",0.360646824140349,0.090247487620682,0.225447155880516
"Las Nieves","De La Sabana",0.389564465513381,0.0602555234724354,0.224909994492908
"Carrera 53","NQS Calle 75",0.411056958090287,0.0378791498250939,0.224468053957691
"Campin - UAN","CAD",0.0915924185176975,0.354989188913013,0.223290803715355
"San Mateo","La Despensa",0.299586475928018,0.146756987025822,0.22317173147692
"Calle 127","Av. Suba - Calle 116",0.323781465833478,0.12186913772923,0.222825301781354
"De La Sabana","Universidades CityU",0.216192492313101,0.228068988296042,0.222130740304571
"Ciudad Universitaria- Lotería de Bogotá","Calle 26 - Atrio",0.283125488557384,0.15991210656281,0.221518797560097
"Avenida 68","Escuela Militar",0.213981255387867,0.22712221924887,0.220551737318369
"Campin - UAN","Marly",0.244448401829575,0.195544412179192,0.219996407004383
"Museo Del Oro","Calle 22",0.330138057045637,0.109007245418208,0.219572651231923
"Virrey - Cendiatra","Suba - Calle 95",0.366455451462963,0.070891898284152,0.218673674873557
"Las Nieves","Calle 26 - Atrio",0.31858295369333,0.11863940938116,0.218611181537245
"Granja - cra 77","Avenida 68",0.210048973058835,0.224514277257351,0.217281625158093
"Carrera 47","Suba Calle 100",0.416763430069784,0.0175855051738484,0.217174467621816
"Centro Memoria","Universidad Nacional",0.362295242215596,0.0719142660355149,0.217104754125555
"Parque","Socorro",0.305043115400248,0.128879950298561,0.216961532849404
"Calle 85 - Gato Dumas","Avenida Chile",0.219002202267408,0.212686667634654,0.215844434951031
"Biblioteca","Quiroga",0.189492216142767,0.241707502687434,0.2155998594151
"Carrera 90","Minuto De Dios",0.352578222015294,0.0769283123833302,0.214753267199312
"Av. Primero de Mayo","Restrepo",0.341230110585717,0.087240728840135,0.214235419712926
"Calle 187","Mazurén",0.122495756111067,0.305265690785266,0.213880723448166
"Av. Suba - Calle 116","San Martín",0.108987303055849,0.318709352744344,0.213848327900096
"Rionegro","Avenida Chile",0.30759557619008,0.120021602296827,0.213808589243453
"Virrey - Cendiatra","Avenida Chile",0.167696232433669,0.250376717204068,0.209036474818868
"Museo Nacional","Museo Del Oro",0.39930301488861,0.0187087697107786,0.209005892299694
"Av Américas - Av. Boyacá","Distrito Grafiti",0.100791318093422,0.315646006927968,0.208218662510695
"San Diego","Av. 39",0.363989374767863,0.0519141545920067,0.207951764679935
"Av. Primero de Mayo","Nariño",0.327267885533268,0.0878617854078204,0.207564835470544
"Portal Suba","21 Ángeles",0.329041743046246,0.0856596420791001,0.207350692562673
"San Diego","Centro Memoria",0.286211798922726,0.128287727955759,0.207249763439242
"Movistar Arena","Calle 57",0.250268617429831,0.163341669352879,0.206805143391355
"Quinta Paredes","Campin - UAN",0.317948709374913,0.0952417285294936,0.206595218952203
"Ferias","Carrera 47",0.174905215736608,0.236337386018244,0.205621300877426
"Universidad Nacional","Marly",0.286899517997129,0.120818868139109,0.203859193068119
"NQS Calle 75","Calle 76",0.265343034434369,0.142227229913562,0.203785132173965
"Avenida Chile","Flores",0.325876531775661,0.0775551408836663,0.201715836329664
"Salitre El Greco - Vive Claro","Corferias",0.235301154841374,0.167231233050524,0.201266193945949
"Calle 146","Calle 127",0.0693605421515107,0.332176512841366,0.200768527496438
"San Victorino","Calle 22",0.311354875592324,0.0899274301759217,0.200641152884123
"Museo Nacional","Centro Memoria",0.357537736891025,0.0423492962829211,0.199943516586973
"Calle 187","Calle 146",0.0806284065085873,0.318021456649376,0.199324931578982
"San Victorino","Estación San Bernardo",0.291658409795237,0.106723314510257,0.199190862152747
"Zona Industrial","Santa Isabel",0.26105007951271,0.137142877856815,0.199096478684763
"Suba - Calle 95","NQS Calle 75",0.312390621574721,0.0836741272142172,0.198032374394469
"San Facon Carrera 22","Museo Del Oro",0.189681046900451,0.205155230763309,0.19741813883188
"Olaya","Hortúa",0.11925757649602,0.275096457609903,0.197177017052962
"Estación San Bernardo","Nariño",0.33971475654888,0.0546202920982445,0.197167524323562
"NQS Calle 75","Flores",0.300510088631548,0.0922295196759971,0.196369804153773
"Carrera 53","Suba Calle 100",0.388232972250274,0.00408850557001452,0.196160738910144
"Suba - Calle 95","Carrera 53",0.37611948238538,0.0161745005229083,0.196146991454144
"Zona Industrial","De La Sabana",0.102509281875227,0.289581960554381,0.196045621214804
"San Victorino","Universidades CityU",0.289549020617516,0.102128989574231,0.195839005095874
"Toberín- Foundever","Prado",0.0666294470800805,0.324907716141658,0.195768581610869
"Corferias","Centro Memoria",0.302683266912307,0.0887698699110864,0.195726568411697
"Guatoque - Veraguas","Nariño",0.163954571849263,0.226975029559603,0.195464800704433
"Portal 20  de Julio","Policarpa",0.200364154042902,0.190480242883719,0.195422198463311
"Perdomo","Venecia",0.119147485465127,0.271522186301966,0.195334835883546
"Policarpa","Tygua-San José",0.240848851769887,0.149401240072438,0.195125045921163
"Avenida Chile","Campin - UAN",0.134115502418095,0.255463020647744,0.19478926153292
"Gratamira","Humedal Córdoba",0.237634065163605,0.151673553216793,0.194653809190199
"Calle 127","Puentelargo",0.311930022914419,0.0763027014848235,0.194116362199621
"Bicentenario","Universidades CityU",0.281924579838097,0.10605684975085,0.193990714794474
"Molinos","Olaya",0.158903057282575,0.228693194405844,0.193798125844209
"Bicentenario","Las Aguas - Centro Colombo Americano",0.342061458023076,0.0447249655651282,0.193393211794102
"Av. Eldorado","Av. 39",0.281458795472274,0.10410215665712,0.192780476064697
"Mandalay","Pradera - Plaza Central",0.0978806287459407,0.28703014378432,0.19245538626513
"Boyacá","Carrera 47",0.115810210637812,0.269004391725878,0.192407301181845
"Héroes - Colmena Seguros","Marly",0.0875027677821325,0.295861352659315,0.191682060220724
"Carrera 53","Avenida Chile",0.344619077157592,0.0370484366835817,0.190833756920587
"Mazurén","Prado",0.129977101094851,0.251151550988862,0.190564326041856
"Calle 26 - Atrio","Calle 57",0.069699638383237,0.310940172850247,0.190319905616742
"La Campiña","Gratamira",0.219012530436047,0.16043104354258,0.189721786989313
"Calle 127","Virrey - Cendiatra",0.0607608693555778,0.318044741919314,0.189402805637446
"CAD","Calle 26 - Atrio",0.233855202014128,0.144539619321956,0.189197410668042
"CAD","Guatoque - Veraguas",0.123168926216664,0.255201850407633,0.189185388312149
"De La Sabana","Paloquemao",0.232618180992031,0.145309046022219,0.188963613507125
"Calle 100 - Marketmedios","Carrera 53",0.268630277410155,0.1070820326408,0.187856155025477
"CAD","Calle 22",0.232522417354936,0.143109160306413,0.187815788830675
"Puente Aranda","Marsella",0.0718642717165609,0.302647880540476,0.187256076128518
"Gobernacion","Campin - UAN",0.287351714880518,0.0871509377277474,0.187251326304132
"Quinta Paredes","Concejo de Bogotá",0.308108798438193,0.0657880808422554,0.186948439640224
"CDS Carrera 32","De La Sabana",0.188546177060562,0.184246489094241,0.186396333077402
"Carrera 43 - Comapan","Comuneros",0.268721357551793,0.103441850688766,0.18608160412028
"La Castellana","Calle 76",0.282235820702548,0.0894524578511138,0.185844139276831
"CDS Carrera 32","Guatoque - Veraguas",0.270769431615764,0.100378122896342,0.185573777256053
"Museo Nacional","Avenida Jiménez",0.339569838157352,0.0313769380559095,0.185473388106631
"Quirigua","Minuto De Dios",0.242889377908841,0.127436262449063,0.185162820178952
"San Victorino","Museo Nacional",0.195038153570163,0.175187880229094,0.185113016899628
"San Facon Carrera 22","Zona Industrial",0.193380559674862,0.175971577664353,0.184676068669608
"Bicentenario","De La Sabana",0.294239183290182,0.0715485745315886,0.182893878910885
"Calle 127","Humedal Córdoba",0.309173012818076,0.0552004812742659,0.182186747046171
"Las Aguas - Centro Colombo Americano","Calle 22",0.318470319675881,0.0434210721160783,0.18094569589598
"Boyacá","Carrera 53",0.194228059421034,0.16674905543253,0.180488557426782
"Quinta Paredes","Movistar Arena",0.259085707751893,0.0999543200319469,0.17952001389192
"Polo - FINCOMERCIO","Suba Calle 100",0.325239759321164,0.0318793723700079,0.178559565845586
"San Facon Carrera 22","CAD",0.259957241487403,0.0960925611250173,0.17802490130621
"Transversal 86","Marsella",0.202722188434813,0.153176159710169,0.177949174072491
"Las Nieves","Ciudad Universitaria- Lotería de Bogotá",0.0740763517641193,0.281648691470413,0.177862521617266
"Alcalá - Colegio S. Tomás Dominicos","Calle 106",0.0657535635613979,0.287627150975594,0.176690357268496
"Universidad Nacional","Calle 57",0.236272064146686,0.116548713667994,0.17641038890734
"El Tiempo - Cámara De Comercio De Bogotá","Gobernacion",0.171050266550542,0.181503050307704,0.176276658429123
"Héroes - Colmena Seguros","Avenida Chile",0.24177496675005,0.110267739994505,0.176021353372278
"Calle 85 - Gato Dumas","Flores",0.193582041439568,0.157770065777079,0.175676053608324
"Portal Tunal","Socorro",0.20486114788727,0.145799424920831,0.175330286404051
"San Victorino","Las Aguas - Centro Colombo Americano",0.3368646754903,0.0118862530613474,0.174375464275824
"Gobernacion","Universidad Nacional",0.2901679296491,0.0579294438665459,0.174048686757823
"Prado","Niza - Calle 127",0.270279026971407,0.0777789522082426,0.174028989589825
"Las Nieves","Estación San Bernardo",0.304547651164786,0.0429890760705671,0.173768363617676
"Ciudad Universitaria- Lotería de Bogotá","Movistar Arena",0.248999591278741,0.0975220204873913,0.173260805883066
"Calle 106","Suba - Calle 95",0.302621063296867,0.0437304409241457,0.173175752110506
"Polo - FINCOMERCIO","7 de Agosto",0.270193495256121,0.0760388974846193,0.17311619637037
"Calle 106","Puentelargo",0.292178835376925,0.0535221095412448,0.172850472459085
"NQS Calle 30 SUR","Quiroga",0.154000149145626,0.191356662272209,0.172678405708918
"Biblioteca","Consuelo",0.268005046632202,0.0770328893421661,0.172518967987184
"Concejo de Bogotá","Paloquemao",0.272971213717832,0.0713953212335212,0.172183267475677
"Country Sur","Restrepo",0.290224614482485,0.0533274592793925,0.171776036880939
"Calle 106","Suba Calle 100",0.324791465909651,0.0185947387790836,0.171693102344367
"Portal 20  de Julio","Ciudad Jardín - UAN",0.186971394027918,0.153962953846522,0.17046717393722
"Puente Aranda","Comuneros",0.1997288515785,0.140398338122602,0.170063594850551
"Estación San Bernardo","Las Aguas - Centro Colombo Americano",0.267803224702237,0.0717666321564348,0.169784928429336
"Consuelo","Olaya",0.17313087913901,0.165084873809665,0.169107876474338
"CDS Carrera 32","Museo Del Oro",0.0723603236229221,0.264443247482023,0.168401785552473
"Gobernacion","Movistar Arena",0.255514757856578,0.0806186870351119,0.168066722445845
"Avenida Chile","Calle 76",0.235111140295102,0.100733037790175,0.167922089042639
"Calle 100 - Marketmedios","Puentelargo",0.273332647164992,0.062125047119605,0.167728847142298
"Portal 80","Minuto De Dios",0.183397111078384,0.151862624709083,0.167629867893734
"San Martín","Calle 76",0.220984907733512,0.112467879636877,0.166726393685195
"Av. Primero de Mayo","Bicentenario",0.145653861898543,0.186765225742282,0.166209543820413
"Paloquemao","Calle 22",0.215977307863172,0.112936779660468,0.16445704376182
"Carrera 47","Calle 76",0.140868428417097,0.187649814675858,0.164259121546478
"De La Sabana","CAD",0.176627154380515,0.151519778848844,0.16407346661468
"Concejo de Bogotá","Campin - UAN",0.241630510442978,0.0847941688002421,0.16321233962161
"Bicentenario","Museo Nacional",0.155550870996162,0.170315215717921,0.162933043357042
"CAD","Av. 39",0.188576647580699,0.137260349578259,0.162918498579479
"De La Sabana","Las Aguas - Centro Colombo Americano",0.235944530593338,0.0892814981986039,0.162613014395971
"Calle 127","Niza - Calle 127",0.252827893820469,0.0717409882454715,0.16228444103297
"Gobernacion","Concejo de Bogotá",0.185628425214825,0.138097118799104,0.161862772006965
"Biblioteca Tintal","Av Américas - Av. Boyacá",0.149539776932547,0.17249918179261,0.161019479362578
"Bicentenario","Comuneros",0.137532724440309,0.181974615455149,0.159753669947729
"Puentelargo","Escuela Militar",0.173933324253403,0.14519548776126,0.159564406007331
"Universidad Nacional","Av. 39",0.218110614811726,0.100679954986192,0.159395284898959
"Virrey - Cendiatra","Suba Calle 100",0.298439267694009,0.0199204509635771,0.159179859328793
"NQS Calle 75","Suba Calle 100",0.273725600983553,0.0445615781600872,0.15914358957182
"Country Sur","Fucha",0.276455818232635,0.0415440808232577,0.158999949527946
"Distrito Grafiti","CAD",0.132545010020157,0.185004721699162,0.15877486585966
"Distrito Grafiti","Paloquemao",0.158849359371055,0.158108863635211,0.158479111503133
"Venecia","NQS Calle 30 SUR",0.0809962941291922,0.235615017857106,0.158305655993149
"Ricaurte","Calle 22",0.155489418040881,0.161033973652973,0.158261695846927
"Santa Isabel","Hortúa",0.183869670574782,0.130758792797873,0.157314231686327
"San Victorino","Guatoque - Veraguas",0.167434341027411,0.146805544915255,0.157119942971333
"Calle 85 - Gato Dumas","Suba - Calle 95",0.262233327851857,0.0505069461228245,0.156370136987341
"Portal El Dorado – C.C Nuestro Bogotá","El Tiempo - Cámara De Comercio De Bogotá",0.10634507907358,0.203481868518578,0.154913473796079
"Carrera 47","7 de Agosto",0.217370649084772,0.091822753195466,0.154596701140119
"Paloquemao","Avenida Jiménez",0.179538468561368,0.129361815666333,0.154450142113851
"Santa Lucía","Restrepo",0.0715859637625573,0.237310149886568,0.154448056824563
"Portal Américas","Banderas",0.132843506464764,0.175917240098907,0.154380373281835
"Ciudad Universitaria- Lotería de Bogotá","Paloquemao",0.224366772939751,0.0840784428359306,0.154222607887841
"Prado","Humedal Córdoba",0.262639290038818,0.0441764932817347,0.153407891660276
"7 de Agosto","Calle 76",0.166465624330125,0.139751550001554,0.15310858716584
"San Facon Carrera 22","Calle 26 - Atrio",0.209493609563242,0.0953001836865994,0.152396896624921
"Carrera 43 - Comapan","San Facon Carrera 22",0.132549827061255,0.171752604455632,0.152151215758444
"Carrera 43 - Comapan","Santa Isabel",0.214897831095612,0.0889896353345385,0.151943733215075
"Alquería","Santa Isabel",0.0725969554344953,0.230888153236016,0.151742554335256
"Pepe Sierra - Utel Universidad","Puentelargo",0.258790150526539,0.0444158599174212,0.15160300522198
"Ciudad Universitaria- Lotería de Bogotá","Av. 39",0.204080496402772,0.0989355204003792,0.151508008401576
"Las Nieves","Av. 39",0.22386518075194,0.0788850934274753,0.151375137089708
"Av. Eldorado","Marly",0.230062703708682,0.0723665362281684,0.151214619968425
"Comuneros","Hortúa",0.183201601347856,0.118831622876444,0.15101661211215
"Movistar Arena","Flores",0.21195662920608,0.0893206989690758,0.150638664087578
"Centro Memoria","Paloquemao",0.239065311589773,0.0621075138818869,0.15058641273583
"Movistar Arena","CAD",0.0608186769940178,0.239945027971878,0.150381852482948
"Carrera 90","Boyacá",0.240064031077437,0.0601314728396443,0.150097751958541
"Concejo de Bogotá","Marly",0.17818617474145,0.121381392543744,0.149783783642597
"San Martín","Flores",0.202580093289542,0.0964664638941715,0.149523278591857
"Estación San Bernardo","Guatoque - Veraguas",0.187997437065004,0.111018982989828,0.149508210027416
"Héroes - Colmena Seguros","Suba - Calle 95",0.207049211437074,0.0918552869993607,0.149452249218217
"Centro Memoria","Avenida Jiménez",0.147402196068674,0.151238627192976,0.149320411630825
"Parque","Quiroga",0.111679838510797,0.185457060675026,0.148568449592912
"Universidad Nacional","Calle 26 - Atrio",0.211257592176137,0.0856235610913364,0.148440576633737
"NQS Calle 75","Campin - UAN",0.0873197910852156,0.207963374592452,0.147641582838834
"Calle 146","Pepe Sierra - Utel Universidad",0.0691522389604433,0.22579830151768,0.147475270239062
"Movistar Arena","Marly",0.198716166192657,0.0955025414351647,0.147109353813911
"Salitre El Greco - Vive Claro","Campin - UAN",0.176709038546803,0.11699117121753,0.146850104882166
"CAN - British Council","Campin - UAN",0.231422090393647,0.0608623699803683,0.146142230187008
"Av. Primero de Mayo","Olaya",0.234217343208154,0.0578769370349686,0.146047140121561
"Concejo de Bogotá","Universidades CityU",0.0886893710340735,0.203014345141163,0.145851858087618
"CAN - British Council","Movistar Arena",0.222388581925886,0.069229056855079,0.145808819390482
"Campin - UAN","Flores",0.178502239204168,0.112555846523958,0.145529042864063
"Museo Del Oro","Calle 26 - Atrio",0.219661232768427,0.070608844065139,0.145135038416783
"Parque","Consuelo",0.222802060089097,0.0673353679109352,0.145068714000016
"Salitre El Greco - Vive Claro","Movistar Arena",0.180158489995747,0.109610677232785,0.144884583614266
"Puente Aranda","Santa Isabel",0.163244096705954,0.126341332641221,0.144792714673587
"Biblioteca","Molinos",0.199726483218133,0.0896540209243075,0.14469025207122
"Avenida Cali","Ferias",0.255997962212023,0.0331321844818536,0.144565073346939
"Carrera 47","Flores",0.146085510744664,0.142950626634161,0.144518068689412
"NQS Calle 30 SUR","Ricaurte",0.0992029787479746,0.18916311102033,0.144183044884152
"Minuto De Dios","Carrera 53",0.123893582940663,0.163670345985393,0.143781964463028
"La Castellana","Flores",0.250242996399967,0.036979494571876,0.143611245485922
"Cl38A sur - CENTRO MAYOR","Quiroga",0.13859097594005,0.147118614598191,0.14285479526912
"Quiroga","Nariño",0.100262023042264,0.185137701958654,0.142699862500459
"San Facon Carrera 22","Comuneros",0.224651999848518,0.0604816025056629,0.14256680117709
"San Diego","De La Sabana",0.27038485423194,0.0144596810913789,0.14242226766166
"Danubio","Santa Lucía",0.18093081325369,0.103646950573738,0.142288881913714
"Policarpa","Fucha",0.246064757873309,0.0376763179203587,0.141870537896834
"Fucha","Avenida Jiménez",0.0597405363842241,0.22388243307202,0.141811484728122
"Distrito Grafiti","Comuneros",0.132299851844026,0.151321281698973,0.1418105667715
"Zona Industrial","Guatoque - Veraguas",0.180867171348668,0.102097514756358,0.141482343052513
"Paloquemao","Calle 26 - Atrio",0.185432361453068,0.0967501230149995,0.141091242234034
"Gratamira","Puentelargo",0.0614178817171845,0.215591211477708,0.138504546597446
"Tygua-San José","Fucha",0.130199497883658,0.146482228437036,0.138340863160347
"Humedal Córdoba","Suba - Calle 95",0.104323747218427,0.171761871258918,0.138042809238672
"Universidades CityU","Hortúa",0.0624322903540089,0.213574859449255,0.138003574901632
"Calle 106","Rionegro",0.207502139911149,0.0681192667849082,0.137810703348029
"Quinta Paredes","Centro Memoria",0.206279662791945,0.0691956835235826,0.137737673157764
"Country Sur","Policarpa",0.137672191631627,0.136776896770702,0.137224544201165
"Calle 22","Marly",0.0705876490032551,0.203540200855545,0.1370639249294
"C.C Paseo Villa Del Rio - Madelena","General Santander",0.0602992827871409,0.213187882205443,0.136743582496292
"Prado","Av. Suba - Calle 116",0.203537979351432,0.0688625773152585,0.136200278333345
"Pepe Sierra - Utel Universidad","Av. Suba - Calle 116",0.219119455804745,0.0531652397904333,0.136142347797589
"Santa Isabel","Nariño",0.165016691049315,0.106794654171427,0.135905672610371
"Calle 106","Av. Suba - Calle 116",0.215334326006452,0.0562321942658282,0.13578326013614
"Bicentenario","Santa Isabel",0.120778232201275,0.149937649830891,0.135357941016083
"Gobernacion","Centro Memoria",0.116833294676466,0.153462919008836,0.135148106842651
"Zona Industrial","Calle 26 - Atrio",0.074453108250635,0.195759370184243,0.135106239217439
"Alcalá - Colegio S. Tomás Dominicos","Niza - Calle 127",0.206806781803851,0.0628970311150541,0.134851906459453
"Av. 39","Flores",0.0619863865975698,0.207383232721314,0.134684809659442
"Rionegro","Flores",0.143289861956274,0.12607667941117,0.134683270683722
"Alcalá - Colegio S. Tomás Dominicos","Suba - Av. Boyacá",0.199739803806031,0.069587299902262,0.134663551854146
"Estación San Bernardo","Comuneros",0.132721388669727,0.136293427437052,0.134507408053389
"Calle 100 - Marketmedios","Calle 76",0.125025900030666,0.143817065156981,0.134421482593824
"Calle 161","Terminal",0.136578255960435,0.132191329846143,0.134384792903289
"De La Sabana","Comuneros",0.157942359573967,0.109957924790489,0.133950142182228
"Las Aguas - Centro Colombo Americano","Calle 26 - Atrio",0.236062843831979,0.0315516672953882,0.133807255563684
"Pradera - Plaza Central","Ricaurte",0.093904198909241,0.173579476474133,0.133741837691687
"Banderas","Pradera - Plaza Central",0.0624506700980884,0.203663517482032,0.13305709379006
"Av. Primero de Mayo","Hortúa",0.219198200961591,0.0462159343811568,0.132707067671374
"Gobernacion","Av. Eldorado",0.231325300407215,0.0334613594780591,0.132393329942637
"Prado","Suba - Av. Boyacá",0.201818802198672,0.0629483469880717,0.132383574593372
"Carrera 43 - Comapan","De La Sabana",0.0678588282117296,0.196409042995022,0.132133935603376
"Distrito Grafiti","Santa Isabel",0.115759504059878,0.148218292939927,0.131988898499902
"7 de Agosto","Av. Eldorado",0.0707561017002868,0.192472757806711,0.131614429753499
"Hortúa","Calle 26 - Atrio",0.0428134952380702,0.220356098560557,0.131584796899314
"San Victorino","San Facon Carrera 22",0.256243610911535,0.00663215317904854,0.131437882045292
"Las Nieves","Concejo de Bogotá",0.132193222031627,0.130303821395734,0.13124852171368
"Alcalá - Colegio S. Tomás Dominicos","Gratamira",0.186692371458347,0.0757514503916252,0.131221910924986
"Pepe Sierra - Utel Universidad","Suba Calle 100",0.249281484406722,0.0129125652323056,0.131097024819514
"Las Nieves","San Facon Carrera 22",0.25592029895057,0.00616492286484728,0.131042610907709
"Danubio","Quiroga",0.0968839648871994,0.164687128306273,0.130785546596736
"General Santander","Quiroga",0.100307210087224,0.158910071875832,0.129608640981528
"Portal 20  de Julio","Restrepo",0.195908913955004,0.0630724434237973,0.129490678689401
"Av. Suba - Calle 116","Ferias",0.196353273973442,0.061916345555963,0.129134809764702
"Calle 142","Gratamira",0.185092590686094,0.0728940909203502,0.128993340803222
"Policarpa","San Victorino",0.176072438059414,0.0817325311052417,0.128902484582328
"Puentelargo","Avenida 68",0.223851902357105,0.0338898505604034,0.128870876458754
"Calle 142","Pepe Sierra - Utel Universidad",0.0561848694465636,0.20063896287739,0.128411916161977
"7 de Agosto","Calle 57",0.154576518235505,0.101726955908303,0.128151737071904
"Ricaurte","Hortúa",0.117181578478054,0.137226561456688,0.127204069967371
"Zona Industrial","Concejo de Bogotá",0.159722756174491,0.0940261101366641,0.126874433155578
"Estación San Bernardo","De La Sabana",0.22749343286291,0.0261345805620714,0.12681400671249
"CDS Carrera 32","Av. Eldorado",0.148044320324066,0.104522752220878,0.126283536272472
"Calle 161","Prado",0.0566449469980905,0.195632683256137,0.126138815127114
"NQS Calle 30 SUR","Olaya",0.143016257183292,0.106238216979094,0.124627237081193
"Héroes - Colmena Seguros","Avenida 68",0.0749734268864824,0.173996162118275,0.124484794502379
"Pepe Sierra - Utel Universidad","Suba - Calle 95",0.223078312213901,0.0257494244690331,0.124413868341467
"Portal 20  de Julio","Olaya",0.197974007323841,0.0508139618203017,0.124393984572071
"NQS Calle 30 SUR","Paloquemao",0.0492783409362482,0.199168607934333,0.124223474435291
"Biblioteca","Olaya",0.0941860365100946,0.15416294876609,0.124174492638092
"Calle 85 - Gato Dumas","7 de Agosto",0.108996709422988,0.1375847119776,0.123290710700294
"Comuneros","Avenida Jiménez",0.138484660336611,0.107226943267929,0.12285580180227
"Quirigua","Boyacá",0.15700290220592,0.0881842670971867,0.122593584651553
"Rionegro","7 de Agosto",0.13081476982617,0.114240202945442,0.122527486385806
"Héroes - Colmena Seguros","7 de Agosto",0.133836834954396,0.11095894134178,0.122397888148088
"San Victorino","Hortúa",0.189981568303358,0.0547217332737525,0.122351650788555
"Parque","Molinos",0.1652381845222,0.079087937740938,0.122163061131569
"San Victorino","Calle 26 - Atrio",0.193964532444429,0.0470649254385948,0.120514728941512
"Av. Suba - Calle 116","Avenida 68",0.192023598051356,0.0488525501314822,0.120438074091419
"Av. Suba - Calle 116","Escuela Militar",0.101436519060522,0.138530156929378,0.11998333799495
"Santa Isabel","Fucha",0.144494432484404,0.0952617434360735,0.119878087960239
"Country Sur","Calle 40 Sur",0.206642701056972,0.0315215842816262,0.119082142669299
"Policarpa","Guatoque - Veraguas",0.140108428211019,0.0979671402264257,0.119037784218722
"Av. Rojas - UNISALESIANA","CAN - British Council",0.15866110202576,0.0791520901238433,0.118906596074802
"Ricaurte","Calle 26 - Atrio",0.114427418926171,0.123378301386206,0.118902860156188
"Humedal Córdoba","Ferias",0.137002620146169,0.100710399746958,0.118856509946564
"Suba - Calle 95","Avenida Chile",0.21081500809377,0.0266536784293259,0.118734343261548
"Estación San Bernardo","Santa Isabel",0.123524263393893,0.113773578149117,0.118648920771505
"CAN - British Council","Universidad Nacional",0.198700995552431,0.0376985380007556,0.118199766776593
"Concejo de Bogotá","Calle 57",0.113159843633119,0.123107156420994,0.118133500027056
"Comuneros","Nariño",0.146878557111538,0.089361819134948,0.118120188123243
"Portal 20  de Julio","Fucha",0.187001182759845,0.0485235230666529,0.117762352913249
"Policarpa","Restrepo",0.206330365955828,0.0287213312922526,0.11752584862404
"Santa Isabel","Restrepo",0.135498057102703,0.0990575362999444,0.117277796701323
"San Diego","Concejo de Bogotá",0.188455191895609,0.0455225435537627,0.116988867724686
"Ferias","Escuela Militar",0.114373375206289,0.11916699131444,0.116770183260364
"San Diego","Tygua-San José",0.119312409428069,0.114023576864127,0.116667993146098
"Estación San Bernardo","Universidades CityU",0.215026631165201,0.017932917076214,0.116479774120708
"Biblioteca Tintal","Marsella",0.10264760302023,0.130268321503314,0.116457962261772
"Portal 20  de Julio","Quiroga",0.138957324312194,0.0924272525513863,0.11569228843179
"Rionegro","Avenida 68",0.181151976834411,0.0499945091227497,0.115573242978581
"De La Sabana","Centro Memoria",0.180809596327819,0.0496002431268876,0.115204919727353
"Av. Suba - Calle 116","Boyacá",0.167947059660439,0.0624188952781851,0.115182977469312
"Centro Memoria","Campin - UAN",0.173317423333489,0.0567609354922106,0.11503917941285
"Bicentenario","Paloquemao",0.09088394388321,0.138857779142518,0.114870861512864
"Portal 80","Boyacá",0.115161563236996,0.113001595076657,0.114081579156826
"Portal Tunal","Quiroga",0.0810153000311443,0.146986721307116,0.11400101066913
"Puente Aranda","Corferias",0.190411176609399,0.0371606516263728,0.113785914117886
"Puentelargo","Carrera 53",0.221137985061821,0.0058382921586889,0.113488138610255
"Museo Del Oro","Tygua-San José",0.194305020446651,0.0320412457169372,0.113173133081794
"NQS Calle 30 SUR","Calle 40 Sur",0.14353522592252,0.0825245746036225,0.113029900263071
"Zona Industrial","Corferias",0.201096018311354,0.0246957358416865,0.112895877076521
"Policarpa","Comuneros",0.106390668096029,0.117662805659011,0.11202673687752
"Carrera 43 - Comapan","Corferias",0.205721140333967,0.0183106513339899,0.112015895833978
"21 Ángeles","Humedal Córdoba",0.0976776706805946,0.125282440708933,0.111480055694764
"Calle 142","Calle 106",0.0364685514679938,0.185481013299045,0.110974782383519
"Campin - UAN","Av. 39",0.114237363195542,0.107682916207152,0.110960139701347
"Ciudad Universitaria- Lotería de Bogotá","Marly",0.175406898871943,0.0461859662965281,0.110796432584236
"San Diego","Ciudad Universitaria- Lotería de Bogotá",0.106548451713127,0.114874815099794,0.11071163340646
"Movistar Arena","Calle 76",0.123306910279349,0.0976845097010257,0.110495709990187
"Quinta Paredes","CAD",0.17994392276765,0.0410260872173984,0.110485004992524
"Pepe Sierra - Utel Universidad","Calle 85 - Gato Dumas",0.0725863504469539,0.148307747841001,0.110447049143977
"Alquería","Quiroga",0.067220901658994,0.153460468457865,0.11034068505843
"Calle 85 - Gato Dumas","Suba Calle 100",0.208146118270958,0.012314717028287,0.110230417649622
"Bicentenario","Fucha",0.147645557013336,0.0724929324254133,0.110069244719375
"Quiroga","Hortúa",0.0583200880564544,0.161578374839241,0.109949231447848
"Calle 85 - Gato Dumas","Carrera 53",0.141424420881135,0.0783956628162295,0.109910041848682
"Cl38A sur - CENTRO MAYOR","Calle 40 Sur",0.153182051359632,0.066543937350846,0.109862994355239
"San Facon Carrera 22","Las Aguas - Centro Colombo Americano",0.135864238755356,0.0835828324031727,0.109723535579264
"Bicentenario","Ricaurte",0.123483859268844,0.0948108345417238,0.109147346905284
"Country Sur","Estación San Bernardo",0.0970042938746091,0.121013066168311,0.10900868002146
"San Facon Carrera 22","Centro Memoria",0.20716169462181,0.010768048235941,0.108964871428875
"San Diego","Estación San Bernardo",0.175539213784284,0.0421621866136111,0.108850700198948
"Puentelargo","Ferias",0.183664714958633,0.0336663386976034,0.108665526828118
"Guatoque - Veraguas","Restrepo",0.0964067825466678,0.12075910597057,0.108582944258619
"Portal Usme","Consuelo",0.0532588441201637,0.163737615479743,0.108498229799953
"Puentelargo","Carrera 47",0.196948002910523,0.0198858250639676,0.108416913987245
"Estación San Bernardo","Fucha",0.19410445392072,0.0226536286476488,0.108379041284184
"Zona Industrial","Avenida Jiménez",0.0773560748046406,0.139377723498354,0.108366899151497
"Prado","Gratamira",0.159557638976433,0.0570281067359639,0.108292872856198
"Puente Aranda","Quinta Paredes",0.2028560068103,0.0135411893265253,0.108198598068413
"Museo Nacional","De La Sabana",0.209453067343167,0.00651170169308622,0.107982384518127
"La Campiña","Suba - Av. Boyacá",0.142564396829742,0.0733994648389154,0.107981930834329
"Country Sur","Molinos",0.143838216800786,0.072018599042048,0.107928407921417
"Alquería","Comuneros",0.0503973896513351,0.16498179975838,0.107689594704858
"Virrey - Cendiatra","Carrera 53",0.158233462876883,0.0570424058937182,0.1076379343853
"Country Sur","Nariño",0.190325632749482,0.0243660172583969,0.107345825003939
"Perdomo","La Despensa",0.0942920386617859,0.119820770475342,0.107056404568564
"San Diego","CAD",0.181488653294084,0.0319825350774883,0.106735594185786
"Av. Eldorado","Calle 57",0.157616617271465,0.0558461241011411,0.106731370686303
"Policarpa","Santa Isabel",0.107339246122304,0.10599326193385,0.106666254028077
"Museo Nacional","Concejo de Bogotá",0.201618368253172,0.011687865460765,0.106653116856968
"Puente Aranda","De La Sabana",0.0423113085739783,0.170946043785266,0.106628676179622
"San Martín","Avenida 68",0.186184463410132,0.026847283784312,0.106515873597222
"General Santander","Calle 40 Sur",0.128600120083706,0.0844251799509388,0.106512650017322
"CDS Carrera 32","Concejo de Bogotá",0.19816395019223,0.0134899887989667,0.105826969495598
"Museo Del Oro","Av. 39",0.150951096242822,0.0605856962930036,0.105768396267913
"San Victorino","Centro Memoria",0.123698460983441,0.0878345396562727,0.105766500319857
"Corferias","7 de Agosto",0.0808380929293488,0.130671478566203,0.105754785747776
"Calle 100 - Marketmedios","Av. Suba - Calle 116",0.159800302120246,0.0508263334772912,0.105313317798768
"Ciudad Jardín - UAN","Tygua-San José",0.155715377360036,0.054836983071389,0.105276180215713
"Concejo de Bogotá","Movistar Arena",0.169077642856996,0.0412547661510518,0.105166204504024
"Country Sur","Consuelo",0.135754075599243,0.0736552768532112,0.104704676226227
"Campin - UAN","Calle 76",0.0924956192673197,0.116158772846551,0.104327196056935
"Niza - Calle 127","Rionegro",0.0394752277589418,0.168565451394738,0.10402033957684
"Humedal Córdoba","Boyacá",0.134695422708182,0.0717848060925537,0.103240114400368
"Calle 40 Sur","Nariño",0.0555448895230173,0.150897469031143,0.10322117927708
"Toberín- Foundever","Terminal",0.11743144374007,0.0885999858569722,0.103015714798521
"Zona Industrial","Ciudad Universitaria- Lotería de Bogotá",0.170399317510641,0.0355064559515013,0.102952886731071
"Calle 100 - Marketmedios","7 de Agosto",0.0690402090971948,0.136836850954083,0.102938530025639
"Museo Nacional","CAD",0.172416431949271,0.0332811422455254,0.102848787097398
"Las Aguas - Centro Colombo Americano","Av. 39",0.176227858467367,0.029451796200355,0.102839827333861
"San Facon Carrera 22","Santa Isabel",0.160110707406504,0.0454488311514563,0.10277976927898
"De La Sabana","Santa Isabel",0.11596950951322,0.0894665089402841,0.102718009226752
"Alcalá - Colegio S. Tomás Dominicos","Humedal Córdoba",0.175176138652015,0.0301614893250078,0.102668813988511
"Calle 142","Suba - Av. Boyacá",0.155981546993273,0.0493277909596513,0.102654668976462
"Danubio","Calle 40 Sur",0.115413687900207,0.0896954706060608,0.102554579253134
"Bicentenario","San Facon Carrera 22",0.193683282698822,0.010947402288322,0.102315342493572
"Tygua-San José","Restrepo",0.109287377953448,0.0944062684167504,0.101846823185099
"San Diego","San Facon Carrera 22",0.20124076140161,0.00202246088855895,0.101631611145084
"Sevillana","NQS Calle 30 SUR",0.0493414248182855,0.153913391778931,0.101627408298608
"Niza - Calle 127","Suba Calle 100",0.0785483807647259,0.124048190224216,0.101298285494471
"Calle 85 - Gato Dumas","Avenida 68",0.0867566528132728,0.115793763307132,0.101275208060203
"Carrera 43 - Comapan","Quinta Paredes",0.196912950501497,0.00557148335380955,0.101242216927653
"Ciudad Universitaria- Lotería de Bogotá","Calle 22",0.131284762398652,0.0708083532131041,0.101046557805878
"Av. Eldorado","Calle 22",0.158805396933139,0.0430357576933029,0.100920577313221
"Las Nieves","Guatoque - Veraguas",0.126518570171927,0.0751400042901579,0.100829287231042
"Virrey - Cendiatra","7 de Agosto",0.072664151184594,0.128856048617888,0.100760099901241
"Suba - Calle 95","Avenida 68",0.169858734208706,0.0306647194909106,0.100261726849808
"Polo - FINCOMERCIO","Calle 57",0.0600709185192056,0.139964260945844,0.100017589732525
"San Facon Carrera 22","Concejo de Bogotá",0.184653741350621,0.0150581784258051,0.0998559598882128
"Concejo de Bogotá","Ricaurte",0.147549044975136,0.0519653134705743,0.0997571792228551
"Portal Sur - JFK Coop. Financiera","León XIII",0.0840873439964117,0.115359229759687,0.0997232868780494
"Calle 106","Escuela Militar",0.10695309426932,0.0924894886123995,0.0997212914408596
"Calle 106","Carrera 47",0.0990783549167655,0.100252648028234,0.0996655014724999
"Cl38A sur - CENTRO MAYOR","Ricaurte",0.0569513944778083,0.142069604253222,0.0995104993655154
"Portal Tunal","Consuelo",0.143344344291621,0.0556187813524886,0.0994815628220549
"Avenida 68","Suba Calle 100",0.189836966898217,0.00843128672216494,0.099134126810191
"Mazurén","Terminal",0.0674890925307347,0.129783813241787,0.0986364528862611
"Centro Memoria","Marly",0.139330058891182,0.0579172491188173,0.0986236540049997
"Humedal Córdoba","Suba Calle 100",0.136439901195417,0.0606994517318713,0.0985696764636441
"Avenida Chile","Suba Calle 100",0.183364150347371,0.0127646897975457,0.0980644200724583
"Prado","Puentelargo",0.161550390856881,0.0339395607097436,0.0977449757833125
"CDS Carrera 32","Calle 22",0.14971705145448,0.0453950320425858,0.0975560417485331
"San Facon Carrera 22","Hortúa",0.141011814097234,0.0540679282170087,0.0975398711571211
"CAD","Tygua-San José",0.0999918340614312,0.095059011654205,0.0975254228578181
"CDS Carrera 32","Tygua-San José",0.17285834341255,0.0221468993880479,0.0975026214002989
"Avenida 68","La Castellana",0.162735057304531,0.0322255074683727,0.097480282386452
"Calle 100 - Marketmedios","Avenida 68",0.109588518421402,0.0848606100954107,0.0972245642584063
"San Victorino","Paloquemao",0.129327370314699,0.0651143607649838,0.0972208655398414
"Museo Del Oro","Ricaurte",0.091965357383713,0.101147518288974,0.0965564378363435
"NQS Calle 30 SUR","Restrepo",0.118321644087892,0.0746963157026128,0.0965089798952522
"Policarpa","Avenida Jiménez",0.166692311658449,0.0261979165064968,0.096445114082473
"Virrey - Cendiatra","Puentelargo",0.160721663720985,0.0319108480539894,0.0963162558874873
"Santa Isabel","Avenida Jiménez",0.104392031616733,0.0877562987268674,0.0960741651718001
"San Victorino","Nariño",0.111267543835506,0.0806919122122168,0.0959797280238612
"Calle 127","Suba - Av. Boyacá",0.146790410332261,0.0450444608552166,0.0959174355937388
"Calle 142","Niza - Calle 127",0.149853032655026,0.0418308285526403,0.0958419306038332
"Museo Nacional","Estación San Bernardo",0.111579212724277,0.0796500487117061,0.0956146307179916
"CDS Carrera 32","Avenida Jiménez",0.145612453855542,0.045542442770232,0.0955774483128871
"De La Sabana","Concejo de Bogotá",0.13587600263025,0.0551646465534742,0.0955203245918619
"Calle 40 Sur","Hortúa",0.032126346824498,0.157883608424584,0.095004977624541
"Alquería","Calle 40 Sur",0.0935597061238805,0.0962696363061172,0.0949146712149988
"Boyacá","Escuela Militar",0.0737829126492788,0.116043543562481,0.0949132281058798
"CDS Carrera 32","Pradera - Plaza Central",0.118574179696706,0.0708700506944854,0.0947221151955959
"Pepe Sierra - Utel Universidad","Rionegro",0.146312299973932,0.0425781468347154,0.0944452234043238
"Héroes - Colmena Seguros","Carrera 53",0.125185294449344,0.0634705719413576,0.0943279331953509
"Corferias","Calle 26 - Atrio",0.154335256601696,0.0338843153961637,0.0941097859989296
"Puente Aranda","Gobernacion",0.165002981421156,0.0230587919218585,0.0940308866715071
"Avenida 68","NQS Calle 75",0.156453057995703,0.0310922621188696,0.0937726600572862
"Las Nieves","Paloquemao",0.148458714543512,0.0390546181365641,0.0937566663400379
"CDS Carrera 32","Corferias",0.165376560641858,0.0221231169331908,0.0937498387875246
"Museo Nacional","Av. Eldorado",0.154246448268272,0.0330653642322096,0.0936559062502408
"Salitre El Greco - Vive Claro","Concejo de Bogotá",0.0694798206693904,0.117556432619469,0.0935181266444298
"Museo Del Oro","CAD",0.0899283762361447,0.0968228539065561,0.0933756150713504
"Av. Primero de Mayo","Santa Isabel",0.0671072538503281,0.119444527693534,0.0932758907719311
"Zona Industrial","Av. 39",0.0484027553660605,0.138135336752678,0.0932690460593691
"Puentelargo","La Castellana",0.173107959780242,0.0132586550417328,0.0931833074109876
"Virrey - Cendiatra","Flores",0.120225226939847,0.0657307360727338,0.0929779815062905
"Virrey - Cendiatra","Avenida 68",0.102712155994532,0.082941446478771,0.0928268012366517
"Carrera 90","Ferias",0.164110360214769,0.0211296493331358,0.0926200047739526
"Carrera 43 - Comapan","Marsella",0.0479738768532375,0.136644744623186,0.0923093107382118
"Salitre El Greco - Vive Claro","Universidad Nacional",0.135498953058829,0.0488386027146892,0.092168777886759
"CDS Carrera 32","Ciudad Universitaria- Lotería de Bogotá",0.175984946762052,0.00781332521548745,0.0918991359887695
"Comuneros","Fucha",0.114392153303294,0.0691104098491313,0.0917512815762127
"Ciudad Universitaria- Lotería de Bogotá","Calle 57",0.124525882331397,0.0586781787549997,0.0916020305431984
"Ciudad Jardín - UAN","Olaya",0.166469389427776,0.0164577872924985,0.0914635883601372
"Zona Industrial","Quinta Paredes",0.175336364401376,0.00743840263221813,0.0913873835167971
"Portal 80","Portal El Dorado – C.C Nuestro Bogotá",0.0472736829737075,0.135343756619839,0.0913087197967734
"Portal Sur - JFK Coop. Financiera","Terreros - H. Cardiovascular",0.0455204226589238,0.136829581138869,0.0911750018988963
"Universidades CityU","Tygua-San José",0.104678226851073,0.0775607443600941,0.0911194856055837
"Portal Norte - Unicervantes ","Calle 142",0.0573980001270694,0.124801886612422,0.0910999433697459
"Corferias","Ricaurte",0.105786535960908,0.0759643209448715,0.0908754284528898
"Carrera 43 - Comapan","Guatoque - Veraguas",0.130555450080293,0.0509921068544573,0.0907737784673752
"Calle 85 - Gato Dumas","Marly",0.0644623268681765,0.116947459224537,0.0907048930463568
"Héroes - Colmena Seguros","Suba Calle 100",0.16248072892066,0.0189220356592457,0.0907013822899526
"Toberín- Foundever","Calle 127",0.0248359377078857,0.154816347760758,0.0898261427343216
"Museo Nacional","Paloquemao",0.138146351843432,0.0413028011701745,0.0897245765068034
"Estación San Bernardo","Restrepo",0.160559605549316,0.0177990873490764,0.0891793464491962
"Quinta Paredes","Paloquemao",0.132689634453394,0.0451383932697899,0.0889140138615918
"San Victorino","Ricaurte",0.135321126454135,0.04237489702206,0.0888480117380975
"Las Nieves","CAD",0.146531123273489,0.0304916563331556,0.0885113898033222
"NQS Calle 30 SUR","Fucha",0.107049679433363,0.0694719358147361,0.0882608076240494
"Quirigua","Portal El Dorado – C.C Nuestro Bogotá",0.0580498975353677,0.118115323608826,0.0880826105720967
"NQS Calle 75","Universidad Nacional",0.0341290658670381,0.141957562279376,0.0880433140732069
"CAD","Marly",0.109732705558355,0.066276345894403,0.088004525726379
"San Diego","Paloquemao",0.141382399239583,0.0344939086374134,0.087938153938498
"Centro Memoria","Ricaurte",0.134927938814518,0.040380550324568,0.087654244569543
"Carrera 53","7 de Agosto",0.158262840545114,0.0167444460349913,0.0875036432900526
"Carrera 43 - Comapan","Concejo de Bogotá",0.128145830661796,0.0467785213908852,0.0874621760263407
"Universidad Nacional","Ricaurte",0.0545827249952128,0.118893723517235,0.0867382242562241
"Comuneros","Restrepo",0.104158854991629,0.0687924693684029,0.0864756621800159
"Biblioteca","Restrepo",0.0451920376958604,0.126906603183558,0.0860493204397092
"7 de Agosto","CAD",0.030964780218163,0.14110974754783,0.0860372638829967
"De La Sabana","Nariño",0.102437064341312,0.0692846421613116,0.0858608532513116
"Pepe Sierra - Utel Universidad","Humedal Córdoba",0.158167078483641,0.0135205905546244,0.0858438345191326
"Campin - UAN","Calle 26 - Atrio",0.0935884684503914,0.0779737220696096,0.0857810952600005
"Museo Nacional","San Facon Carrera 22",0.169840299815714,0.00136905479734648,0.0856046773065304
"Carrera 43 - Comapan","Ciudad Universitaria- Lotería de Bogotá",0.151558950028907,0.0191546583556343,0.0853568041922708
"Suba - Calle 95","Calle 76",0.111709027192186,0.0585671653429018,0.0851380962675441
"Cl38A sur - CENTRO MAYOR","Paloquemao",0.0280366997666429,0.141986818440659,0.0850117591036511
"CDS Carrera 32","Centro Memoria",0.162198003672957,0.00768143173055606,0.0849397177017567
"Portal Tunal","Molinos",0.103796407880262,0.065784078522263,0.0847902432012623
"Bicentenario","Restrepo",0.121021094555738,0.0479956647194462,0.084508379637592
"Puentelargo","Boyacá",0.139666926467733,0.0292846258716328,0.084475776169683
"Alquería","Portal Tunal",0.0982138373079085,0.0706868216337558,0.0844503294708321
"Av. Suba - Calle 116","Carrera 53",0.161450076986715,0.00702416624716363,0.0842371216169393
"Av. Primero de Mayo","Comuneros",0.0556762586206941,0.11156526775122,0.0836207631859571
"Museo Del Oro","Paloquemao",0.0977693021521367,0.0693728170472176,0.0835710595996771
"Paloquemao","Av. 39",0.104383202076918,0.0626179105014551,0.0835005562891868
"Avenida Cali","Avenida 68",0.142120112549177,0.0239847461350524,0.0830524293421149
"Pradera - Plaza Central","Comuneros",0.0862324909196039,0.079350696133753,0.0827915935266784
"Museo Del Oro","Hortúa",0.127558015090289,0.037779882024146,0.0826689485572177
"Portal Suba","Gratamira",0.13399945677304,0.0309644061489086,0.0824819314609744
"Carrera 90","Portal El Dorado – C.C Nuestro Bogotá",0.0552714455535537,0.109445479179287,0.0823584623664206
"CAN - British Council","Av. Eldorado",0.144023144513866,0.0206453778676332,0.0823342611907496
"Bicentenario","Calle 22",0.127714529117802,0.0366389201709917,0.0821767246443966
"Pradera - Plaza Central","Santa Isabel",0.0810870515332647,0.083181866088766,0.0821344588110154
"Tygua-San José","Calle 26 - Atrio",0.100170504036536,0.0630337351137754,0.0816021195751555
"C.C Paseo Villa Del Rio - Madelena","La Despensa",0.0455003025602142,0.11759459146161,0.0815474470109119
"Centro Memoria","Tygua-San José",0.0824383013521013,0.0804865595094695,0.0814624304307854
"CDS Carrera 32","Calle 26 - Atrio",0.122845473949753,0.0397603270192816,0.0813029004845174
"Calle 106","San Martín",0.133738098109343,0.0287948955739308,0.0812664968416371
"Portal 20  de Julio","Nariño",0.132284117715895,0.0295427032205412,0.0809134104682181
"CDS Carrera 32","Las Aguas - Centro Colombo Americano",0.0514893987546542,0.11012629381233,0.080807846283492
"Puente Aranda","Guatoque - Veraguas",0.087449884038044,0.073967404953124,0.080708644495584
"Zona Industrial","Av. Eldorado",0.130631956206509,0.0302481794773705,0.0804400678419396
"Estación San Bernardo","San Facon Carrera 22",0.152823747644765,0.0071607531317484,0.0799922503882566
"Calle 100 - Marketmedios","Flores",0.1016684806237,0.0578114717292793,0.0797399761764895
"San Diego","Quinta Paredes",0.0331753670725942,0.126187108240388,0.0796812376564912
"Ciudad Universitaria- Lotería de Bogotá","Ricaurte",0.119621540650232,0.0385910707012164,0.0791063056757243
"Guatoque - Veraguas","Calle 26 - Atrio",0.0799705883221215,0.0781706725356489,0.0790706304288852
"Puente Aranda","San Facon Carrera 22",0.0848647587835622,0.0732437021571738,0.079054230470368
"San Facon Carrera 22","Universidades CityU",0.129367867177358,0.0283918568773424,0.0788798620273503
"Alcalá - Colegio S. Tomás Dominicos","Av. Suba - Calle 116",0.115786531114025,0.0411587538884113,0.0784726425012183
"Santa Isabel","Quiroga",0.0607735721365571,0.0957811540639002,0.0782773631002286
"Santa Isabel","Olaya",0.0938098250230709,0.0626098344126277,0.0782098297178493
"Policarpa","Museo Del Oro",0.1280615221946,0.0275293993367597,0.07779546076568
"Bosa","San Mateo",0.0812255682856796,0.074186238854423,0.0777059035700513
"Puente Aranda","Ciudad Universitaria- Lotería de Bogotá",0.122559144479208,0.0324054321506656,0.0774822883149367
"Cl38A sur - CENTRO MAYOR","Olaya",0.106389759982133,0.0483208361609055,0.0773552980715193
"Ciudad Jardín - UAN","Santa Isabel",0.0910118914327115,0.0636782086260713,0.0773450500293914
"Las Nieves","Ricaurte",0.126634801960756,0.0276553953689156,0.0771450986648358
"Av. Eldorado","Comuneros",0.0382586400617663,0.116030311711736,0.077144475886751
"Estación San Bernardo","Paloquemao",0.0709113842857539,0.0832094336348164,0.0770604089602852
"CAN - British Council","Concejo de Bogotá",0.110888077395878,0.0431768685148821,0.07703247295538
"Country Sur","Socorro",0.13324060576452,0.0205344118485149,0.0768875088065172
"Puente Aranda","Concejo de Bogotá",0.0941962477154268,0.0587068841931705,0.0764515659542987
"7 de Agosto","Marly",0.103579281897462,0.0492639151267093,0.0764215985120856
"Policarpa","De La Sabana",0.137179297200597,0.0151839596506725,0.0761816284256349
"San Diego","Av. Eldorado",0.135039407892131,0.0172848848881033,0.0761621463901174
"Humedal Córdoba","Avenida 68",0.109751080050142,0.0423353360832384,0.0760432080666904
"San Facon Carrera 22","Av. Eldorado",0.124277922123796,0.0277947306854074,0.0760363264046019
"Calle 127","Suba Calle 100",0.143873856987658,0.00812186843255834,0.0759978627101082
"Estación San Bernardo","Ricaurte",0.103824438947012,0.048039149362452,0.0759317941547321
"Avenida 68","Avenida Chile",0.127289170661437,0.0245624815521151,0.075925826106776
"Country Sur","Santa Lucía",0.138849464253566,0.012864768020106,0.0758571161368358
"Suba - Tv. 91","Av. Suba - Calle 116",0.0246749478899871,0.126845456592041,0.0757602022410141
"Portal Sur - JFK Coop. Financiera","Alquería",0.0295824134474456,0.121374919986401,0.0754786667169234
"Museo Del Oro","Guatoque - Veraguas",0.107054862889136,0.0435739928257643,0.0753144278574503
"Carrera 43 - Comapan","Gobernacion",0.141678825584396,0.00868340521759423,0.0751811154009949
"Av. Rojas - UNISALESIANA","Gobernacion",0.0926366330884743,0.057636744292491,0.0751366886904827
"Salitre El Greco - Vive Claro","Centro Memoria",0.0413999393905323,0.108438704061633,0.0749193217260826
"Carrera 43 - Comapan","Calle 22",0.0574377589724029,0.0922863976290924,0.0748620783007476
"Calle 106","Humedal Córdoba",0.13461538577508,0.0150671888897335,0.0748412873324067
"Av. Suba - Calle 116","Minuto De Dios",0.122276010982303,0.0273916173908486,0.0748338141865757
"Pradera - Plaza Central","Paloquemao",0.0819583635043797,0.0667208088021879,0.0743395861532838
"Centro Memoria","Movistar Arena",0.118522740255229,0.0300095302984778,0.0742661352768536
"Venecia","Portal Tunal",0.0893321873580474,0.0591087794892525,0.07422048342365
"Calle 106","Héroes - Colmena Seguros",0.0720718003158093,0.0760762398434747,0.074074020079642
"Las Nieves","Hortúa",0.108479637001654,0.0394622951431958,0.073970966072425
"Humedal Córdoba","Minuto De Dios",0.112325063496906,0.0353511139496415,0.0738380887232736
"Zona Industrial","Centro Memoria",0.110163786443218,0.0374712665521879,0.0738175264977027
"Av. Primero de Mayo","Tygua-San José",0.0898396340436777,0.0574265176148095,0.0736330758292436
"Escuela Militar","Movistar Arena",0.0706963046936989,0.0762958763692305,0.0734960905314647
"San Victorino","Comuneros",0.101224919924688,0.0451933008255898,0.073209110375139
"Distrito Grafiti","Gobernacion",0.13043325234281,0.0159606077898326,0.0731969300663213
"Ciudad Jardín - UAN","Comuneros",0.0819478140704152,0.0642323431599184,0.0730900786151668
"Country Sur","Danubio",0.0771442594767718,0.068852257762588,0.0729982586196799
"Av. Suba - Calle 116","Carrera 47",0.125356204644171,0.0205373707343459,0.0729467876892586
"Puente Aranda","Calle 26 - Atrio",0.0342301026169735,0.111430516069989,0.0728303093434812
"Virrey - Cendiatra","Calle 57",0.0694475880081944,0.0757690709397071,0.0726083294739507
"Salitre El Greco - Vive Claro","7 de Agosto",0.0908700943215198,0.0541640392848819,0.0725170668032009
"Puente Aranda","Calle 22",0.0365174557174325,0.108184624125989,0.0723510399217107
"Distrito Grafiti","Quinta Paredes",0.134208742582329,0.0097785611827691,0.0719936518825489
"Carrera 43 - Comapan","Calle 26 - Atrio",0.0521777875333978,0.091778457348551,0.0719781224409744
"Museo Nacional","Ciudad Universitaria- Lotería de Bogotá",0.116129930315315,0.0274287543902261,0.0717793423527708
"Alquería","Biblioteca",0.0956473694501383,0.0472847164901985,0.0714660429701684
"Mazurén","Calle 127",0.0447280391657223,0.0981507689892233,0.0714394040774728
"Zona Industrial","Hortúa",0.0427657819271413,0.0992857083070248,0.071025745117083
"Zona Industrial","Marly",0.022896192554997,0.118695577100085,0.0707958848275409
"Distrito Grafiti","Corferias",0.111448610030803,0.0301355146498108,0.070792062340307
"Modelia","Salitre El Greco - Vive Claro",0.0586650204468586,0.0828925667119677,0.0707787935794131
"Calle 187","Calle 142",0.0238028680890895,0.117365695723341,0.0705842819062153
"Calle 127","Suba - Calle 95",0.12294112325497,0.0181470381909288,0.0705440807229492
"General Santander","Biblioteca",0.105878428622758,0.0349902352330866,0.0704343319279222
"CDS Carrera 32","Universidad Nacional",0.0829226865213456,0.0576508649703421,0.0702867757458438
"Humedal Córdoba","Rionegro",0.0710306662262022,0.0695117178608148,0.0702711920435085
"Avenida 68","Calle 76",0.0473952266234977,0.0926092599871137,0.0700022433053057
"Ricaurte","Nariño",0.0771928740704817,0.0625521122828339,0.0698724931766578
"Tygua-San José","Olaya",0.0561738743920956,0.0835360186272279,0.0698549465096618
"San Victorino","CAD",0.102934827132659,0.0367226012602465,0.0698287141964527
"Ciudad Jardín - UAN","Guatoque - Veraguas",0.0977096414366235,0.041905886492406,0.0698077639645147
"Centro Memoria","Calle 57",0.0809649014772176,0.0578713015160152,0.0694181014966164
"Guatoque - Veraguas","Olaya",0.0553080623257447,0.0826101198897059,0.0689590911077253
"Héroes - Colmena Seguros","Movistar Arena",0.0783135512286347,0.0595578552220005,0.0689357032253176
"Perdomo","Alquería",0.0482565602734762,0.0888132668656485,0.0685349135695623
"NQS Calle 30 SUR","Tygua-San José",0.0472921968794806,0.0897599581981366,0.0685260775388086
"San Victorino","Ciudad Universitaria- Lotería de Bogotá",0.0474152051364189,0.0894382125397749,0.0684267088380969
"Puentelargo","NQS Calle 75",0.0981518961619425,0.0382344559400678,0.0681931760510051
"Av. Primero de Mayo","NQS Calle 30 SUR",0.0448937705336604,0.0913457950876163,0.0681197828106383
"General Santander","Santa Lucía",0.0948118451612513,0.0414159656343827,0.068113905397817
"NQS Calle 30 SUR","Consuelo",0.0294636274245818,0.106644374410884,0.0680540009177327
"Escuela Militar","Calle 57",0.0346143729641,0.100544780351018,0.0675795766575592
"Calle 106","Avenida 68",0.0804503500447629,0.0543631378369279,0.0674067439408454
"Banderas","Venecia",0.0491932060772687,0.0855048187287939,0.0673490124030313
"Universidades CityU","Nariño",0.0349624655620897,0.0994191273597679,0.0671907964609288
"Calle 142","Humedal Córdoba",0.116434723706876,0.0179213714766574,0.0671780475917667
"Niza - Calle 127","San Martín",0.0268885424137964,0.107343084811057,0.0671158136124268
"Venecia","Bosa",0.0206048349477018,0.113554641207441,0.0670797380775716
"Calle 106","NQS Calle 75",0.0596190459772376,0.0742982636076306,0.0669586547924341
"Las Aguas - Centro Colombo Americano","Tygua-San José",0.124388739121234,0.00943045677989366,0.0669095979505638
"Portal Tunal","Olaya",0.037679659106639,0.0959718697318484,0.0668257644192437
"Normandia","CAN - British Council",0.0715356537569456,0.0619024101763109,0.0667190319666282
"Rionegro","Ferias",0.102266596481458,0.0311603975825955,0.0667134970320266
"Pradera - Plaza Central","CAD",0.0647303655546858,0.0684787228833077,0.0666045442189968
"Carrera 43 - Comapan","Av. Eldorado",0.11090985383613,0.0219125065604192,0.0664111801982748
"Granja - cra 77","Modelia",0.0373057932292912,0.0953078614070843,0.0663068273181878
"Alquería","Santa Lucía",0.0765743110700002,0.0556384580052449,0.0661063845376225
"General Santander","Portal Tunal",0.0904668165294623,0.0414880146774452,0.0659774156034538
"Ferias","Suba Calle 100",0.124370431288519,0.00730490740333424,0.0658376693459268
"Puentelargo","Polo - FINCOMERCIO",0.109012670162052,0.0224053738534653,0.0657090220077587
"Museo Del Oro","Centro Memoria",0.125316000547769,0.00602861943226488,0.0656723099900168
"Boyacá","Polo - FINCOMERCIO",0.0347754198483748,0.0964323055721107,0.0656038627102428
"Suba - Calle 95","Ferias",0.1043113518615,0.0268268293481704,0.0655690906048352
"Quirigua","Ferias",0.103922424365294,0.0271044791867952,0.0655134517760445
"Country Sur","Hortúa",0.113418424146292,0.0171596627805908,0.0652890434634413
"Alquería","Parque",0.0804916685895603,0.0500606468058655,0.0652761576977129
"Puente Aranda","CAN - British Council",0.119822338209952,0.0105954339030373,0.0652088860564947
"CDS Carrera 32","Quinta Paredes",0.127441709761675,0.00291327189356687,0.0651774908276208
"San Facon Carrera 22","Av. 39",0.0878776661179811,0.0424649940958363,0.0651713301069087
"San Facon Carrera 22","Ciudad Universitaria- Lotería de Bogotá",0.126149385010878,0.00419231857446879,0.0651708517926732
"Nariño","Calle 22",0.0424161969572062,0.0878581124966605,0.0651371547269333
"Perdomo","León XIII",0.0547590024390754,0.0748108536933933,0.0647849280662344
"Gobernacion","7 de Agosto",0.101261955004461,0.0280386562087329,0.0646503056065971
"Mandalay","Distrito Grafiti",0.0467460362787395,0.0823916133851074,0.0645688248319234
"El Tiempo - Cámara De Comercio De Bogotá","Quinta Paredes",0.0940234439337824,0.0350459564767817,0.0645347002052821
"CAN - British Council","7 de Agosto",0.100968772046943,0.0279808879537218,0.0644748300003323
"Museo Nacional","Tygua-San José",0.0876811468267874,0.0408685060561258,0.0642748264414566
"Perdomo","Terreros - H. Cardiovascular",0.0297229274166003,0.0987321975165925,0.0642275624665964
"Centro Memoria","Guatoque - Veraguas",0.0800793694794944,0.0482825418645045,0.0641809556719994
"Calle 127","Gratamira",0.0949281860482816,0.0332654047225083,0.064096795385395
"Puente Aranda","Av. 39",0.0266353197920691,0.101450103183645,0.0640427114878571
"Zona Industrial","Tygua-San José",0.0996313188850573,0.0281767379398408,0.0639040284124491
"Niza - Calle 127","Boyacá",0.100363697195286,0.0273699174735753,0.0638668073344309
"Las Nieves","Nariño",0.0605275637725639,0.0665858347513305,0.0635566992619472
"Héroes - Colmena Seguros","Campin - UAN",0.056063505262238,0.0710113062124003,0.0635374057373192
"Corferias","Av. 39",0.103577607953983,0.0232428481569125,0.0634102280554477
"De La Sabana","Av. Eldorado",0.0886802610713505,0.0380600252618024,0.0633701431665765
"NQS Calle 30 SUR","Nariño",0.0733812823368917,0.053179669997712,0.0632804761673019
"Movistar Arena","Av. 39",0.0803249069142569,0.046128248213827,0.063226577564042
"Pepe Sierra - Utel Universidad","Niza - Calle 127",0.107310791918136,0.0190622029482591,0.0631864974331973
"Zona Industrial","Gobernacion",0.115013485031676,0.0111071612194188,0.0630603231255472
"Calle 85 - Gato Dumas","Puentelargo",0.105990661330535,0.0199714352195349,0.0629810482750347
"Danubio","Olaya",0.0635040051509339,0.0623993760810498,0.0629516906159918
"Las Aguas - Centro Colombo Americano","Centro Memoria",0.123382082176195,0.00247150883719453,0.0629267955066947
"Av. Rojas - UNISALESIANA","7 de Agosto",0.0437951317290496,0.0815267657996729,0.0626609487643613
"Granja - cra 77","Portal El Dorado – C.C Nuestro Bogotá",0.0441162472219641,0.0810301422199797,0.0625731947209719
"Calle 127","La Castellana",0.0471866043041365,0.0778201756723999,0.0625033899882682
"Ricaurte","Av. 39",0.0535313205707003,0.0714284047172114,0.0624798626439559
"Cl38A sur - CENTRO MAYOR","Santa Lucía",0.0973164365343158,0.0272594860626378,0.0622879612984768
"Ciudad Universitaria- Lotería de Bogotá","Tygua-San José",0.0437022295817859,0.0803686810437724,0.0620354553127792
"Universidades CityU","CAD",0.0866398255879371,0.0372955457796753,0.0619676856838062
"Universidad Nacional","Flores",0.0976695220843073,0.0262207467861182,0.0619451344352127
"Las Aguas - Centro Colombo Americano","CAD",0.0779488902395791,0.0459174680061529,0.061933179122866
"Ciudad Jardín - UAN","San Victorino",0.0981010475780703,0.0254006992680046,0.0617508734230375
"Puente Aranda","Salitre El Greco - Vive Claro",0.0856248713228991,0.0378596589703914,0.0617422651466452
"Sevillana","Portal Tunal",0.0839025332686238,0.0395602975320053,0.0617314154003146
"Cl38A sur - CENTRO MAYOR","Guatoque - Veraguas",0.042472914768569,0.0805986850867727,0.0615357999276708
"Policarpa","Olaya",0.106210537415051,0.0166418080222194,0.0614261727186352
"Pepe Sierra - Utel Universidad","Escuela Militar",0.0735995973035909,0.0485572138314668,0.0610784055675289
"Concejo de Bogotá","Guatoque - Veraguas",0.0772219222406868,0.0447159682787917,0.0609689452597392
"Granja - cra 77","Av. Rojas - UNISALESIANA",0.0377926287612273,0.0841241656454734,0.0609583972033504
"Distrito Grafiti","Salitre El Greco - Vive Claro",0.0877783808889669,0.0337297405655751,0.060754060727271
"Corferias","Marly",0.105722655599899,0.015560283077628,0.0606414693387636
"Av. Primero de Mayo","Guatoque - Veraguas",0.0606499968525036,0.0606328975272765,0.06064144718989
"Museo Nacional","Corferias",0.0565554563458216,0.0645517986467215,0.0605536274962715
"Calle 142","21 Ángeles",0.0865365182161907,0.0345314671699989,0.0605339926930948
"Calle 106","Carrera 53",0.0913667951262202,0.0295314382675087,0.0604491166968644
"Parque","Olaya",0.0529492009426956,0.0673846836225265,0.060166942282611
"Biblioteca","Fucha",0.036242148616418,0.0840117488649763,0.0601269487406971
"Avenida Cali","Portal El Dorado – C.C Nuestro Bogotá",0.0482798165528175,0.0719064498835954,0.0600931332182065
"General Santander","Parque",0.0808674431508972,0.039193099671946,0.0600302714114216
"Distrito Grafiti","CAN - British Council",0.109999382658187,0.00968584000742873,0.0598426113328079
"San Victorino","Concejo de Bogotá",0.0837161543346355,0.0359050178160814,0.0598105860753584
"Portal Américas","Mandalay",0.0864538768243471,0.0330275501195601,0.0597407134719536
"CAD","Calle 57",0.0684704599320261,0.050927359068489,0.0596989095002576
"Portal 20  de Julio","Molinos",0.0708042729877385,0.0484626917573429,0.0596334823725407
"Transversal 86","Sevillana",0.0338169582134965,0.0851280330090189,0.0594724956112577
"Gobernacion","CAD",0.0994134933489815,0.0192804716869195,0.0593469825179505
"Comuneros","Calle 22",0.076599761195088,0.0410753829273814,0.0588375720612347
"Carrera 43 - Comapan","Av Américas - Av. Boyacá",0.0316106588064822,0.0859597426645103,0.0587852007354962
"Banderas","Sevillana",0.0472067609205161,0.0703492159305091,0.0587779884255126
"Calle 85 - Gato Dumas","Movistar Arena",0.053588924457952,0.0638277644615636,0.0587083444597578
"Concejo de Bogotá","Tygua-San José",0.0673874070832076,0.0500221964371516,0.0587048017601796
"Quinta Paredes","7 de Agosto",0.0884495447266584,0.0287761920814849,0.0586128684040716
"Granja - cra 77","Normandia",0.0616420157951505,0.0555475868519544,0.0585948013235524
"Museo Nacional","Marly",0.114116798814137,0.00296144726669482,0.0585391230404161
"Calle 106","Polo - FINCOMERCIO",0.0883160711157065,0.0286987691100297,0.0585074201128681
"Puente Aranda","Av. Eldorado",0.0862554172503022,0.0307316554556771,0.0584935363529897
"De La Sabana","Restrepo",0.0437701334444443,0.0729193150619998,0.058344724253222
"Corferias","Guatoque - Veraguas",0.0478274521291613,0.0686814255394874,0.0582544388343244
"Salitre El Greco - Vive Claro","Av. Eldorado",0.0924634942760638,0.0239450329772533,0.0582042636266586
"Portal Sur - JFK Coop. Financiera","General Santander",0.0174906470642941,0.098681120907672,0.0580858839859831
"Carrera 53","Flores",0.0874056516980398,0.0286515245702481,0.0580285881341439
"Niza - Calle 127","Ferias",0.0939578664243209,0.0213848237180354,0.0576713450711782
"Polo - FINCOMERCIO","Marly",0.0326518280884153,0.0822746759571705,0.0574632520227929
"CAN - British Council","Centro Memoria",0.0673461312826441,0.0475622535595332,0.0574541924210887
"San Martín","Ferias",0.0994656980089761,0.0150204895858118,0.0572430937973939
"C.C Paseo Villa Del Rio - Madelena","Cl38A sur - CENTRO MAYOR",0.0321223267454864,0.0819993154225254,0.0570608210840059
"Cl38A sur - CENTRO MAYOR","Biblioteca",0.0941434454370538,0.0198912993505105,0.0570173723937822
"De La Sabana","Marly",0.0243027642301759,0.089677692453177,0.0569902283416764
"Portal 20  de Julio","Danubio",0.0499285469332446,0.0639306288655737,0.0569295878994092
"Pepe Sierra - Utel Universidad","Carrera 47",0.0705902736244517,0.0432411397413174,0.0569157066828846
"Portal 20  de Julio","Estación San Bernardo",0.0580553442326961,0.0554911994920576,0.0567732718623768
"Biblioteca","Danubio",0.0852962840132986,0.0280246044410714,0.056660444227185
"San Diego","Guatoque - Veraguas",0.0820338156609531,0.0312576233837808,0.0566457195223669
"Museo Del Oro","Comuneros",0.0627047270040571,0.0504734142664837,0.0565890706352704
"Calle 146","Gratamira",0.0867221046280345,0.0262272406935044,0.0564746726607695
"General Santander","Olaya",0.0669453705329561,0.0459963579860558,0.056470864259506
"Parque","Danubio",0.0794694656554425,0.033399726794876,0.0564345962251592
"Carrera 53","Calle 76",0.0818259188384964,0.0310063508279149,0.0564161348332057
"Cl38A sur - CENTRO MAYOR","Restrepo",0.0761910783172352,0.036631344095505,0.0564112112063701
"Av. Eldorado","Guatoque - Veraguas",0.0513726179205619,0.0613868963807963,0.0563797571506791
"Calle 85 - Gato Dumas","Campin - UAN",0.037581137141974,0.0751460436060387,0.0563635903740064
"San Diego","Ricaurte",0.0991794888839276,0.0130598919034926,0.0561196903937101
"NQS Calle 30 SUR","Santa Lucía",0.0803786015102499,0.0317635369701961,0.056071069240223
"Universidades CityU","Guatoque - Veraguas",0.0592720658637566,0.052202588585687,0.0557373272247218
"Alquería","Socorro",0.0471603557561791,0.0642717159975534,0.0557160358768663
"Pepe Sierra - Utel Universidad","San Martín",0.0917920579100179,0.0194801091954978,0.0556360835527578
"Portal 80","Ferias",0.0746764992189856,0.0365372775052667,0.0556068883621261
"Policarpa","Las Nieves",0.0968952320454357,0.0143177119967421,0.0556064720210889
"Virrey - Cendiatra","Av. Suba - Calle 116",0.0856946069413232,0.0252662664329828,0.055480436687153
"Carrera 43 - Comapan","Avenida Jiménez",0.0507351872581618,0.0600082658874533,0.0553717265728075
"Puente Aranda","Avenida Jiménez",0.0314249710439234,0.0789627459891006,0.055193858516512
"Av Américas - Av. Boyacá","Venecia",0.0506569152326508,0.0596578691406605,0.0551573921866557
"Las Nieves","CDS Carrera 32",0.107176461583485,0.0028749580304801,0.0550257098069825
"San Victorino","Santa Isabel",0.0774524445566608,0.0325032290767019,0.0549778368166814
"El Tiempo - Cámara De Comercio De Bogotá","7 de Agosto",0.0652106523559847,0.044729873836602,0.0549702630962934
"Portal 20  de Julio","Calle 40 Sur",0.0879064568173418,0.0218998180975253,0.0549031374574335
"Paloquemao","Hortúa",0.0702857524738631,0.0394284631076569,0.05485710779076
"Universidad Nacional","Calle 22",0.0815547076039576,0.028031263541321,0.0547929855726393
"Alcalá - Colegio S. Tomás Dominicos","21 Ángeles",0.0774168790862251,0.0320489987043166,0.0547329388952709
"Pepe Sierra - Utel Universidad","NQS Calle 75",0.0399644250281375,0.0694964216499658,0.0547304233390516
"Distrito Grafiti","NQS Calle 30 SUR",0.061808271299092,0.0474309114187501,0.0546195913589211
"Av. Suba - Calle 116","Granja - cra 77",0.0709191437792242,0.0381773619593452,0.0545482528692847
"De La Sabana","Fucha",0.053377295649301,0.0554844726366703,0.0544308841429856
"Guatoque - Veraguas","Quiroga",0.0310096728311952,0.0775003484629856,0.0542550106470904
"Héroes - Colmena Seguros","Boyacá",0.0233266276132738,0.0850967935149959,0.0542117105641348
"Museo Del Oro","Av. Eldorado",0.0526399323966282,0.055568434177016,0.0541041832868221
"Comuneros","Olaya",0.066764115196099,0.0413891805847235,0.0540766478904112
"Héroes - Colmena Seguros","Ferias",0.0372824243841425,0.0707803961740115,0.054031410279077
"Polo - FINCOMERCIO","Movistar Arena",0.0891943231791993,0.0188406391354214,0.0540174811573104
"Portal 80","Modelia",0.0259348609609851,0.0818729098407815,0.0539038854008833
"Quinta Paredes","Calle 26 - Atrio",0.098496632223642,0.00916636663081048,0.0538314994272263
"Suba - Calle 95","7 de Agosto",0.0823175421100489,0.025168210906617,0.053742876508333
"De La Sabana","Distrito Grafiti",0.0202745038442008,0.087185387107431,0.0537299454758159
"Niza - Calle 127","Minuto De Dios",0.092013958200633,0.0153792244766223,0.0536965913386276
"Pradera - Plaza Central","NQS Calle 30 SUR",0.0618156136879399,0.0452419880069905,0.0535288008474652
"Carrera 43 - Comapan","Av. 39",0.0371823883877429,0.0697709355341438,0.0534766619609433
"Pradera - Plaza Central","Salitre El Greco - Vive Claro",0.0640640154194129,0.0425649050381397,0.0533144602287763
"Zona Industrial","Universidad Nacional",0.0828163531408567,0.0237766142742125,0.0532964837075346
"Santa Lucía","Nariño",0.0277829035558043,0.0785609193575101,0.0531719114566572
"Ciudad Universitaria- Lotería de Bogotá","Avenida Jiménez",0.0622974322212558,0.0439865074742344,0.0531419698477451
"Concejo de Bogotá","Flores",0.0349534927916531,0.0711964225730166,0.0530749576823348
"Alquería","Consuelo",0.0275377686672883,0.0785040415818439,0.0530209051245661
"San Victorino","CDS Carrera 32",0.102070564376372,0.00391416147957667,0.0529923629279746
"La Castellana","Movistar Arena",0.0507407151065733,0.0551562337665987,0.052948474436586
"Mazurén","Gratamira",0.0737351496510602,0.032056900303905,0.0528960249774826
"Museo Nacional","Universidad Nacional",0.0870451201997305,0.0186263050904872,0.0528357126451089
"Corferias","Comuneros",0.042549392050689,0.0628054109823395,0.0526774015165143
"General Santander","Paloquemao",0.0159493272348727,0.0893470148567503,0.0526481710458115
"Venecia","Parque",0.0635994031290036,0.0416310211294287,0.0526152121292162
"Calle 161","Calle 127",0.0209735240572337,0.084225103817974,0.0525993139376039
"Distrito Grafiti","Guatoque - Veraguas",0.049837331879856,0.0550993977072727,0.0524683647935644
"Calle 127","Rionegro",0.0767887188723279,0.0281078233584358,0.0524482711153818
"Bicentenario","CAD",0.0512041451848076,0.0534970975635683,0.0523506213741879
"Avenida Chile","Calle 57",0.0802041755872542,0.0244133481762169,0.0523087618817356
"Av. Suba - Calle 116","La Castellana",0.0950639986006061,0.00955303989187491,0.0523085192462405
"Puentelargo","Minuto De Dios",0.0925058296258049,0.0114909798076584,0.0519984047167316
"Mazurén","Pepe Sierra - Utel Universidad",0.0445901988078,0.0592462330198533,0.0519182159138267
"Ciudad Universitaria- Lotería de Bogotá","Guatoque - Veraguas",0.0570497572712068,0.0467638163115028,0.0519067867913548
"Policarpa","Ricaurte",0.0698224843575421,0.0339273879337682,0.0518749361456552
"Universidad Nacional","Comuneros",0.0195798645053477,0.0837638101534119,0.0516718373293798
"Bicentenario","Calle 26 - Atrio",0.0809311468555701,0.0223406360501985,0.0516358914528843
"Socorro","Restrepo",0.0533350681345381,0.0498897931790416,0.0516124306567899
"Suba - Tv. 91","Humedal Córdoba",0.0554474182787343,0.0477251024498885,0.0515862603643114
"Portal 20  de Julio","Consuelo",0.0618338947710685,0.0413095183402779,0.0515717065556732
"Las Aguas - Centro Colombo Americano","Paloquemao",0.0733233189977978,0.0295978491142057,0.0514605840560017
"Socorro","Fucha",0.0429594745932953,0.0596477620916567,0.051303618342476
"Universidades CityU","Paloquemao",0.0744202669888588,0.0281306620761476,0.0512754645325032
"Corferias","Calle 57",0.0830938032795666,0.0192646018924576,0.0511792025860121
"Portal 20  de Julio","Hortúa",0.0791824360375448,0.0231456713797126,0.0511640537086287
"Ciudad Jardín - UAN","Avenida Jiménez",0.09366254813512,0.00855191846046005,0.05110723329779
"Alcalá - Colegio S. Tomás Dominicos","Puentelargo",0.0836411164763756,0.0184551865894031,0.0510481515328893
"Museo Nacional","Quinta Paredes",0.0346454560221935,0.0671678338249282,0.0509066449235609
"Zona Industrial","Av Américas - Av. Boyacá",0.021472527694113,0.0797718968513317,0.0506222122727223
"Universidades CityU","Ricaurte",0.0589111701278654,0.042305340742321,0.0506082554350932
"Puente Aranda","Marly",0.0154565314873104,0.0856360931091012,0.0505463122982058
"Calle 106","Niza - Calle 127",0.0852958815454837,0.0157637061625627,0.0505297938540232
"Av. Primero de Mayo","Cl38A sur - CENTRO MAYOR",0.0282592175155783,0.0726524952332759,0.0504558563744271
"Comuneros","Quiroga",0.0411168542816153,0.0596409008576495,0.0503788775696324
"Bicentenario","NQS Calle 30 SUR",0.0280028094740613,0.0726980710055396,0.0503504402398005
"Pradera - Plaza Central","El Tiempo - Cámara De Comercio De Bogotá",0.0448696443934236,0.0557974244830229,0.0503335344382232
"Policarpa","Paloquemao",0.0435934169293493,0.0565104219338466,0.050051919431598
"Carrera 90","Avenida 68",0.0868815112551582,0.0131787724062863,0.0500301418307223
"Marsella","Venecia",0.0469074340462097,0.0526932591935931,0.0498003466199014
"NQS Calle 30 SUR","Molinos",0.0225847644353739,0.0768915134119754,0.0497381389236746
"Olaya","Avenida Jiménez",0.0233331680379047,0.0760530243211302,0.0496930961795175
"Venecia","Quiroga",0.0293726643950265,0.0700006909419731,0.0496866776684998
"21 Ángeles","Puentelargo",0.0220454546745466,0.0772347029568384,0.0496400788156925
"Calle 106","Avenida Chile",0.0358133955757678,0.0634592392159543,0.049636317395861
"Toberín- Foundever","Gratamira",0.0708215376226003,0.0283698509856182,0.0495956943041092
"Av. Eldorado","Santa Isabel",0.0251147458351294,0.0739954127954417,0.0495550793152856
"Alquería","Molinos",0.0193315156411108,0.079525650932385,0.0494285832867479
"San Martín","Movistar Arena",0.0586566480779675,0.0401918072303387,0.0494242276541531
"Las Nieves","Av. Eldorado",0.0885751575052629,0.00995958995590584,0.0492673737305844
"Policarpa","San Facon Carrera 22",0.094609766150192,0.00392173539139727,0.0492657507707946
"Carrera 43 - Comapan","CAN - British Council",0.0947353345821373,0.0035461003748967,0.049140717478517
"Estación San Bernardo","Calle 22",0.091041416338251,0.00701580000817079,0.0490286081732109
"Ricaurte","Fucha",0.0500964042668093,0.0478540193999548,0.048975211833382
"Policarpa","Las Aguas - Centro Colombo Americano",0.0837903914609968,0.0140674319369748,0.0489289116989858
"Suba Calle 100","Calle 76",0.0861170109567307,0.0117397244032583,0.0489283676799945
"Carrera 43 - Comapan","Centro Memoria",0.0811883069826994,0.0165733626002596,0.0488808347914795
"CDS Carrera 32","NQS Calle 30 SUR",0.0731830632320385,0.0241783371796643,0.0486807002058514
"Country Sur","Santa Isabel",0.0419683311738072,0.0553700528573185,0.0486691920155628
"Portal Suba","Suba - Av. Boyacá",0.0831067067730311,0.0142195784655266,0.0486631426192788
"Zona Industrial","NQS Calle 30 SUR",0.0742241670703087,0.0230059700786886,0.0486150685744986
"General Santander","Consuelo",0.0334772690090141,0.0637090211826173,0.0485931450958157
"Ciudad Universitaria- Lotería de Bogotá","7 de Agosto",0.071934842637899,0.025092571196941,0.04851370691742
"De La Sabana","Ciudad Universitaria- Lotería de Bogotá",0.0824892899093844,0.0145341692867354,0.0485117295980599
"NQS Calle 30 SUR","Socorro",0.0464554816440612,0.0504135922631357,0.0484345369535985
"Carrera 90","Normandia",0.0501444600075344,0.0467223457735933,0.0484334028905638
"Puente Aranda","Mandalay",0.0214303986733402,0.0753460919911549,0.0483882453322475
"Museo Nacional","Ricaurte",0.0867758921439262,0.00997795604504566,0.0483769240944859
"Héroes - Colmena Seguros","Puentelargo",0.071749094127573,0.0249867355913092,0.0483679148594411
"Niza - Calle 127","Granja - cra 77",0.0679508061469683,0.0286312470420881,0.0482910265945282
"Country Sur","Bicentenario",0.0683707278996844,0.0281331769921564,0.0482519524459204
"San Diego","CDS Carrera 32",0.0949166948687572,0.00156661843391201,0.0482416566513346
"Ricaurte","Restrepo",0.0437399902780003,0.0526039240637552,0.0481719571708777
"Boyacá","Normandia",0.0570147456563666,0.0390203446068239,0.0480175451315952
"General Santander","Socorro",0.0565136453344104,0.0393788793015888,0.0479462623179996
"Calle 142","Calle 100 - Marketmedios",0.0122848973838854,0.0834006174052476,0.0478427573945665
"Ciudad Jardín - UAN","Quiroga",0.0817518049557236,0.0139093526633939,0.0478305788095587
"Pradera - Plaza Central","Alquería",0.0406392275386733,0.0548018440678731,0.0477205358032732
"CDS Carrera 32","Hortúa",0.0733895529709226,0.022050393125377,0.0477199730481498
"Puente Aranda","Universidad Nacional",0.0654130710477999,0.0298395520006164,0.0476263115242081
"Cl38A sur - CENTRO MAYOR","Fucha",0.0667391317606329,0.0284721658810111,0.047605648820822
"Carrera 43 - Comapan","Universidad Nacional",0.0766242139727453,0.0184658716236608,0.047545042798203
"Alquería","Olaya",0.0419116561412458,0.0531552410480594,0.0475334485946526
"Fucha","Calle 22",0.0210643468322479,0.0737993559606676,0.0474318513964577
"Portal Usme","Socorro",0.0314538103439725,0.0632497446480377,0.0473517774960051
"Movistar Arena","Calle 26 - Atrio",0.0628639371296987,0.0318326330063048,0.0473482850680017
"Alquería","Guatoque - Veraguas",0.0140990726579241,0.0804260893823607,0.0472625810201424
"San Facon Carrera 22","Nariño",0.0840281440577628,0.0103872552917618,0.0472076996747623
"Parque","Restrepo",0.0248202563977723,0.0695203041545907,0.0471702802761815
"Humedal Córdoba","Granja - cra 77",0.0744213603096313,0.0198671855423183,0.0471442729259748
"Gobernacion","Paloquemao",0.0744883547913355,0.0197055945775763,0.0470969746844559
"Ferias","La Castellana",0.0863149037205966,0.00765513275728362,0.0469850182389401
"Las Aguas - Centro Colombo Americano","Ricaurte",0.0624013339638581,0.0315652636612799,0.046983298812569
"San Diego","Corferias",0.0540218398175231,0.03989422068361,0.0469580302505666
"Portal Tunal","Restrepo",0.0177403706504073,0.0761621159215967,0.046951243286002
"Distrito Grafiti","Cl38A sur - CENTRO MAYOR",0.0476688219013221,0.0461996502067574,0.0469342360540398
"Portal Américas","Perdomo",0.0269773731331577,0.0667983012423725,0.0468878371877651
"Universidades CityU","Marly",0.0333936545581021,0.0603765926191661,0.0468851235886341
"Bicentenario","Olaya",0.0587764102221623,0.0349888217495598,0.0468826159858611
"CDS Carrera 32","Av. 39",0.0678148693762572,0.0258740578343244,0.0468444636052908
"NQS Calle 30 SUR","CAD",0.0228030583894065,0.070738432034385,0.0467707452118957
"Calle 142","Av. Suba - Calle 116",0.0702608399347644,0.0232497882373753,0.0467553140860699
"Pradera - Plaza Central","General Santander",0.0454022541111316,0.0480825938166536,0.0467424239638926
"Normandia","Gobernacion",0.0400416586606054,0.0533325480384104,0.0466871033495079
"San Facon Carrera 22","Corferias",0.088875378201445,0.00431905632325773,0.0465972172623514
"Venecia","Biblioteca",0.063729544508446,0.0294264162688894,0.0465779803886677
"Av. Eldorado","Avenida Jiménez",0.0683511246508457,0.0246449337917866,0.0464980292213161
"Calle 100 - Marketmedios","Ferias",0.0664394094099133,0.0264228752395017,0.0464311423247075
"Puente Aranda","NQS Calle 30 SUR",0.0618895473275846,0.0308593931870433,0.046374470257314
"Mandalay","Venecia",0.0521661390502475,0.0405575966513208,0.0463618678507842
"Transversal 86","Venecia",0.0324982089032772,0.0601760696322998,0.0463371392677885
"Pradera - Plaza Central","Gobernacion",0.077233393670874,0.0153181273472524,0.0462757605090632
"Quinta Paredes","Ricaurte",0.0795733398856574,0.0129317109864222,0.0462525254360398
"Las Nieves","Comuneros",0.0748562376362332,0.0174631445021439,0.0461596910691886
"Museo Nacional","CDS Carrera 32",0.0902019415064346,0.00175871747001193,0.0459803294882233
"Rionegro","Boyacá",0.0665954413346421,0.025339696514537,0.0459675689245896
"Bicentenario","CDS Carrera 32",0.0821866073834034,0.00920758109912422,0.0456970942412638
"Pradera - Plaza Central","Cl38A sur - CENTRO MAYOR",0.0535984393653182,0.0377636437026256,0.0456810415339719
"Quirigua","Modelia",0.034015144151294,0.0572875088562865,0.0456513265037903
"Minuto De Dios","Escuela Militar",0.0444212329470083,0.0468260016564264,0.0456236173017174
"Av. Rojas - UNISALESIANA","Campin - UAN",0.0285030111592937,0.0626431227950263,0.04557306697716
"Universidades CityU","Fucha",0.0165840001053884,0.074511556471988,0.0455477782886882
"Virrey - Cendiatra","Movistar Arena",0.0333441754603185,0.0577239922133282,0.0455340838368233
"El Tiempo - Cámara De Comercio De Bogotá","Ciudad Universitaria- Lotería de Bogotá",0.0288912624433073,0.061948041213787,0.0454196518285472
"Las Aguas - Centro Colombo Americano","Av. Eldorado",0.0516181014788127,0.0391538036311588,0.0453859525549857
"Ferias","NQS Calle 75",0.0809713602915995,0.00975460306310727,0.0453629816773534
"El Tiempo - Cámara De Comercio De Bogotá","Movistar Arena",0.05606356696169,0.0346268195460487,0.0453451932538694
"Boyacá","Suba Calle 100",0.0855523306437826,0.00513574554622415,0.0453440380950034
"Calle 100 - Marketmedios","Humedal Córdoba",0.0796655216046742,0.011018539541723,0.0453420305731986
"Pepe Sierra - Utel Universidad","Avenida 68",0.0643775609815957,0.0262382976155663,0.045307929298581
"7 de Agosto","Paloquemao",0.0117931754092724,0.07805890919891,0.0449260423040912
"El Tiempo - Cámara De Comercio De Bogotá","Campin - UAN",0.0504767327724817,0.0393568760051287,0.0449168043888052
"Av. Rojas - UNISALESIANA","Movistar Arena",0.0333014045605885,0.0564696689329077,0.0448855367467481
"Cl38A sur - CENTRO MAYOR","Consuelo",0.0344539216153041,0.0551921093272651,0.0448230154712846
"Hortúa","Av. 39",0.0132767120636252,0.0763128742301351,0.0447947931468801
"Estación San Bernardo","Olaya",0.079772106395224,0.00959892133367391,0.0446855138644489
"Portal Norte - Unicervantes ","Alcalá - Colegio S. Tomás Dominicos",0.0279623674169472,0.0612759449503341,0.0446191561836406
"Las Aguas - Centro Colombo Americano","Hortúa",0.0798829133838853,0.00909302627450436,0.0444879698291948
"Distrito Grafiti","El Tiempo - Cámara De Comercio De Bogotá",0.0531971674019249,0.0357298162327561,0.0444634918173405
"NQS Calle 30 SUR","Hortúa",0.0568176820880962,0.0320460542947002,0.0444318681913982
"Boyacá","Av. Rojas - UNISALESIANA",0.0438739138856958,0.0449375684716785,0.0444057411786872
"Country Sur","Cl38A sur - CENTRO MAYOR",0.0302730745331271,0.0579064118582783,0.0440897431957027
"El Tiempo - Cámara De Comercio De Bogotá","Corferias",0.0591509118621501,0.0288736474458865,0.0440122796540183
"Humedal Córdoba","Carrera 53",0.0823053061786099,0.00563429761306903,0.0439698018958395
"General Santander","Guatoque - Veraguas",0.0228688284855215,0.0648916803327606,0.0438802544091411
"Humedal Córdoba","Escuela Militar",0.04564856070944,0.0421113644366828,0.0438799625730614
"La Campiña","Quirigua",0.0171596675499157,0.0705225552094017,0.0438411113796587
"Mazurén","Calle 106",0.028818379606619,0.0586787544224582,0.0437485670145386
"Museo Del Oro","Santa Isabel",0.0470157746073844,0.0404649550281543,0.0437403648177693
"Venecia","Calle 40 Sur",0.0451470040319032,0.0420916557072824,0.0436193298695928
"Calle 106","Calle 76",0.0448498397267702,0.0423755463372731,0.0436126930320217
"Calle 161","Pepe Sierra - Utel Universidad",0.0209072235675741,0.0662747905093967,0.0435910070384854
"Suba - Calle 95","Boyacá",0.069979863817697,0.0171781877820483,0.0435790257998726
"Carrera 43 - Comapan","Marly",0.0194474876698123,0.067597207458492,0.0435223475641522
"NQS Calle 30 SUR","Biblioteca",0.0690718854404346,0.0177027223671235,0.043387303903779
"San Facon Carrera 22","Distrito Grafiti",0.0415205382542937,0.0450640702550357,0.0432923042546647
"Avenida Cali","Normandia",0.0550721152507011,0.0311647976378427,0.0431184564442719
"Policarpa","NQS Calle 30 SUR",0.0355032690801122,0.0505671799422958,0.043035224511204
"Granja - cra 77","Carrera 53",0.0660057684485896,0.0199182330400174,0.0429620007443035
"Carrera 43 - Comapan","NQS Calle 30 SUR",0.069840623197342,0.0159490596396475,0.0428948414184948
"Ferias","Normandia",0.0548779734223751,0.0306456067728978,0.0427617900976364
"Minuto De Dios","Normandia",0.0600422747045205,0.0254402181949302,0.0427412464497254
"Avenida 68","Av. Rojas - UNISALESIANA",0.0503746798967169,0.0349254883467377,0.0426500841217273
"Cl38A sur - CENTRO MAYOR","Parque",0.0645633981906863,0.0206490687470549,0.0426062334688706
"Molinos","Restrepo",0.0419235348417632,0.0431592204235553,0.0425413776326592
"Ciudad Universitaria- Lotería de Bogotá","Universidades CityU",0.0475967983750136,0.0374789933957714,0.0425378958853925
"Portal 20  de Julio","Santa Isabel",0.0255987647323759,0.0592980650831276,0.0424484149077518
"Museo Del Oro","Concejo de Bogotá",0.0799625988789582,0.00478127284970634,0.0423719358643323
"Calle 100 - Marketmedios","Boyacá",0.0444602957456841,0.0402235328501338,0.0423419142979089
"Cl38A sur - CENTRO MAYOR","Portal Tunal",0.06564898730842,0.0190064905987277,0.0423277389535738
"Cl38A sur - CENTRO MAYOR","Socorro",0.0564642766381132,0.028155973734293,0.0423101251862031
"Distrito Grafiti","General Santander",0.0361203842830652,0.0484629163694893,0.0422916503262773
"Virrey - Cendiatra","Campin - UAN",0.0228687801121153,0.0616644022270771,0.0422665911695962
"Alquería","Ricaurte",0.0208297355996861,0.0636476435747625,0.0422386895872243
"Suba Calle 100","Flores",0.0722881228841007,0.0121120051674075,0.0422000640257541
"Sevillana","Parque",0.0562615889821369,0.0280879115383482,0.0421747502602425
"Corferias","Calle 22",0.0700116874996308,0.0139309616932981,0.0419713245964644
"Museo Del Oro","Nariño",0.0736491758729913,0.00999862759667292,0.0418239017348321
"Santa Isabel","Calle 22",0.0526104493238082,0.0309402227960904,0.0417753360599493
"Portal Américas","Portal Sur - JFK Coop. Financiera",0.0348958861240255,0.0485964412490593,0.0417461636865424
"NQS Calle 75","Calle 57",0.0609898260897184,0.0223025132081184,0.0416461696489184
"C.C Paseo Villa Del Rio - Madelena","Portal Tunal",0.0476669324984269,0.0356120260506826,0.0416394792745548
"Pradera - Plaza Central","Av. Rojas - UNISALESIANA",0.0296063910531492,0.053562138612643,0.0415842648328961
"Av. Suba - Calle 116","NQS Calle 75",0.0561003884827263,0.0269766580841499,0.0415385232834381
"Ciudad Jardín - UAN","Museo Del Oro",0.0698651069514207,0.0131708256899626,0.0415179663206917
"Polo - FINCOMERCIO","Campin - UAN",0.0615450070511676,0.0213806232490188,0.0414628151500932
"Ciudad Jardín - UAN","De La Sabana",0.0771455731138298,0.00568892834055463,0.0414172507271922
"Puente Aranda","El Tiempo - Cámara De Comercio De Bogotá",0.0451232176511109,0.0376561807764268,0.0413896992137688
"Pradera - Plaza Central","CAN - British Council",0.0728300807110268,0.00966053405314144,0.0412453073820841
"Bicentenario","Centro Memoria",0.0599589435781967,0.0224169806762884,0.0411879621272425
"Cl38A sur - CENTRO MAYOR","CAD",0.0129952833770639,0.0691311681105374,0.0410632257438006
"Pepe Sierra - Utel Universidad","Carrera 53",0.0687835328747695,0.0132579823788495,0.0410207576268095
"Suba - Av. Boyacá","Rionegro",0.0133028913456578,0.0684943238106809,0.0408986075781694
"Av. Primero de Mayo","Calle 40 Sur",0.0696201635083887,0.0119913273447617,0.0408057454265752
"Héroes - Colmena Seguros","Av. 39",0.0129412577102932,0.0684609415168953,0.0407010996135943
"San Diego","Universidad Nacional",0.0709566601887482,0.0104388520204829,0.0406977561046156
"Quinta Paredes","Marly",0.0774763364524281,0.00391339171112987,0.040694864081779
"Museo Nacional","Guatoque - Veraguas",0.0642645557706248,0.0171040517411254,0.0406843037558751
"Corferias","Tygua-San José",0.0312533970584939,0.0501050012526715,0.0406791991555827
"Carrera 47","Movistar Arena",0.0606143140519799,0.0207137409471859,0.0406640274995829
"Country Sur","NQS Calle 30 SUR",0.043068693208402,0.0381259511957347,0.0405973222020683
"Venecia","Santa Isabel",0.0143329070085035,0.0665350471799012,0.0404339770942023
"Av Américas - Av. Boyacá","Sevillana",0.041570787300063,0.0392670297612322,0.0404189085306476
"Toberín- Foundever","21 Ángeles",0.0561955011710399,0.0246301928179238,0.0404128469944818
"Portal 20  de Julio","Cl38A sur - CENTRO MAYOR",0.0197349457161788,0.0610633616426548,0.0403991536794168
"Las Aguas - Centro Colombo Americano","Guatoque - Veraguas",0.0677671256486993,0.0129378336746044,0.0403524796616518
"La Campiña","Avenida Cali",0.0148819728788869,0.0658199483629173,0.0403509606209021
"Granja - cra 77","Carrera 47",0.0369526211753931,0.0433739106222912,0.0401632658988422
"San Victorino","Fucha",0.0554644667639456,0.0247105309886009,0.0400874988762733
"Niza - Calle 127","Avenida Cali",0.0549304537564928,0.0252245173009338,0.0400774855287133
"Virrey - Cendiatra","Marly",0.0377494764751907,0.0423074551437096,0.0400284658094502
"Pepe Sierra - Utel Universidad","Héroes - Colmena Seguros",0.047058440197313,0.0329798250359243,0.0400191326166186
"7 de Agosto","Suba Calle 100",0.0692026904188715,0.0107879620834231,0.0399953262511473
"Prado","21 Ángeles",0.0586676114970172,0.0212840229449843,0.0399758172210008
"Calle 146","Suba - Av. Boyacá",0.0640461356812994,0.0158648070564499,0.0399554713688746
"San Victorino","Av. 39",0.0652231768651248,0.0146731137997004,0.0399481453324126
"Niza - Calle 127","Avenida 68",0.0679207352334069,0.0119250500634965,0.0399228926484517
"Carrera 43 - Comapan","Tygua-San José",0.06764972535537,0.0121843608839083,0.0399170431196392
"Biblioteca Tintal","Sevillana",0.0215240544543444,0.0579173034154295,0.0397206789348869
"Ciudad Jardín - UAN","NQS Calle 30 SUR",0.0420854024441886,0.0373345304997076,0.0397099664719481
"Calle 106","Ferias",0.0592776841089419,0.0197699526570074,0.0395238183829747
"Calle 161","Gratamira",0.0499079690074576,0.0285405918322122,0.0392242804198349
"Calle 127","Carrera 47",0.0379893769634834,0.0402984972363234,0.0391439370999034
"Pradera - Plaza Central","Quinta Paredes",0.0714499508856708,0.00656257991348125,0.039006265399576
"Av. Suba - Calle 116","Polo - FINCOMERCIO",0.0582509846275851,0.0197498272227798,0.0390004059251824
"Calle 127","Escuela Militar",0.0378413381605401,0.0400487890824126,0.0389450636214763
"Las Aguas - Centro Colombo Americano","Concejo de Bogotá",0.075936514612057,0.00182345893952861,0.0388799867757928
"Av. Primero de Mayo","Consuelo",0.0328178100767496,0.044851284554359,0.0388345473155543
"NQS Calle 75","Av. Eldorado",0.0158419939466322,0.0615620863414225,0.0387020401440274
"Virrey - Cendiatra","Ferias",0.0547844449590632,0.0224839152619261,0.0386341801104947
"La Campiña","Niza - Calle 127",0.0550604665197839,0.0222069174782479,0.0386336919990159
"General Santander","Molinos",0.023957465147662,0.0531830354999569,0.0385702503238095
"Country Sur","Comuneros",0.03231905092821,0.0447164634675355,0.0385177571978727
"Carrera 43 - Comapan","Salitre El Greco - Vive Claro",0.0642286261814188,0.0126923801504881,0.0384605031659535
"Puente Aranda","Centro Memoria",0.0554650037242538,0.0214399104851166,0.0384524571046852
"CDS Carrera 32","Gobernacion",0.0750472449605913,0.00182610032620231,0.0384366726433968
"Portal Américas","Bosa",0.0303762555888905,0.0464492372693,0.0384127464290952
"Zona Industrial","CAN - British Council",0.072567610146753,0.0042456954111128,0.0384066527789329
"Calle 106","Boyacá",0.043409678260214,0.0333593695676878,0.0383845239139509
"Estación San Bernardo","CDS Carrera 32",0.0668687072371613,0.00982992198232542,0.0383493146097434
"Puente Aranda","Hortúa",0.0190639324626097,0.0573231341831278,0.0381935333228687
"San Martín","Boyacá",0.0638296293374419,0.0124321398949212,0.0381308846161816
"Comuneros","Calle 26 - Atrio",0.0494360138297054,0.0267560134711993,0.0380960136504523
"Distrito Grafiti","Ciudad Universitaria- Lotería de Bogotá",0.0629791548664178,0.0132039874172787,0.0380915711418482
"Humedal Córdoba","San Martín",0.0488521981206657,0.0272229947158187,0.0380375964182422
"Quirigua","Normandia",0.0433532989717138,0.0326816519790939,0.0380174754754039
"General Santander","Restrepo",0.0436766530910573,0.0322750659784262,0.0379758595347417
"Las Nieves","Gobernacion",0.0126550763408663,0.0631953645490444,0.0379252204449554
"San Facon Carrera 22","Universidad Nacional",0.061253708038746,0.0143416772762125,0.0377976926574793
"Ferias","Av. Rojas - UNISALESIANA",0.046415716684695,0.0290359241040714,0.0377258203943832
"Suba - Av. Boyacá","Suba - Calle 95",0.020253824813885,0.0551386632609994,0.0376962440374422
"Calle 146","Terminal",0.0434903254266623,0.0317438720189289,0.0376170987227956
"Molinos","Fucha",0.0342323942486797,0.0409257135883004,0.0375790539184901
"Quirigua","Avenida 68",0.0534733389323984,0.0214924508289493,0.0374828948806739
"Puentelargo","Avenida Chile",0.0631955609220811,0.0116829200783823,0.0374392405002317
"Av. Suba - Calle 116","Avenida Cali",0.0492562824179153,0.0252657238102886,0.0372610031141019
"Avenida 68","Normandia",0.0512157945334619,0.023232501752826,0.0372241481431439
"C.C Paseo Villa Del Rio - Madelena","NQS Calle 30 SUR",0.0172345254604055,0.0570288868655878,0.0371317061629967
"Escuela Militar","Av. Rojas - UNISALESIANA",0.0149497027129804,0.0592538131253767,0.0371017579191785
"Mandalay","Sevillana",0.0471737628589332,0.0270149940080327,0.037094378433483
"Calle 85 - Gato Dumas","Ferias",0.0440251462930343,0.0300948932788657,0.03706001978595
"Carrera 90","Modelia",0.0364281940923646,0.0376649964674536,0.0370465952799091
"Ferias","Avenida Chile",0.0668117813915054,0.00688083124114589,0.0368463063163256
"Portal 20  de Julio","Santa Lucía",0.0636074576346646,0.0100616022920155,0.03683452996334
"Puente Aranda","Campin - UAN",0.0375338124905245,0.0361239307534523,0.0368288716219884
"Portal Tunal","Danubio",0.049854407568891,0.0236727732650561,0.0367635904169736
"Bicentenario","Corferias",0.0138438626861096,0.0596643006634441,0.0367540816747769
"Distrito Grafiti","Av. Rojas - UNISALESIANA",0.0317522635302622,0.041605050130089,0.0366786568301756
"Sevillana","La Despensa",0.0159785941905208,0.0573409622871839,0.0366597782388524
"Universidades CityU","Av. Eldorado",0.0617960510729619,0.0114818738317142,0.036638962452338
"Quinta Paredes","Av. 39",0.0671280934294793,0.00595684184775175,0.0365424676386155
"Carrera 43 - Comapan","Hortúa",0.029389760337383,0.0436163010195556,0.0365030306784693
"Universidades CityU","Calle 57",0.0179577201898601,0.0546961270623249,0.0363269236260925
"Santa Lucía","Hortúa",0.0155924793170063,0.0569229450239949,0.0362577121705006
"Portal Américas","Av Américas - Av. Boyacá",0.0400312599898876,0.0323791366351305,0.036205198312509
"Ciudad Universitaria- Lotería de Bogotá","Flores",0.04408414645758,0.028108214733353,0.0360961805954665
"7 de Agosto","Av. 39",0.044243361323935,0.027927540651741,0.036085450987838
"Distrito Grafiti","Av. Eldorado",0.0427737081962323,0.0291476040902979,0.0359606561432651
"Consuelo","Restrepo",0.0447214271063675,0.0270913833479845,0.035906405227176
"Estación San Bernardo","NQS Calle 30 SUR",0.032927441535023,0.0387072258847991,0.035817333709911
"Portal 80","Normandia",0.032024280058888,0.0395974048755594,0.0358108424672237
"Calle 85 - Gato Dumas","Av. Suba - Calle 116",0.0550524062195165,0.0165562923800875,0.035804349299802
"Quinta Paredes","Calle 57",0.0655297932744822,0.00602712070294598,0.0357784569887141
"Calle 85 - Gato Dumas","Boyacá",0.0276742220465512,0.0436619597134514,0.0356680908800013
"CDS Carrera 32","Cl38A sur - CENTRO MAYOR",0.0427993957916602,0.0284668920386942,0.0356331439151772
"Minuto De Dios","Av. Rojas - UNISALESIANA",0.0417104654227923,0.029384490626165,0.0355474780244786
"Marsella","Sevillana",0.0367230395522194,0.0341390195130881,0.0354310295326538
"Calle 127","Avenida 68",0.0406226612640906,0.0300387229026377,0.0353306920833641
"Mazurén","Suba - Av. Boyacá",0.0498403971746917,0.020685279849906,0.0352628385122988
"Pradera - Plaza Central","Corferias",0.0558625510009064,0.0146368124551506,0.0352496817280285
"La Castellana","Campin - UAN",0.0340937783985097,0.0363715405526331,0.0352326594755714
"Humedal Córdoba","Carrera 47",0.0588703476178354,0.0113792672970649,0.0351248074574501
"Estación San Bernardo","CAD",0.0376611823489982,0.0325837783291005,0.0351224803390493
"Venecia","Santa Lucía",0.0431670843162968,0.0270702348829053,0.035118659599601
"Pepe Sierra - Utel Universidad","Polo - FINCOMERCIO",0.0584117581654791,0.0116801007994971,0.0350459294824881
"Niza - Calle 127","Carrera 90",0.0369566543669728,0.0329614788003083,0.0349590665836405
"Portal Américas","Sevillana",0.0255788941952491,0.0439892551950277,0.0347840746951384
"Policarpa","Calle 22",0.0635306788654427,0.00598179819665942,0.034756238531051
"Calle 142","La Campiña",0.0240324940193934,0.0454494226972058,0.0347409583582996
"Banderas","Perdomo",0.0162840496848065,0.0527340017764139,0.0345090257306102
"Policarpa","Universidades CityU",0.0637546946144491,0.00520065111120535,0.0344776728628272
"Av. Primero de Mayo","San Victorino",0.0509807555203541,0.0179507673521661,0.0344657614362601
"Av. Primero de Mayo","Molinos",0.033989777711364,0.0348570785880748,0.0344234281497194
"Universidades CityU","Restrepo",0.0132463677963307,0.0555271548268642,0.0343867613115974
"Suba - Av. Boyacá","Granja - cra 77",0.0466156004727984,0.0221356645710612,0.0343756325219298
"Concejo de Bogotá","Comuneros",0.0560972783687024,0.0125409407049829,0.0343191095368426
"Suba - Av. Boyacá","Carrera 90",0.0326788097104493,0.0359142957952153,0.0342965527528323
"Sevillana","Biblioteca",0.0515653498159665,0.0170037746927485,0.0342845622543575
"Granja - cra 77","Escuela Militar",0.0226078869596859,0.0459124931415929,0.0342601900506394
"Alcalá - Colegio S. Tomás Dominicos","Virrey - Cendiatra",0.0089573169321415,0.0593452531767051,0.0341512850544233
"Bicentenario","Av. 39",0.0514712698612288,0.016779417834405,0.0341253438478169
"Corferias","Santa Isabel",0.0291755050407363,0.0390740890101845,0.0341247970254604
"Puentelargo","Calle 76",0.0469697143508594,0.0212661782524864,0.0341179463016729
"Avenida Cali","Modelia",0.0363408823111759,0.0318578952378688,0.0340993887745224
"Avenida Jiménez","Marly",0.0198479857210341,0.0483030736737531,0.0340755296973936
"Nariño","Calle 26 - Atrio",0.023064802612715,0.0450715488582362,0.0340681757354756
"Mazurén","21 Ángeles",0.0416317732109285,0.0264077983924025,0.0340197858016655
"Distrito Grafiti","Alquería",0.0296834552615453,0.0381642637053451,0.0339238594834452
"Virrey - Cendiatra","Boyacá",0.0349505118173887,0.032895032783726,0.0339227723005573
"San Diego","Marly",0.0642967641972249,0.00315935654410425,0.0337280603706646
"Avenida Cali","Av. Rojas - UNISALESIANA",0.0313805720434799,0.0360215651886862,0.033701068616083
"Zona Industrial","Universidades CityU",0.0264535071353416,0.0408972379643927,0.0336753725498672
"Suba - Av. Boyacá","Suba Calle 100",0.027226677289891,0.0399311749014579,0.0335789260956744
"Av. Eldorado","Tygua-San José",0.0431286453358604,0.0239775201248893,0.0335530827303748
"Suba - Av. Boyacá","Avenida Cali",0.0428764976416526,0.0240993931356461,0.0334879453886494
"Avenida Cali","NQS Calle 75",0.0104561702289071,0.0565143716043135,0.0334852709166103
"Universidad Nacional","Guatoque - Veraguas",0.0253297314191719,0.0415480210510709,0.0334388762351214
"San Victorino","Av. Eldorado",0.0539992406576449,0.0128587315176702,0.0334289860876576
"Universidad Nacional","Calle 76",0.042721885029347,0.024061527856893,0.03339170644312
"Cl38A sur - CENTRO MAYOR","Molinos",0.0254596097207134,0.0413017044441407,0.0333806570824271
"Avenida 68","Flores",0.0247925777805563,0.0419374854411486,0.0333650316108525
"Socorro","Nariño",0.0204704481100106,0.0462147434725239,0.0333425957912672
"Paloquemao","Nariño",0.0425963360004891,0.0240127257125915,0.0333045308565403
"Portal 20  de Julio","Comuneros",0.0198492824544499,0.0467281315727211,0.0332887070135855
"Av. Rojas - UNISALESIANA","Quinta Paredes",0.0488405732216999,0.0176682657933037,0.0332544195075018
"CAN - British Council","CAD",0.0563920794103284,0.0101035467150688,0.0332478130626986
"Boyacá","La Castellana",0.055167997702307,0.011218679450782,0.0331933385765445
"Pradera - Plaza Central","Guatoque - Veraguas",0.0290677365327446,0.0372892647496254,0.033178500641185
"Carrera 90","Av. Rojas - UNISALESIANA",0.0264115016683237,0.0397791772192847,0.0330953394438042
"San Victorino","Quinta Paredes",0.0173026817146566,0.0488835110325251,0.0330930963735909
"Museo Nacional","Calle 57",0.0634732718694681,0.00270629604469827,0.0330897839570832
"Universidad Nacional","Santa Isabel",0.0128755316564079,0.0532202696252593,0.0330479006408336
"Portal Tunal","Fucha",0.0141814835549469,0.0518144558760632,0.0329979697155051
"Las Nieves","Santa Isabel",0.0537422737208477,0.0122308262386296,0.0329865499797387
"Santa Isabel","Calle 40 Sur",0.0408114708211814,0.0250595230208192,0.0329354969210003
"Sevillana","Santa Isabel",0.00846580097673955,0.0573790026219431,0.0329224017993413
"Puentelargo","Granja - cra 77",0.049587382256043,0.0162417749314722,0.0329145785937576
"La Campiña","Portal 80",0.0207729972189803,0.044978588157541,0.0328757926882607
"Portal 20  de Julio","Socorro",0.0544435454132946,0.0112570644871231,0.0328503049502088
"Portal 80","Av. Rojas - UNISALESIANA",0.0153978656722775,0.0502468499280226,0.0328223578001501
"Guatoque - Veraguas","Av. 39",0.0307243515297169,0.0347439078823924,0.0327341297060546
"Gobernacion","Calle 26 - Atrio",0.0527604561868141,0.0126826651083483,0.0327215606475812
"Calle 100 - Marketmedios","Granja - cra 77",0.0134639593420926,0.0518608264827359,0.0326623929124143
"Puente Aranda","Cl38A sur - CENTRO MAYOR",0.0427981900383685,0.0224568551691881,0.0326275226037783
"Distrito Grafiti","Universidad Nacional",0.0350852185666794,0.0301262390141695,0.0326057287904245
"Centro Memoria","Comuneros",0.0532925744101792,0.0118539539949933,0.0325732642025863
"Boyacá","NQS Calle 75",0.0521497127225517,0.0128111329555296,0.0324804228390406
"Calle 146","Niza - Calle 127",0.053261884815187,0.011655441817051,0.032458663316119
"Toberín- Foundever","La Campiña",0.0223949702947509,0.0424934866590639,0.0324442284769074
"Portal 80","Avenida 68",0.0375459169303435,0.0268365063632227,0.0321912116467831
"De La Sabana","Universidad Nacional",0.042175367462243,0.0221970559075387,0.0321862116848908
"Carrera 47","Calle 57",0.024710001633158,0.03964558320464,0.032177792418899
"Calle 142","Portal Suba",0.0145140775063728,0.0494785893818381,0.0319963334441054
"Escuela Militar","El Tiempo - Cámara De Comercio De Bogotá",0.0166567870023116,0.0473299546756769,0.0319933708389943
"Policarpa","San Diego",0.0495852201098244,0.0142430223372177,0.0319141212235211
"Ferias","Calle 76",0.022955503225519,0.0408660820272754,0.0319107926263972
"Policarpa","Museo Nacional",0.0338569975376231,0.0299050964393369,0.03188104698848
"Tygua-San José","Quiroga",0.028287829634891,0.0354720021033643,0.0318799158691276
"Portal El Dorado – C.C Nuestro Bogotá","Salitre El Greco - Vive Claro",0.0237196898529202,0.039677552100112,0.0316986209765161
"Portal 20  de Julio","NQS Calle 30 SUR",0.0271831830181866,0.0361950841046992,0.0316891335614429
"San Diego","Hortúa",0.0569628971385903,0.00628480465493598,0.0316238508967631
"Policarpa","Quiroga",0.0501399730588212,0.0130365393315133,0.0315882561951673
"Carrera 47","Campin - UAN",0.0396388882258831,0.0234589990963903,0.0315489436611367
"Las Nieves","Zona Industrial",0.0565724804922643,0.00651680632413026,0.0315446434081973
"Av. Eldorado","Flores",0.0527786921972928,0.0100268017046754,0.0314027469509841
"Zona Industrial","Campin - UAN",0.0393773828878445,0.023384289167699,0.0313808360277718
"Suba - Av. Boyacá","Boyacá",0.049408203873174,0.0133523994359847,0.0313803016545793
"CAD","Hortúa",0.0375268535621934,0.0251503168874412,0.0313385852248173
"San Martín","Campin - UAN",0.0390309056969349,0.0234638398589815,0.0312473727779582
"Zona Industrial","Salitre El Greco - Vive Claro",0.0474672834216922,0.0149646467590163,0.0312159650903543
"General Santander","Fucha",0.037528154747726,0.0247519317147077,0.0311400432312169
"Quirigua","Av. Rojas - UNISALESIANA",0.0214502538230116,0.0406936437777085,0.03107194880036
"Calle 161","Calle 106",0.013394779245438,0.0487466382386392,0.0310707087420386
"Consuelo","Fucha",0.0362412891031682,0.0258998234999709,0.0310705563015696
"Distrito Grafiti","Concejo de Bogotá",0.0451062111293379,0.0168102142187326,0.0309582126740353
"Pepe Sierra - Utel Universidad","Ferias",0.0513420336312904,0.0105374191967174,0.0309397264140039
"Boyacá","Modelia",0.0266952311785193,0.0351634358166183,0.0309293334975688
"Humedal Córdoba","Avenida Cali",0.0561197119535893,0.00571106718199852,0.0309153895677939
"Biblioteca Tintal","Venecia",0.0191537654102274,0.042623907701549,0.0308888365558882
"Zona Industrial","Cl38A sur - CENTRO MAYOR",0.046308795826482,0.0150103316833051,0.0306595637548936
"Estación San Bernardo","Calle 26 - Atrio",0.0567903304051197,0.00439379108445182,0.0305920607447858
"San Facon Carrera 22","Quinta Paredes",0.0605158795731943,0.000618744207239567,0.0305673118902169
"San Victorino","Corferias",0.0272881882263967,0.0337848840294981,0.0305365361279474
"Toberín- Foundever","Suba - Av. Boyacá",0.0458088164390873,0.0152637760764989,0.0305362962577931
"Suba - Av. Boyacá","Minuto De Dios",0.0522414773635053,0.00881661182658808,0.0305290445950467
"Centro Memoria","Hortúa",0.0318597404550893,0.0291943745541778,0.0305270575046335
"Puente Aranda","Tygua-San José",0.0431715645437199,0.0177989111609167,0.0304852378523183
"Calle 142","Suba - Tv. 91",0.0427173574711556,0.0181907364466981,0.0304540469589268
"Minuto De Dios","Polo - FINCOMERCIO",0.020585228270584,0.0402636278312709,0.0304244280509274
"CDS Carrera 32","Campin - UAN",0.0352447493116037,0.0254852499691193,0.0303649996403615
"Portal 20  de Julio","Bicentenario",0.0403493455983039,0.0203632065066466,0.0303562760524753
"Centro Memoria","Nariño",0.0173689721595534,0.0432060322080023,0.0302875021837779
"Concejo de Bogotá","Hortúa",0.0249134307986045,0.0356162113231504,0.0302648210608774
"Distrito Grafiti","Campin - UAN",0.0225739855146221,0.0378492721968584,0.0302116288557403
"Av. Primero de Mayo","Avenida Jiménez",0.0490792487660618,0.0111927262229507,0.0301359874945062
"Gobernacion","Calle 57",0.0492505882433629,0.0109934044367629,0.0301219963400629
"Ciudad Jardín - UAN","Ricaurte",0.0450841926010996,0.0151546436368552,0.0301194181189774
"Minuto De Dios","Modelia",0.0314477489852035,0.0287723815407992,0.0301100652630013
"Puente Aranda","Banderas",0.0132688996422681,0.0469469048118797,0.0301079022270739
"Suba - Tv. 91","Puentelargo",0.0122360766871818,0.0478835977515476,0.0300598372193647
"Avenida Jiménez","Calle 57",0.0106480348436546,0.0494687762787311,0.0300584055611928
"Calle 106","Granja - cra 77",0.0147955439959487,0.045109368516221,0.0299524562560848
"Pepe Sierra - Utel Universidad","Suba - Av. Boyacá",0.0495443263874298,0.010240569824713,0.0298924481060714
"Zona Industrial","Calle 57",0.0150116688246458,0.0447195193039897,0.0298655940643177
"Cl38A sur - CENTRO MAYOR","Nariño",0.0421152931893193,0.0174791947887541,0.0297972439890367
"De La Sabana","Corferias",0.0511505571673696,0.00832696119194908,0.0297387591796593
"Gratamira","Carrera 90",0.0220347085368435,0.0372686149380008,0.0296516617374222
"Ciudad Universitaria- Lotería de Bogotá","Comuneros",0.0450060196558387,0.0141848801156219,0.0295954498857303
"Calle 127","Granja - cra 77",0.0123879426572929,0.0467752007286298,0.0295815716929613
"CDS Carrera 32","Universidades CityU",0.0508270438678742,0.00809782841794682,0.0294624361429105
"Avenida Chile","Marly",0.0470404254548388,0.0118395411164333,0.0294399832856361
"Héroes - Colmena Seguros","Av. Suba - Calle 116",0.0367479820798345,0.0219439194098634,0.029345950744849
"Alcalá - Colegio S. Tomás Dominicos","La Campiña",0.0204943205087978,0.0381511721204262,0.029322746314612
"Gobernacion","Marly",0.0524941072371711,0.00613273086063622,0.0293134190489037
"Calle 127","San Martín",0.0468930868921647,0.0114939096805327,0.0291934982863487
"Carrera 43 - Comapan","Campin - UAN",0.0396971597978418,0.0186791902232251,0.0291881750105335
"San Victorino","Restrepo",0.0448047537538615,0.0135050633065455,0.0291549085302035
"San Diego","Comuneros",0.0485987489765111,0.0097034649065891,0.0291511069415501
"Paloquemao","Marly",0.0408191465612794,0.0174524943640808,0.0291358204626801
"Av. Rojas - UNISALESIANA","Corferias",0.0301862098764928,0.0280647224608054,0.0291254661686491
"Calle 142","Puentelargo",0.0482172541760898,0.00997249420051126,0.0290948741883005
"Calle 146","21 Ángeles",0.0434970268708774,0.0145456867864375,0.0290213568286574
"NQS Calle 30 SUR","Parque",0.0438034371913676,0.0142304890547309,0.0290169631230493
"Carrera 43 - Comapan","Cl38A sur - CENTRO MAYOR",0.045674605365625,0.0121685655924746,0.0289215854790498
"Pepe Sierra - Utel Universidad","Boyacá",0.0392221277407221,0.018598326399802,0.028910227070262
"Boyacá","Calle 76",0.0143138835756219,0.0434803416262632,0.0288971126009425
"Av. Suba - Calle 116","Carrera 90",0.0294686640337352,0.028311611905895,0.0288901379698151
"Restrepo","Calle 26 - Atrio",0.00929317129123352,0.0483603930712071,0.0288267821812203
"San Victorino","Zona Industrial",0.0529332015974831,0.00468793262727052,0.0288105671123768
"Biblioteca Tintal","Perdomo",0.0112259740358599,0.0463319203004515,0.0287789471681557
"Toberín- Foundever","Portal Suba",0.0144111385346544,0.0428668162981239,0.0286389774163891
"Ciudad Jardín - UAN","San Facon Carrera 22",0.0554051463548561,0.00181315729819506,0.0286091518265256
"C.C Paseo Villa Del Rio - Madelena","Terreros - H. Cardiovascular",0.0122513119884545,0.0448440520147775,0.028547682001616
"Las Nieves","Corferias",0.0399616231525598,0.0170695064739402,0.02851556481325
"Corferias","Avenida Chile",0.0284039498847596,0.0286050462006003,0.02850449804268
"Banderas","C.C Paseo Villa Del Rio - Madelena",0.0214661893187536,0.0355267657557705,0.028496477537262
"NQS Calle 30 SUR","Portal Tunal",0.0414559922234142,0.0154846478414982,0.0284703200324562
"Alquería","Restrepo",0.0262966424055168,0.0305581952150357,0.0284274188102762
"Transversal 86","Perdomo",0.0161175155433544,0.040699851341772,0.0284086834425632
"Campin - UAN","Calle 22",0.0319750448935559,0.0245951037939233,0.0282850743437396
"San Facon Carrera 22","Fucha",0.0473526437698566,0.0090151681562898,0.0281839059630732
"Calle 100 - Marketmedios","Niza - Calle 127",0.04575858759705,0.0105455539708285,0.0281520707839392
"Prado","Calle 85 - Gato Dumas",0.0114092224174898,0.0448831910729447,0.0281462067452172
"Tygua-San José","Av. 39",0.0339311572726118,0.022349879991404,0.0281405186320079
"Calle 127","Boyacá",0.0299360704805061,0.0262126141887566,0.0280743423346313
"Las Aguas - Centro Colombo Americano","Comuneros",0.0389033298875931,0.0171707522006968,0.028037041044145
"Ciudad Jardín - UAN","Las Nieves",0.0517934527606905,0.00417714858837531,0.0279853006745329
"Venecia","Socorro",0.0286764624779922,0.0269109983416088,0.0277937304098005
"Salitre El Greco - Vive Claro","Avenida Chile",0.0458451388838704,0.00972764821149145,0.0277863935476809
"La Campiña","Carrera 90",0.0165755457506275,0.0389908003551586,0.0277831730528931
"Parque","Fucha",0.0198219875204879,0.035618635772007,0.0277203116462474
"General Santander","CAD",0.00747377434085281,0.04796128020028,0.0277175272705664
"Zona Industrial","Restrepo",0.0181561776648107,0.037249230863327,0.0277027042640689
"Puente Aranda","Calle 57",0.0111696023927499,0.0441913194230337,0.0276804609078918
"Calle 146","Calle 100 - Marketmedios",0.00727293349715864,0.0480449469267195,0.0276589402119391
"Concejo de Bogotá","7 de Agosto",0.0449954245442443,0.010270019897498,0.0276327222208712
"San Diego","Gobernacion",0.0170364326360633,0.0379632295407389,0.0274998310884011
"Calle 161","21 Ángeles",0.0343391733576725,0.0206213948855454,0.027480284121609
"Gobernacion","Ricaurte",0.0459333491918726,0.00895865162195391,0.0274460004069133
"Minuto De Dios","Suba Calle 100",0.0527115555676681,0.00183948218870578,0.027275518878187
"Av. Rojas - UNISALESIANA","Avenida Chile",0.0318082677356645,0.0227379602496958,0.0272731139926802
"San Diego","Zona Industrial",0.0525900513758727,0.00194797537654691,0.0272690133762098
"Movistar Arena","Ricaurte",0.0146038204294873,0.0398666303917622,0.0272352254106248
"Ricaurte","Quiroga",0.0146917106645287,0.0395133442737345,0.0271025274691316
"Country Sur","Tygua-San José",0.0437951549948654,0.0104059509786924,0.0271005529867789
"CAN - British Council","Paloquemao",0.0427350793692381,0.0112284494920493,0.0269817644306437
"Carrera 47","Marly",0.0137043203218196,0.0401927219533816,0.0269485211376006
"Museo Nacional","Zona Industrial",0.0528551282047935,0.000968525663170933,0.0269118269339822
"Boyacá","Avenida Chile",0.0437666777037825,0.00995194485961511,0.0268593112816988
"Puente Aranda","Av. Rojas - UNISALESIANA",0.0247618776736056,0.0289455528545692,0.0268537152640874
"Suba - Av. Boyacá","San Martín",0.00902934549200169,0.0446483390759395,0.0268388422839706
"Venecia","Comuneros",0.0099386983878649,0.0433913350413782,0.0266650167146216
"CDS Carrera 32","Nariño",0.0471794296506066,0.00588930162103722,0.0265343656358219
"Sevillana","Quiroga",0.0193449602505427,0.0335633112071715,0.0264541357288571
"Ciudad Jardín - UAN","Las Aguas - Centro Colombo Americano",0.0451303716559242,0.00776417829126614,0.0264472749735952
"Quiroga","Avenida Jiménez",0.0111756662298162,0.0416914319734036,0.0264335491016099
"Santa Isabel","Calle 26 - Atrio",0.0330221615541883,0.0197543352077922,0.0263882483809902
"Corferias","NQS Calle 75",0.0170477770344727,0.0357124443185904,0.0263801106765315
"Niza - Calle 127","Escuela Militar",0.0252178776956778,0.0273917806770804,0.0263048291863791
"Concejo de Bogotá","Nariño",0.0138876546925887,0.0386163186298169,0.0262519866612028
"Calle 100 - Marketmedios","Minuto De Dios",0.026880318274024,0.0256104946765819,0.0262454064753029
"Venecia","Consuelo",0.0166714937148548,0.0356485075293361,0.0261600006220954
"C.C Paseo Villa Del Rio - Madelena","León XIII",0.0258764963187352,0.0262798811153819,0.0260781887170585
"San Facon Carrera 22","Restrepo",0.0397533882771614,0.0123985242110959,0.0260759562441286
"Calle 127","Carrera 53",0.0398477182047976,0.0122131224710607,0.0260304203379292
"Mazurén","Niza - Calle 127",0.0374141772330236,0.0144843821363897,0.0259492796847067
"Puente Aranda","General Santander",0.0292637877123336,0.0225511687943713,0.0259074782533524
"Calle 106","Minuto De Dios",0.0280308195142933,0.0237099135906157,0.0258703665524545
"Zona Industrial","Museo Del Oro",0.0370490098004278,0.014653160071616,0.0258510849360219
"Sevillana","Calle 40 Sur",0.03111489199535,0.0203474188380168,0.0257311554166834
"Calle 127","Héroes - Colmena Seguros",0.0227058189317467,0.0287356901743825,0.0257207545530646
"Museo Del Oro","Universidad Nacional",0.0253344081290408,0.0260238380458864,0.0256791230874636
"Av. Primero de Mayo","Museo Del Oro",0.0358144959044087,0.0154195148296693,0.025617005367039
"Av. Primero de Mayo","Ricaurte",0.0267725201773788,0.0244282818000442,0.0256004009887115
"San Diego","CAN - British Council",0.00932840073722701,0.0418391299954102,0.0255837653663186
"Quinta Paredes","Guatoque - Veraguas",0.0353722530246953,0.0157445523028414,0.0255584026637683
"San Facon Carrera 22","Marly",0.028113060363524,0.0227898696091001,0.0254514649863121
"Zona Industrial","Nariño",0.0288728793424835,0.0219386963717974,0.0254057878571405
"Escuela Militar","Marly",0.018933775006496,0.0317020190013245,0.0253178970039102
"Portal Américas","Marsella",0.026308298745196,0.0241942656018961,0.0252512821735461
"CAN - British Council","Avenida Chile",0.045382563674148,0.00502117190215334,0.0252018677881507
"Calle 127","Ferias",0.0365205754642369,0.0138145176900688,0.0251675465771528
"Centro Memoria","Flores",0.0227338307249576,0.0275945436580237,0.0251641871914906
"El Tiempo - Cámara De Comercio De Bogotá","Concejo de Bogotá",0.0151085244149822,0.0351583062368285,0.0251334153259054
"Suba - Av. Boyacá","Ferias",0.0414104124201501,0.00884726343477557,0.0251288379274628
"El Tiempo - Cámara De Comercio De Bogotá","Avenida Chile",0.0402313528451526,0.0100242346881786,0.0251277937666656
"C.C Paseo Villa Del Rio - Madelena","Parque",0.029504535228648,0.0206733714377141,0.0250889533331811
"Calle 161","Suba - Av. Boyacá",0.0339542746636571,0.0160203642246991,0.0249873194441781
"Bicentenario","Zona Industrial",0.0438574468034528,0.00597406747125645,0.0249157571373546
"Virrey - Cendiatra","Granja - cra 77",0.0101736546769283,0.0396074667970763,0.0248905607370023
"Salitre El Greco - Vive Claro","CAD",0.0343760185994197,0.0153460279904541,0.0248610232949369
"Niza - Calle 127","Carrera 53",0.0482308805021268,0.00142172173542184,0.0248263011187743
"Gratamira","Avenida Cali",0.0270351450221368,0.0226032903216225,0.0248192176718797
"Las Nieves","Universidad Nacional",0.043302423224836,0.00620995144408947,0.0247561873344627
"La Castellana","Calle 57",0.040560276523049,0.00878002716993043,0.0246701518464897
"Fucha","Calle 26 - Atrio",0.0114298866274757,0.0378086590048326,0.0246192728161541
"Corferias","Avenida Jiménez",0.0376409847660697,0.0115927792631614,0.0246168820146156
"Transversal 86","Portal Sur - JFK Coop. Financiera",0.0158089325761056,0.0334086109998512,0.0246087717879784
"Portal Américas","C.C Paseo Villa Del Rio - Madelena",0.0238487473673007,0.0253437459004923,0.0245962466338965
"Las Nieves","Fucha",0.0295808300396432,0.0195479051413844,0.0245643675905138
"Av. Primero de Mayo","Paloquemao",0.0145200208018158,0.0345820619623504,0.0245510413820831
"Rionegro","Minuto De Dios",0.0397719481044213,0.00930443178425057,0.024538189944336
"Las Nieves","Quinta Paredes",0.024838431848885,0.0241971455659705,0.0245177887074278
"Ciudad Jardín - UAN","Paloquemao",0.0259486325070214,0.0230857482487513,0.0245171903778864
"Transversal 86","Pradera - Plaza Central",0.0303490577483743,0.0185714532931365,0.0244602555207554
"Policarpa","CDS Carrera 32",0.0433500117061353,0.00550518916983244,0.0244276004379839
"Country Sur","Guatoque - Veraguas",0.0321226953098933,0.0166481774526465,0.0243854363812699
"Prado","Suba Calle 100",0.0464014567187,0.00224092961633777,0.0243211931675189
"Héroes - Colmena Seguros","Minuto De Dios",0.0136969025266321,0.034935637325052,0.0243162699258421
"Av. Primero de Mayo","De La Sabana",0.040582258399631,0.00803391735558826,0.0243080878776096
"Alquería","Fucha",0.0224340261853655,0.0261440722919432,0.0242890492386543
"NQS Calle 30 SUR","Danubio",0.00694949855894278,0.0415152887358875,0.0242323936474151
"Suba - Calle 95","Minuto De Dios",0.0424241384474514,0.00601471813398083,0.0242194282907161
"Ciudad Jardín - UAN","Cl38A sur - CENTRO MAYOR",0.0246129376979736,0.0237884607957482,0.0242006992468609
"Perdomo","San Mateo",0.0154707562553051,0.0326280294908423,0.0240493928730737
"Las Aguas - Centro Colombo Americano","Nariño",0.0455544240521569,0.00251005615622104,0.024032240104189
"Ricaurte","Olaya",0.0253132893220466,0.0227052828702041,0.0240092860961254
"Modelia","CAN - British Council",0.0357912227069908,0.0121178513548033,0.0239545370308971
"Alquería","Paloquemao",0.0104354983816979,0.0374028412469894,0.0239191698143436
"Humedal Córdoba","Polo - FINCOMERCIO",0.0252864424730018,0.0225291124828047,0.0239077774779033
"Museo Nacional","Comuneros",0.0386203192308654,0.00908016984198511,0.0238502445364253
"Universidad Nacional","Avenida Jiménez",0.0321724037856461,0.0155060911405969,0.0238392474631215
"Pepe Sierra - Utel Universidad","Calle 76",0.0289889459796376,0.018642481236468,0.0238157136080528
"Calle 127","NQS Calle 75",0.0200006837397461,0.0275671041126198,0.0237838939261829
"Calle 100 - Marketmedios","Movistar Arena",0.0164016347747076,0.0311589997755854,0.0237803172751465
"Campin - UAN","Comuneros",0.0079220478464112,0.0395797117513743,0.0237508797988927
"Universidades CityU","Comuneros",0.0339200906101689,0.0135594540975166,0.0237397723538428
"Quinta Paredes","Calle 22",0.0435404924963985,0.00389940597332061,0.0237199492348595
"Bicentenario","Concejo de Bogotá",0.0374737146717451,0.00986543883924171,0.0236695767554934
"Policarpa","CAD",0.0245100221874014,0.0227283947466877,0.0236192084670446
"Alcalá - Colegio S. Tomás Dominicos","Suba - Tv. 91",0.0330174125881302,0.0141171419097636,0.0235672772489469
"Av Américas - Av. Boyacá","Alquería",0.0239445259784868,0.0231703813841364,0.0235574536813116
"San Martín","Salitre El Greco - Vive Claro",0.0123781458904135,0.0346795965343796,0.0235288712123966
"Ciudad Jardín - UAN","Calle 40 Sur",0.0441219534453595,0.0028837048129058,0.0235028291291326
"Cl38A sur - CENTRO MAYOR","Tygua-San José",0.0251585864090097,0.0217199814049407,0.0234392839069752
"Puentelargo","Avenida Cali",0.0328891025524724,0.0138884742789247,0.0233887884156986
"Gobernacion","Av. 39",0.0383616184656348,0.00828470350226961,0.0233231609839522
"De La Sabana","Calle 57",0.0131650406888581,0.0332839007497823,0.0232244707193202
"Sevillana","Santa Lucía",0.0323369738448863,0.0140176963749305,0.0231773351099084
"Pepe Sierra - Utel Universidad","Granja - cra 77",0.0142972493105106,0.0319756041553099,0.0231364267329103
"Marsella","Alquería",0.0245172294099322,0.0217433136111195,0.0231302715105259
"Country Sur","Biblioteca",0.043380405199226,0.00285176280688761,0.0231160840030568
"Portal Norte - Unicervantes ","La Campiña",0.00776067011978966,0.0383429016638046,0.0230517858917971
"Av. Primero de Mayo","Danubio",0.0166457956606784,0.0294371931335362,0.0230414943971073
"Minuto De Dios","Portal El Dorado – C.C Nuestro Bogotá",0.0316147068298789,0.0144086830969589,0.0230116949634189
"Perdomo","Cl38A sur - CENTRO MAYOR",0.0150706689048948,0.030930245542784,0.0230004572238394
"Av. Rojas - UNISALESIANA","NQS Calle 75",0.0212961276215999,0.0246679450090748,0.0229820363153373
"Bicentenario","Quiroga",0.0274138891370916,0.0185218947055201,0.0229678919213059
"Zona Industrial","Fucha",0.0202257395862282,0.0256734405362455,0.0229495900612368
"Av. Primero de Mayo","Socorro",0.0341263766579215,0.0116648842598511,0.0228956304588863
"Museo Del Oro","Ciudad Universitaria- Lotería de Bogotá",0.0436472393263049,0.00197026159073115,0.022808750458518
"Av. Suba - Calle 116","Avenida Chile",0.0367358174128118,0.00888138925739294,0.0228086033351024
"Concejo de Bogotá","Santa Isabel",0.0369206069962385,0.00866778157646906,0.0227941942863538
"Estación San Bernardo","Quiroga",0.0373530382087049,0.00822215569924885,0.0227875969539769
"Rionegro","Salitre El Greco - Vive Claro",0.00761077827898659,0.0379532054194359,0.0227819918492113
"Policarpa","Cl38A sur - CENTRO MAYOR",0.019718799994933,0.0258448631117199,0.0227818315533264
"Carrera 53","Movistar Arena",0.0417949895241369,0.00356772818473056,0.0226813588544338
"CDS Carrera 32","CAN - British Council",0.0443906182799788,0.000888662024533861,0.0226396401522563
"Av. Primero de Mayo","General Santander",0.0160760413554397,0.029192545999885,0.0226342936776623
"Distrito Grafiti","Calle 22",0.0165321411213233,0.0287347040892156,0.0226334226052695
"El Tiempo - Cámara De Comercio De Bogotá","Universidad Nacional",0.0330071957671331,0.0122543264348587,0.0226307611009959
"Cl38A sur - CENTRO MAYOR","Hortúa",0.0311378595288937,0.0140058299212911,0.0225718447250924
"Portal Américas","Venecia",0.0191464233408116,0.0259188620621458,0.0225326427014787
"Transversal 86","C.C Paseo Villa Del Rio - Madelena",0.0183687615828422,0.0266730660398967,0.0225209138113695
"Estación San Bernardo","Centro Memoria",0.0424842265919427,0.00233937287294453,0.0224117997324436
"Gobernacion","Avenida Chile",0.0405544968927243,0.00410600481127953,0.0223302508520019
"Calle 106","Suba - Av. Boyacá",0.0367785851776152,0.00783408689354476,0.02230633603558
"Venecia","Molinos",0.0114651684580756,0.0330990014174906,0.0222820849377831
"Carrera 43 - Comapan","Mandalay",0.0141404452737015,0.0304093175634385,0.02227488141857
"De La Sabana","Pradera - Plaza Central",0.0102667598461352,0.0342476705673952,0.0222572152067652
"Distrito Grafiti","Calle 26 - Atrio",0.0153868157084644,0.0290666819636066,0.0222267488360355
"Calle 85 - Gato Dumas","Minuto De Dios",0.0162347862075843,0.0280722249722029,0.0221535055898936
"Salitre El Greco - Vive Claro","Calle 57",0.0251241765946037,0.0191349711631111,0.0221295738788574
"Carrera 43 - Comapan","El Tiempo - Cámara De Comercio De Bogotá",0.0319320069134161,0.0122287072386836,0.0220803570760498
"Portal Sur - JFK Coop. Financiera","San Mateo",0.0236333146703546,0.0205139929185807,0.0220736537944676
"Av. Primero de Mayo","Santa Lucía",0.0395168544649269,0.00451810671102889,0.0220174805879779
"Avenida Cali","Carrera 53",0.0422038673439514,0.00176330622611688,0.0219835867850341
"San Martín","Calle 57",0.0322557412576915,0.0116854230153676,0.0219705821365296
"Virrey - Cendiatra","Humedal Córdoba",0.0387046584511114,0.00520779507381501,0.0219562267624632
"Alcalá - Colegio S. Tomás Dominicos","Portal Suba",0.0105255745176324,0.0333016243016293,0.0219135994096308
"Quinta Paredes","Tygua-San José",0.0215573432549985,0.0221978685337762,0.0218776058943873
"Portal Sur - JFK Coop. Financiera","Cl38A sur - CENTRO MAYOR",0.00912329625235392,0.0345261961250861,0.02182474618872
"Calle 146","Humedal Córdoba",0.0384073896043442,0.0051901874841217,0.021798788544233
"Humedal Córdoba","La Castellana",0.0422180505785329,0.00132040687079188,0.0217692287246624
"Calle 100 - Marketmedios","Campin - UAN",0.0109953140816445,0.0324957130005439,0.0217455135410942
"Bicentenario","Av. Eldorado",0.023530187075773,0.0199447321816325,0.0217374596287027
"Zona Industrial","Mandalay",0.00959933920765121,0.0338318477403789,0.0217155934740151
"Calle 127","21 Ángeles",0.0317312193222586,0.01169505695846,0.0217131381403593
"NQS Calle 75","Marly",0.0342790622970671,0.00906376788128103,0.0216714150891741
"Ferias","Flores",0.0119475043761706,0.0313090726483423,0.0216282885122565
"Biblioteca","Nariño",0.017335656407456,0.0259017025663169,0.0216186794868864
"Escuela Militar","Salitre El Greco - Vive Claro",0.0166793917071721,0.0264796887522762,0.0215795402297241
"Centro Memoria","Santa Isabel",0.0350537841639973,0.00802047353642589,0.0215371288502116
"Prado","Suba - Calle 95",0.0381130624995716,0.00490612224694844,0.02150959237326
"Puente Aranda","Movistar Arena",0.0277009887657427,0.0152376030890846,0.0214692959274137
"Toberín- Foundever","Suba - Tv. 91",0.0294340004194741,0.013458252806953,0.0214461266132135
"Av. Suba - Calle 116","Calle 76",0.0239823339760379,0.0188841147107019,0.0214332243433699
"Estación San Bernardo","Av. Eldorado",0.0167859288839545,0.0260030191241303,0.0213944740040424
"Quinta Paredes","Comuneros",0.0335230243595513,0.0092443611981235,0.0213836927788374
"Museo Nacional","Campin - UAN",0.0366716578620117,0.00602686878480768,0.0213492633234097
"San Martín","Minuto De Dios",0.0380624831633215,0.00461961627662851,0.021341049719975
"Las Aguas - Centro Colombo Americano","Universidad Nacional",0.0258136939588221,0.0167849202287089,0.0212993070937655
"Rionegro","Campin - UAN",0.0235433968040627,0.01899559512272,0.0212694959633913
"Prado","La Castellana",0.0154934560932938,0.0270114692214784,0.0212524626573861
"Country Sur","General Santander",0.0186135650059778,0.0238704179217653,0.0212419914638715
"San Martín","CAN - British Council",0.011669348120473,0.0307919903277024,0.0212306692240877
"Distrito Grafiti","Avenida Jiménez",0.0151141126492262,0.027278351322892,0.0211962319860591
"Prado","La Campiña",0.0150909516426396,0.0272658158792497,0.0211783837609447
"Gratamira","Granja - cra 77",0.0277127572142607,0.0146238338970951,0.0211682955556779
"Avenida Chile","CAD",0.0104649634892644,0.0318667757632222,0.0211658696262433
"Marsella","General Santander",0.0231888998813559,0.0191387869716948,0.0211638434265253
"Puente Aranda","Alquería",0.0222068256808229,0.0201197505753462,0.0211632881280845
"Zona Industrial","General Santander",0.0286307438850321,0.0135237665514993,0.0210772552182657
"Biblioteca","Hortúa",0.00981608690494754,0.032306389549866,0.0210612382274068
"Normandia","7 de Agosto",0.0233659349981706,0.0186425973502151,0.0210042661741928
"Museo Del Oro","Fucha",0.0356980809611601,0.00628202653652398,0.020990053748842
"Suba - Tv. 91","Carrera 90",0.0177332468296652,0.0242284261716214,0.0209808365006433
"Comuneros","Calle 40 Sur",0.0269487451084582,0.0149902169248943,0.0209694810166762
"Portal Américas","León XIII",0.0115536859161564,0.0301859770396642,0.0208698314779103
"Sevillana","Comuneros",0.00587073414916936,0.0358659012263303,0.0208683176877498
"Las Aguas - Centro Colombo Americano","Santa Isabel",0.0285735828890318,0.0130566508366872,0.0208151168628595
"Molinos","Nariño",0.0166872297095349,0.0249213801980248,0.0208043049537799
"Marsella","El Tiempo - Cámara De Comercio De Bogotá",0.0244183081310275,0.0171259811024519,0.0207721446167397
"Humedal Córdoba","Carrera 90",0.0356290081692248,0.00583439424919398,0.0207317012092094
"Las Aguas - Centro Colombo Americano","Ciudad Universitaria- Lotería de Bogotá",0.0406129488865556,0.00082461276949652,0.0207187808280261
"Guatoque - Veraguas","Calle 40 Sur",0.0191347981028485,0.0222630960440712,0.0206989470734599
"Museo Nacional","Hortúa",0.0395582359012722,0.00181713252673123,0.0206876842140017
"Distrito Grafiti","Av. 39",0.0123753273577199,0.0289927553247393,0.0206840413412296
"CDS Carrera 32","General Santander",0.0248627515160607,0.0164328186768578,0.0206477850964593
"CDS Carrera 32","Marly",0.0272765943976315,0.0139936556812086,0.0206351250394201
"Virrey - Cendiatra","Minuto De Dios",0.0205817966184868,0.0206003807256516,0.0205910886720692
"Calle 127","Minuto De Dios",0.0213456090387309,0.0197136199420022,0.0205296144903666
"Portal 20  de Julio","General Santander",0.0125186955882726,0.028536572325407,0.0205276339568398
"Ferias","Modelia",0.0232780688225891,0.017748918870351,0.0205134938464701
"Pradera - Plaza Central","Ciudad Universitaria- Lotería de Bogotá",0.029827564389563,0.0111566831315635,0.0204921237605632
"Salitre El Greco - Vive Claro","Paloquemao",0.026330325041627,0.0146121308532312,0.0204712279474291
"Corferias","Flores",0.0348124822954466,0.00610330237766205,0.0204578923365543
"Ricaurte","Marly",0.0193106632187067,0.0215921521397812,0.020451407679244
"Marsella","Av. Rojas - UNISALESIANA",0.0192385440029829,0.0216636727939917,0.0204511083984873
"Perdomo","Portal Tunal",0.0249187546680288,0.0159581910738921,0.0204384728709604
"San Diego","Nariño",0.030899046203627,0.0098164979118273,0.0203577720577272
"Estación San Bernardo","Cl38A sur - CENTRO MAYOR",0.0178219712080773,0.0228698101815105,0.0203458906947939
"Campin - UAN","Guatoque - Veraguas",0.00985947816471122,0.0307879659132245,0.0203237220389678
"Calle 85 - Gato Dumas","Granja - cra 77",0.00805397370866816,0.0325604030216867,0.0203071883651774
"Carrera 43 - Comapan","General Santander",0.0295610162915725,0.0110527662075217,0.0203068912495471
"Polo - FINCOMERCIO","Av. 39",0.0110745931773071,0.0295050897902696,0.0202898414837883
"Calle 26 - Atrio","Calle 76",0.00715789138091855,0.0333762746179202,0.0202670829994194
"Banderas","Alquería",0.0172669532663501,0.0231624957743089,0.0202147245203295
"Portal 20  de Julio","Tygua-San José",0.0293895673110667,0.0109697892475446,0.0201796782793057
"Calle 161","La Campiña",0.0119949617401768,0.0283096133736601,0.0201522875569184
"Biblioteca Tintal","Portal Sur - JFK Coop. Financiera",0.0122061459615327,0.0280788323196112,0.020142489140572
"Minuto De Dios","La Castellana",0.0327457664270393,0.00750244053891082,0.020124103482975
"CAN - British Council","Calle 57",0.0352351197696034,0.00494716493355205,0.0200911423515777
"Escuela Militar","Normandia",0.0112480151419906,0.028849109394028,0.0200485622680093
"Suba - Tv. 91","Portal 80",0.0196842715573953,0.0200335841730686,0.0198589278652319
"Escuela Militar","Modelia",0.00663044512347566,0.033081124510593,0.0198557848170343
"Universidades CityU","Universidad Nacional",0.0317767734692362,0.00792685847198136,0.0198518159706088
"Las Nieves","Carrera 43 - Comapan",0.0370885098874195,0.00256722403227114,0.0198278669598453
"San Diego","Santa Isabel",0.0333720902203236,0.00618334883936361,0.0197777195298436
"Paloquemao","Fucha",0.0255399113275815,0.0139511476296308,0.0197455294786061
"Pepe Sierra - Utel Universidad","Minuto De Dios",0.0262346090475531,0.0132406870609553,0.0197376480542542
"Av Américas - Av. Boyacá","General Santander",0.0214415898529169,0.0180191757062748,0.0197303827795959
"Bicentenario","Ciudad Universitaria- Lotería de Bogotá",0.021916967872827,0.0174824142873584,0.0196996910800927
"Estación San Bernardo","Av. 39",0.0358224464700429,0.00352270035333441,0.0196725734116887
"Salitre El Greco - Vive Claro","Flores",0.0198220783158066,0.0195167823759032,0.0196694303458549
"Movistar Arena","Comuneros",0.00523687894045338,0.0340681437281424,0.0196525113342979
"Boyacá","Portal El Dorado – C.C Nuestro Bogotá",0.0239102377560393,0.0153680045047257,0.0196391211303825
"Portal Norte - Unicervantes ","Prado",0.0126613853987816,0.0266005587550296,0.0196309720769056
"Ciudad Universitaria- Lotería de Bogotá","Santa Isabel",0.029883214118939,0.0093738376426614,0.0196285258808002
"Salitre El Greco - Vive Claro","NQS Calle 75",0.0279970623104647,0.0112348550896507,0.0196159587000577
"Calle 127","Polo - FINCOMERCIO",0.0286144605160213,0.0104060837713332,0.0195102721436772
"Banderas","Portal Sur - JFK Coop. Financiera",0.0146377662526136,0.0242311502941686,0.0194344582733911
"Biblioteca Tintal","C.C Paseo Villa Del Rio - Madelena",0.0139524114295889,0.0248202906399265,0.0193863510347577
"Paloquemao","Calle 57",0.0244694095884839,0.0142626382950529,0.0193660239417684
"Portal 20  de Julio","Guatoque - Veraguas",0.0202802208507167,0.0182325786077287,0.0192563997292227
"Suba - Av. Boyacá","Portal 80",0.022174440883424,0.0163124134241408,0.0192434271537824
"Carrera 43 - Comapan","Calle 57",0.0133544067059819,0.0250787611629318,0.0192165839344569
"Minuto De Dios","NQS Calle 75",0.0317817681265693,0.00662985519557232,0.0192058116610708
"Las Nieves","Marly",0.033574363631469,0.00481803725879307,0.019196200445131
"De La Sabana","Olaya",0.0213529967024107,0.0168874343175093,0.01912021550996
"Sevillana","Consuelo",0.0132831351343428,0.0249473262244477,0.0191152306793952
"Marsella","Salitre El Greco - Vive Claro",0.0279391622964444,0.0102905712810892,0.0191148667887668
"Estación San Bernardo","Zona Industrial",0.0362983471569744,0.00189410662167898,0.0190962268893267
"21 Ángeles","Carrera 90",0.0195386322850903,0.0186338141906609,0.0190862232378756
"San Martín","Gobernacion",0.0100849104338917,0.0280566584883459,0.0190707844611188
"Sevillana","Socorro",0.0226507067367803,0.0154659592086634,0.0190583329727218
"San Diego","Calle 57",0.0348525965338627,0.00315014082018564,0.0190013686770242
"Héroes - Colmena Seguros","Universidad Nacional",0.0242439005264134,0.0137569847684434,0.0190004426474284
"El Tiempo - Cámara De Comercio De Bogotá","Flores",0.0128987151397475,0.025080116794404,0.0189894159670757
"Granja - cra 77","NQS Calle 75",0.0165558614488307,0.0213605366528174,0.018958199050824
"Marsella","Ricaurte",0.0141523357382891,0.0236996233416383,0.0189259795399637
"Policarpa","Calle 26 - Atrio",0.0345730597540978,0.00317581239560243,0.0188744360748501
"Pradera - Plaza Central","Concejo de Bogotá",0.0209068404454355,0.0166163624070614,0.0187616014262484
"La Castellana","Universidad Nacional",0.0133443732420859,0.0241395787070643,0.0187419759745751
"Quinta Paredes","Avenida Chile",0.0323216765504145,0.00501334804945919,0.0186675122999368
"Pradera - Plaza Central","Calle 22",0.00780716621172135,0.0294706061001222,0.0186388861559218
"CAN - British Council","Marly",0.0346911382314251,0.00255302856562484,0.018622083398525
"Gobernacion","Flores",0.0286840150820571,0.0084871191694961,0.0185855671257766
"Pradera - Plaza Central","Avenida Jiménez",0.00772879011806195,0.0294121095567357,0.0185704498373988
"General Santander","Nariño",0.022605762539286,0.0144376359826394,0.0185216992609627
"Niza - Calle 127","Carrera 47",0.0331934635055708,0.00382298729917712,0.018508225402374
"Museo Nacional","Carrera 43 - Comapan",0.0365431369851396,0.000452692197349669,0.0184979145912446
"General Santander","Danubio",0.00734219333110498,0.0296295845865017,0.0184858889588033
"Suba - Av. Boyacá","Quirigua",0.0239327547130967,0.0128635781536786,0.0183981664333876
"Zona Industrial","El Tiempo - Cámara De Comercio De Bogotá",0.0227023860182156,0.0140493538843262,0.0183758699512709
"El Tiempo - Cámara De Comercio De Bogotá","NQS Calle 75",0.0256845070773509,0.0109428974876467,0.0183137022824988
"Alquería","Danubio",0.00602974979670963,0.030572831876563,0.0183012908366363
"Zona Industrial","Movistar Arena",0.0272185609892909,0.00914274968707991,0.0181806553381854
"San Victorino","Carrera 43 - Comapan",0.0343988838774816,0.00190653212934693,0.0181527080034142
"21 Ángeles","Portal 80",0.0186371555758681,0.0175598898962526,0.0180985227360604
"San Diego","Carrera 43 - Comapan",0.0353305691829933,0.000814403226084555,0.0180724862045389
"Portal Américas","La Despensa",0.0187101857506975,0.0173763581431349,0.0180432719469162
"Museo Del Oro","Restrepo",0.0286305797627132,0.00738020875316449,0.0180053942579388
"C.C Paseo Villa Del Rio - Madelena","Biblioteca",0.0238011535385998,0.0122084480342096,0.0180048007864047
"Pepe Sierra - Utel Universidad","Gratamira",0.0285311505427116,0.00745312299310247,0.017992136767907
"Pradera - Plaza Central","Calle 26 - Atrio",0.00709513404307693,0.0288876733972706,0.0179914037201737
"Av Américas - Av. Boyacá","Av. Rojas - UNISALESIANA",0.0155850626745709,0.0202961253116548,0.0179405939931129
"CDS Carrera 32","Fucha",0.0304651365174926,0.00529859208286736,0.01788186430018
"San Victorino","Gobernacion",0.00885777704434842,0.0268444182161648,0.0178510976302566
"Carrera 43 - Comapan","Movistar Arena",0.0282459882894333,0.00745564866770707,0.0178508184785702
"Mazurén","Humedal Córdoba",0.0259663116951023,0.00968997012268329,0.0178281409088928
"Av. Rojas - UNISALESIANA","Universidad Nacional",0.0172466599062389,0.0183551947470966,0.0178009273266678
"Puentelargo","Carrera 90",0.0191294455321287,0.0164420970010894,0.017785771266609
"Ciudad Jardín - UAN","Calle 22",0.0336155376285498,0.00193290514745187,0.0177742213880008
"CDS Carrera 32","Movistar Arena",0.0235062121989135,0.0120076046602658,0.0177569084295896
"Ciudad Jardín - UAN","Universidades CityU",0.0338592546838753,0.00162709679970186,0.0177431757417886
"Niza - Calle 127","Quirigua",0.0244985996551997,0.0109608564164923,0.017729728035846
"Rionegro","Calle 57",0.0207450370920675,0.0146856093060528,0.0177153231990602
"Avenida 68","Modelia",0.0187127661955282,0.0166924459990072,0.0177026060972677
"Puente Aranda","Restrepo",0.00966296209925092,0.0257164319722984,0.0176896970357746
"Campin - UAN","Santa Isabel",0.00524706239081025,0.0299406087172431,0.0175938355540267
"Universidad Nacional","Tygua-San José",0.0202330520577436,0.0148149689232458,0.0175240104904947
"Marsella","Cl38A sur - CENTRO MAYOR",0.0222701757339603,0.012765833816249,0.0175180047751046
"Mandalay","Alquería",0.0203743684806142,0.0146616260328169,0.0175179972567156
"Portal Suba","Niza - Calle 127",0.0307895502756397,0.00423038797031236,0.017509969122976
"Universidades CityU","Santa Isabel",0.0243784956438399,0.0106161580575332,0.0174973268506865
"Avenida Cali","Avenida Chile",0.0094246277367607,0.0255078724091829,0.0174662500729718
"Av Américas - Av. Boyacá","El Tiempo - Cámara De Comercio De Bogotá",0.0187660736595364,0.0161177765042298,0.0174419250818831
"Carrera 43 - Comapan","Museo Del Oro",0.0239799973085674,0.0107763595052162,0.0173781784068918
"De La Sabana","Quinta Paredes",0.0332441373254997,0.00150245156245726,0.0173732944439785
"La Campiña","Humedal Córdoba",0.0313330208291954,0.00339406378607683,0.0173635423076361
"Portal 20  de Julio","Biblioteca",0.0308740537770576,0.00384910805178869,0.0173615809144232
"Paloquemao","Restrepo",0.0219013773262668,0.0128122497826509,0.0173568135544588
"Calle 187","Prado",0.00581135668200543,0.0287740573603354,0.0172927070211704
"Calle 85 - Gato Dumas","Universidad Nacional",0.0157890767583747,0.0186905411566518,0.0172398089575132
"Avenida 68","Movistar Arena",0.0266667118637689,0.00780940504974604,0.0172380584567575
"Pradera - Plaza Central","Av. 39",0.00564008769451363,0.0287865637555353,0.0172133257250245
"Quinta Paredes","Flores",0.0313088222832992,0.00296616381656718,0.0171374930499332
"Distrito Grafiti","Movistar Arena",0.0174934363877482,0.0167745993780964,0.0171340178829223
"Mandalay","C.C Paseo Villa Del Rio - Madelena",0.0189891371160361,0.0151781450012554,0.0170836410586458
"Prado","Suba - Tv. 91",0.0247901481277201,0.00937310719340961,0.0170816276605649
"Gratamira","Rionegro",0.00666172432511609,0.0273922126314216,0.0170269684782689
"Calle 106","7 de Agosto",0.0124448910787608,0.0215617321392016,0.0170033116089812
"Venecia","Olaya",0.0168987336207921,0.0171021643691158,0.017000448994954
"El Tiempo - Cámara De Comercio De Bogotá","Calle 57",0.0135819611026965,0.0204154410183475,0.016998701060522
"Pradera - Plaza Central","Hortúa",0.00671321600454651,0.0272212494344016,0.0169672327194741
"Portal Usme","Santa Lucía",0.0181862928971107,0.0157179497053842,0.0169521213012474
"San Victorino","Olaya",0.0210505451539089,0.0128499148666444,0.0169502300102766
"Portal 20  de Julio","Museo Del Oro",0.0122382836588829,0.0216382814742764,0.0169382825665796
"Country Sur","Museo Del Oro",0.0156818952089316,0.0181597080918275,0.0169208016503796
"CAN - British Council","Calle 26 - Atrio",0.0295536854161761,0.00428056870886502,0.0169171270625206
"Mazurén","Suba - Tv. 91",0.0213735570526814,0.0124342516821615,0.0169039043674214
"Carrera 43 - Comapan","Universidades CityU",0.0172956254515034,0.0165042318349927,0.0168999286432481
"Prado","Portal Suba",0.00750159783994426,0.0262840432110486,0.0168928205254964
"San Facon Carrera 22","Pradera - Plaza Central",0.0210700699033006,0.0127109330170401,0.0168905014601703
"CDS Carrera 32","Restrepo",0.0266551711065868,0.0071004814941558,0.0168778263003713
"Niza - Calle 127","Portal 80",0.0206402595209888,0.0130258888062936,0.0168330741636412
"CAN - British Council","NQS Calle 75",0.0272251540748704,0.00642316361508051,0.0168241588449755
"Portal Suba","Quirigua",0.01095593952484,0.0226888908269124,0.0168224151758762
"Consuelo","Nariño",0.0174103195634709,0.0161682215533932,0.0167892705584321
"Ferias","7 de Agosto",0.0279184002915357,0.00566012456979963,0.0167892624306677
"Las Nieves","Restrepo",0.0238514134506304,0.00969727256689167,0.016774343008761
"Calle 127","Avenida Chile",0.011932443058407,0.0214859637065552,0.0167092033824811
"CAD","Nariño",0.021503778471775,0.011908466740251,0.016706122606013
"Distrito Grafiti","Tygua-San José",0.0229862141494342,0.0104145934483547,0.0167004037988944
"San Diego","Campin - UAN",0.0284049126329739,0.00493122382701392,0.0166680682299939
"Minuto De Dios","Avenida Chile",0.0273668053991215,0.00595907677007309,0.0166629410845973
"Portal Suba","Portal 80",0.0137826825674316,0.0195330891942481,0.0166578858808398
"Universidades CityU","Flores",0.00478245116820497,0.0285027150138821,0.0166425830910435
"Gratamira","Minuto De Dios",0.0288206035749006,0.00435249494207732,0.016586549258489
"Granja - cra 77","Avenida Chile",0.0147530529401306,0.0183530404785178,0.0165530467093242
"San Facon Carrera 22","Gobernacion",0.0324331342153968,0.000521549805722837,0.0164773420105598
"Comuneros","Av. 39",0.0199223515627175,0.0129997571954454,0.0164610543790815
"San Victorino","Universidad Nacional",0.0253924090224963,0.00748182308503485,0.0164371160537656
"General Santander","Bosa",0.00458363219599579,0.0282904019944295,0.0164370170952126
"Bicentenario","Cl38A sur - CENTRO MAYOR",0.0149408026097134,0.017902378012867,0.0164215903112902
"Av. Primero de Mayo","San Facon Carrera 22",0.0302574097981041,0.00253470895534116,0.0163960593767227
"Rionegro","El Tiempo - Cámara De Comercio De Bogotá",0.00778552081393103,0.0249519388858625,0.0163687298498968
"Salitre El Greco - Vive Claro","Marly",0.0234048853696994,0.00933224614431438,0.0163685657570069
"Prado","Granja - cra 77",0.00709240773098451,0.0255998171977253,0.0163461124643549
"Pradera - Plaza Central","Normandia",0.0158131382365292,0.0166714775827142,0.0162423079096217
"Salitre El Greco - Vive Claro","Calle 26 - Atrio",0.017909677059055,0.0145549085407807,0.0162322927999178
"Rionegro","Granja - cra 77",0.0198534137927412,0.0125607935653994,0.0162071036790703
"Pradera - Plaza Central","Venecia",0.0136391247686633,0.0186230972192098,0.0161311109939365
"Avenida 68","El Tiempo - Cámara De Comercio De Bogotá",0.0210903807569383,0.0111413422366425,0.0161158614967904
"Gratamira","Boyacá",0.0260372388258393,0.00608561174030372,0.0160614252830715
"Portal Usme","Quiroga",0.00944133582263561,0.0226686978214341,0.0160550168220349
"De La Sabana","Campin - UAN",0.0157350339751382,0.0163166481432368,0.0160258410591875
"Puentelargo","7 de Agosto",0.0217172358302537,0.0103252100558655,0.0160212229430596
"Toberín- Foundever","Niza - Calle 127",0.0249254777642469,0.00705820907175236,0.0159918434179996
"Distrito Grafiti","Centro Memoria",0.0253806609617551,0.00651000191545181,0.0159453314386035
"El Tiempo - Cámara De Comercio De Bogotá","Centro Memoria",0.0087868973113666,0.0230714467631359,0.0159291720372513
"Cl38A sur - CENTRO MAYOR","Danubio",0.00774356639776796,0.0240189658804459,0.0158812661391069
"21 Ángeles","Avenida Cali",0.0207845422426586,0.0109428134147819,0.0158636778287203
"Gobernacion","Guatoque - Veraguas",0.0201888809656569,0.0113861652843555,0.0157875231250062
"Bicentenario","Carrera 43 - Comapan",0.0288946220590319,0.002676518407088,0.0157855702330599
"CDS Carrera 32","Marsella",0.0172562362651111,0.0143103027915388,0.015783269528325
"Banderas","General Santander",0.0133927334682956,0.0180746015385615,0.0157336675034286
"San Martín","El Tiempo - Cámara De Comercio De Bogotá",0.0121917004012233,0.0192688993918197,0.0157302998965215
"Museo Nacional","Santa Isabel",0.0259765908675213,0.00542088418004902,0.0156987375237852
"Rionegro","Normandia",0.00578009396348057,0.0256145504625806,0.0156973222130306
"Gratamira","Portal 80",0.0167908523787367,0.014582674368801,0.0156867633737688
"Marsella","NQS Calle 30 SUR",0.0209863440780678,0.0103664384666966,0.0156763912723822
"CAN - British Council","Ricaurte",0.0269620779931142,0.00437311323665471,0.0156675956148844
"Distrito Grafiti","Hortúa",0.0109509458792764,0.0203082495533219,0.0156295977162991
"Zona Industrial","Alquería",0.0200022645896209,0.01117972742645,0.0155909960080355
"San Facon Carrera 22","Campin - UAN",0.0234587073554224,0.00768849736811738,0.0155736023617699
"Gratamira","San Martín",0.00446994582687496,0.0266497547989699,0.0155598503129224
"Carrera 53","Campin - UAN",0.0271114518341228,0.00399483993947728,0.0155531458868
"Granja - cra 77","La Castellana",0.0163793239163518,0.0147243074106777,0.0155518156635147
"NQS Calle 30 SUR","Avenida Jiménez",0.0180742336387947,0.012985750168938,0.0155299919038663
"Suba - Av. Boyacá","Avenida 68",0.0264156920221634,0.00461447053771052,0.015515081279937
"21 Ángeles","Granja - cra 77",0.0188752298593015,0.0121218564081919,0.0154985431337467
"Carrera 43 - Comapan","Restrepo",0.013628176361842,0.0173583943316544,0.0154932853467482
"Museo Nacional","Movistar Arena",0.0243971137748774,0.00646083591344265,0.01542897484416
"San Facon Carrera 22","NQS Calle 30 SUR",0.027247389727218,0.00347499078027168,0.0153611902537448
"Gratamira","Suba Calle 100",0.0138474693861069,0.0168459141525325,0.0153466917693197
"Normandia","Quinta Paredes",0.0205479476907673,0.0100808757475812,0.0153144117191742
"Escuela Militar","Universidad Nacional",0.017854632022401,0.0127659460732176,0.0153102890478093
"Av. Primero de Mayo","Las Aguas - Centro Colombo Americano",0.022981814843115,0.00763011519030295,0.015305965016709
"Prado","Rionegro",0.0229414839952423,0.00766063164041435,0.0153010578178283
"Portal Norte - Unicervantes ","Gratamira",0.0171444631720477,0.0134428114298217,0.0152936373009347
"Carrera 47","Av. Rojas - UNISALESIANA",0.0201148820142082,0.0104475422377032,0.0152812121259557
"Avenida 68","Calle 57",0.00854913484888142,0.0220119678159032,0.0152805513323923
"Movistar Arena","Calle 22",0.0208108633948798,0.00971711715092738,0.0152639902729036
"Zona Industrial","Las Aguas - Centro Colombo Americano",0.0264041208978678,0.0041225440798677,0.0152633324888678
"Av. Eldorado","Calle 76",0.0215300269309273,0.00888442659633104,0.0152072267636292
"Ciudad Jardín - UAN","CDS Carrera 32",0.0273100019717024,0.00307428500520056,0.0151921434884515
"Calle 146","La Campiña",0.0123875239364924,0.0179788709166279,0.0151831974265601
"De La Sabana","Quiroga",0.0104630785893064,0.0198585447165641,0.0151608116529353
"Ciudad Jardín - UAN","San Diego",0.0258794361842448,0.00442418647622088,0.0151518113302328
"Av Américas - Av. Boyacá","Cl38A sur - CENTRO MAYOR",0.0192967673328387,0.0109936039852872,0.015145185659063
"Calle 146","Portal Suba",0.00771006376386677,0.0225323442801695,0.0151212040220181
"La Campiña","Granja - cra 77",0.0118912501735987,0.0182914609679445,0.0150913555707716
"Carrera 43 - Comapan","Alquería",0.0214433942097089,0.00858951528461632,0.0150164547471626
"CAD","Flores",0.020993238304491,0.00900034718350646,0.0149967927439987
"Marsella","CAN - British Council",0.0278988096015034,0.00203520627897091,0.0149670079402371
"Danubio","Restrepo",0.0166715955499694,0.0132578558181777,0.0149647256840736
"Museo Del Oro","Marly",0.0209005381229953,0.00900274626417334,0.0149516421935843
"Carrera 43 - Comapan","Nariño",0.020400392112747,0.00948818352335337,0.0149442878180502
"CDS Carrera 32","Salitre El Greco - Vive Claro",0.0279227135575824,0.00195907107635554,0.014940892316969
"Tygua-San José","Calle 40 Sur",0.0161776257911654,0.0136344399894543,0.0149060328903099
"Alquería","Nariño",0.0133222293383557,0.0164826187261697,0.0149024240322627
"Av Américas - Av. Boyacá","C.C Paseo Villa Del Rio - Madelena",0.0138032522593065,0.0159733266598072,0.0148882894595568
"Las Aguas - Centro Colombo Americano","Marly",0.0254173129914252,0.00431697258025258,0.0148671427858389
"Calle 127","Calle 76",0.0138514676474255,0.0158690201612241,0.0148602439043248
"Av. Primero de Mayo","Las Nieves",0.0262761210860563,0.00343091662711034,0.0148535188565833
"Suba - Tv. 91","Quirigua",0.0170906079612174,0.0125931892454071,0.0148418986033122
"Ciudad Jardín - UAN","Consuelo",0.0173675160816692,0.0123093331284029,0.014838424605036
"Policarpa","Calle 40 Sur",0.0268221642947334,0.00281356817155565,0.0148178662331445
"Suba - Tv. 91","Avenida Cali",0.0171178067275284,0.012342668088931,0.0147302374082297
"Quinta Paredes","Santa Isabel",0.023506707680023,0.00594990795869041,0.0147283078193567
"Olaya","Calle 22",0.00817595449708373,0.0212152234460652,0.0146955889715745
"Transversal 86","Distrito Grafiti",0.013976909106214,0.0153898759424781,0.0146833925243461
"Puente Aranda","Universidades CityU",0.0107111362705041,0.0186208523068756,0.0146659942886898
"Sevillana","Molinos",0.00908962380455305,0.0202416768705844,0.0146656503375687
"Gobernacion","Tygua-San José",0.0116499282100062,0.0176749492959298,0.014662438752968
"Ferias","El Tiempo - Cámara De Comercio De Bogotá",0.0173367945217778,0.01196971949226,0.0146532570070189
"Gratamira","Quirigua",0.0171390668756228,0.0121402930428517,0.0146396799592373
"Av Américas - Av. Boyacá","Salitre El Greco - Vive Claro",0.0202358399433957,0.00903608923364213,0.0146359645885189
"Marsella","Santa Isabel",0.0161714404270193,0.0130454199711555,0.0146084301990874
"Distrito Grafiti","Marly",0.0077769919645174,0.0214335551361831,0.0146052735503502
"Calle 146","Suba - Tv. 91",0.0215766055283848,0.00760874019401571,0.0145926728612003
"Av. Rojas - UNISALESIANA","Ciudad Universitaria- Lotería de Bogotá",0.0145891781573579,0.0145616428582787,0.0145754105078183
"Gobernacion","NQS Calle 75",0.0240734567319267,0.00507187781805506,0.0145726672749909
"Granja - cra 77","Suba Calle 100",0.0267616241073732,0.0023382201883795,0.0145499221478764
"Concejo de Bogotá","Calle 76",0.013899003979221,0.0151777965212014,0.0145384002502112
"Centro Memoria","7 de Agosto",0.0236167190278551,0.00541670821561321,0.0145167136217342
"Ciudad Jardín - UAN","Museo Nacional",0.017538927918175,0.0114658524196562,0.0145023901689156
"Estación San Bernardo","Corferias",0.0103406702819631,0.0185888567067277,0.0144647634943454
"Biblioteca Tintal","Pradera - Plaza Central",0.014034173415086,0.0148483185947114,0.0144412460048987
"Pradera - Plaza Central","Av. Eldorado",0.0199582792640291,0.00879754983907747,0.0143779145515533
"Perdomo","Parque",0.0148590272498378,0.0138143882290592,0.0143367077394485
"Modelia","Gobernacion",0.019700034893221,0.00896902725630463,0.0143345310747628
"Polo - FINCOMERCIO","Universidad Nacional",0.0249703158955936,0.00368378058454764,0.0143270482400706
"Marsella","Gobernacion",0.0258914271476485,0.00275946926017886,0.0143254482039137
"Venecia","Guatoque - Veraguas",0.00563518615614403,0.0230124365521747,0.0143238113541594
"General Santander","Tygua-San José",0.0131668665703538,0.0153891545678357,0.0142780105690948
"CAN - British Council","Flores",0.0243608391593359,0.00417302565056228,0.0142669324049491
"NQS Calle 75","CAD",0.00648498827565793,0.022018674418764,0.014251831347211
"Calle 85 - Gato Dumas","Humedal Córdoba",0.0240882864143441,0.00438411693616225,0.0142362016752532
"Gratamira","Suba - Calle 95",0.0102911698361162,0.0179559231245888,0.0141235464803525
"Ciudad Universitaria- Lotería de Bogotá","Calle 76",0.0185437784824296,0.0096589460849742,0.0141013622837019
"Modelia","7 de Agosto",0.010364551613212,0.0178160567604449,0.0140903041868285
"Avenida 68","Marly",0.00484573468211105,0.0233094549588197,0.0140775948204654
"De La Sabana","NQS Calle 30 SUR",0.0194858125299583,0.00865248671641537,0.0140691496231868
"Estación San Bernardo","Concejo de Bogotá",0.0268547020649841,0.00116112576071693,0.0140079139128505
"Ciudad Universitaria- Lotería de Bogotá","Avenida Chile",0.0249476189026217,0.00305724465884128,0.0140024317807315
"Carrera 47","El Tiempo - Cámara De Comercio De Bogotá",0.0209609363399908,0.00700434650564821,0.0139826414228195
"Puentelargo","Flores",0.0192431394726529,0.00869438586847705,0.013968762670565
"Corferias","Universidades CityU",0.0234520951974404,0.00444637454318355,0.013949234870312
"Gobernacion","Calle 22",0.0223984179590525,0.00547005400581711,0.0139342359824348
"21 Ángeles","Quirigua",0.0172356613681523,0.0105825431749202,0.0139091022715362
"General Santander","Hortúa",0.0163428457420279,0.0114485896375132,0.0138957176897705
"El Tiempo - Cámara De Comercio De Bogotá","Calle 76",0.0100408020021701,0.0177209647335502,0.0138808833678602
"Av. Suba - Calle 116","Quirigua",0.0179273499029939,0.0097155515045171,0.0138214507037555
"Quinta Paredes","Avenida Jiménez",0.0242563354401776,0.00331366081851518,0.0137849981293464
"Calle 161","Niza - Calle 127",0.0196837898769638,0.00788537320767575,0.0137845815423198
"Calle 161","Suba - Tv. 91",0.016690804066753,0.0108493538901749,0.0137700789784639
"Boyacá","El Tiempo - Cámara De Comercio De Bogotá",0.0153064957109714,0.0121958782578945,0.013751186984433
"Museo Del Oro","Corferias",0.0233548338847375,0.00402688417842692,0.0136908590315822
"Virrey - Cendiatra","Universidad Nacional",0.00931509368581365,0.018059586207377,0.0136873399465953
"Country Sur","Parque",0.0245207180526603,0.00282654295457069,0.0136736305036155
"Calle 146","Av. Suba - Calle 116",0.021471496803133,0.00585760261740867,0.0136645497102708
"Puente Aranda","Fucha",0.0104482086122394,0.016870920445603,0.0136595645289212
"Universidades CityU","Olaya",0.0060720610685981,0.0212470156413706,0.0136595383549843
"Humedal Córdoba","NQS Calle 75",0.0247799939415898,0.00252995904358652,0.0136549764925881
"Normandia","Movistar Arena",0.015849855123955,0.0114379434826359,0.0136438993032954
"Santa Isabel","Santa Lucía",0.0193996114148325,0.0078319855005362,0.0136157984576844
"Calle 100 - Marketmedios","Calle 57",0.0135892543476697,0.0135664483957697,0.0135778513717197
"Avenida Cali","Carrera 47",0.0233710511196282,0.00378300803661555,0.0135770295781219
"Puente Aranda","Nariño",0.0136106166135643,0.0134909783257595,0.0135507974696619
"Suba - Calle 95","Movistar Arena",0.021415522004062,0.00564344292913892,0.0135294824666005
"Ricaurte","Calle 57",0.0114098395600821,0.0156088686638469,0.0135093541119645
"Escuela Militar","Av. 39",0.00652490225854879,0.0204608048210938,0.0134928535398213
"Pradera - Plaza Central","Campin - UAN",0.0115691754552106,0.0153388259943152,0.0134540007247629
"Carrera 53","Av. Rojas - UNISALESIANA",0.0238818805459746,0.00298356598923253,0.0134327232676035
"Toberín- Foundever","Pepe Sierra - Utel Universidad",0.00562395959998608,0.0211882558094329,0.0134061077047095
"Pradera - Plaza Central","Universidad Nacional",0.0168790871732491,0.00990756003176325,0.0133933236025062
"San Martín","Granja - cra 77",0.0191321079321465,0.00764942117868456,0.0133907645554155
"Marsella","Comuneros",0.0156295356159321,0.0111261033580678,0.0133778194869999
"Suba - Calle 95","Granja - cra 77",0.0213069442653218,0.00542469147159403,0.0133658178684579
"Portal Norte - Unicervantes ","21 Ángeles",0.0163364254962277,0.0103822725814788,0.0133593490388533
"La Castellana","Marly",0.0218443456534836,0.0048336610713787,0.0133390033624312
"Boyacá","7 de Agosto",0.0187570281940381,0.00785556224245783,0.013306295218248
"Carrera 43 - Comapan","Fucha",0.0149588926271867,0.011647953757872,0.0133034231925293
"C.C Paseo Villa Del Rio - Madelena","Quiroga",0.00701774559996799,0.0195443813094792,0.0132810634547236
"Alcalá - Colegio S. Tomás Dominicos","Calle 85 - Gato Dumas",0.00511837900912734,0.0213188457829409,0.0132186123960341
"Las Nieves","Puente Aranda",0.0229767050153202,0.00345296470318141,0.0132148348592508
"El Tiempo - Cámara De Comercio De Bogotá","Av. Eldorado",0.0207593222809767,0.00554578776443007,0.0131525550227034
"Concejo de Bogotá","Fucha",0.00758205790046261,0.0186552745033672,0.0131186662019149
"Salitre El Greco - Vive Claro","Ricaurte",0.0169295357706901,0.00929295980660823,0.0131112477886492
"Av Américas - Av. Boyacá","NQS Calle 30 SUR",0.0171350518861543,0.00902609149505538,0.0130805716906048
"Avenida 68","Campin - UAN",0.0172590412250309,0.00889924624987621,0.0130791437374536
"San Martín","Normandia",0.00821707058339357,0.017916650772105,0.0130668606777493
"Humedal Córdoba","Quirigua",0.0226149778624595,0.00349501928636849,0.013054998574414
"Normandia","Avenida Chile",0.0202872759301315,0.00581354971575532,0.0130504128229434
"Virrey - Cendiatra","Niza - Calle 127",0.0213586560331242,0.0047341119907531,0.0130463840119386
"Policarpa","Av. Eldorado",0.0105588476688089,0.015429246002292,0.0129940468355504
"Country Sur","Ricaurte",0.0138670147553291,0.0121147752334219,0.0129908949943755
"Ferias","Portal El Dorado – C.C Nuestro Bogotá",0.0189044791654613,0.0070374993149931,0.0129709892402272
"Boyacá","Flores",0.00751656923697044,0.0183486201676245,0.0129325947022975
"Av. Primero de Mayo","Biblioteca",0.0239274021561194,0.00186876229597495,0.0128980822260472
"San Martín","Av. Rojas - UNISALESIANA",0.0108925795974452,0.0148951141033059,0.0128938468503755
"Ciudad Jardín - UAN","Molinos",0.0176138146615551,0.00816552253387261,0.0128896685977138
"Country Sur","Avenida Jiménez",0.0220762116623959,0.00363020840049486,0.0128532100314454
"Alquería","Tygua-San José",0.00789366541381492,0.0177713802719768,0.0128325228428959
"Prado","Boyacá",0.014006456487791,0.011617321415245,0.012811888951518
"Carrera 90","Carrera 53",0.024787070948819,0.000791875137341925,0.0127894730430804
"Calle 106","Gratamira",0.0203981136878118,0.00517695114589321,0.0127875324168525
"Salitre El Greco - Vive Claro","Calle 76",0.0133828970147232,0.0121861980489247,0.012784547531824
"Policarpa","Zona Industrial",0.0241874715281725,0.00137942366352909,0.0127834475958508
"Tygua-San José","Socorro",0.00503148863136494,0.0205293214428802,0.0127804050371226
"Mandalay","Perdomo",0.0132946036064336,0.0122641531565802,0.0127793783815069
"CAN - British Council","Av. 39",0.0225191190679264,0.00303802265791977,0.0127785708629231
"Quinta Paredes","NQS Calle 75",0.0192039457809145,0.00635113910974914,0.0127775424453318
"Carrera 43 - Comapan","Av. Rojas - UNISALESIANA",0.0169913045156358,0.00853048628058021,0.012760895398108
"Carrera 43 - Comapan","Banderas",0.00874438340944339,0.0167555284500929,0.0127499559297682
"Prado","Avenida 68",0.0149730732676522,0.010486530480703,0.0127298018741776
"Ciudad Universitaria- Lotería de Bogotá","Nariño",0.00900600436561228,0.0163720565970753,0.0126890304813438
"Héroes - Colmena Seguros","Humedal Córdoba",0.0158374405027707,0.0095240782904916,0.0126807593966312
"Pradera - Plaza Central","Modelia",0.00706296424043557,0.0182814012646372,0.0126721827525364
"Sevillana","León XIII",0.00906384648294896,0.0162800761520005,0.0126719613174747
"Pepe Sierra - Utel Universidad","7 de Agosto",0.00816371955862129,0.017162218572434,0.0126629690655276
"Av Américas - Av. Boyacá","Ricaurte",0.00941620183373839,0.015851770420419,0.0126339861270787
"Biblioteca Tintal","Bosa",0.00712790652488626,0.0181302586545152,0.0126290825897007
"Campin - UAN","Avenida Jiménez",0.0119313558735548,0.0133090542407821,0.0126202050571685
"Estación San Bernardo","Carrera 43 - Comapan",0.024134517238926,0.0010003915450782,0.0125674543920021
"Minuto De Dios","Calle 76",0.0084569353886849,0.0166600798990695,0.0125585076438772
"Transversal 86","General Santander",0.0073553737378704,0.0177349598305856,0.012545166784228
"Danubio","Fucha",0.0138226831697802,0.0112398858727866,0.0125312845212834
"Gobernacion","Comuneros",0.0202529492553008,0.00476401717461573,0.0125084832149583
"Mandalay","General Santander",0.0165905313715443,0.00840768881928504,0.0124991100954147
"Policarpa","Corferias",0.00692240318495364,0.0180619574072759,0.0124921802961147
"Av Américas - Av. Boyacá","Perdomo",0.00863581890159495,0.0163374025735518,0.0124866107375734
"Country Sur","San Victorino",0.0226266904805931,0.00233719492532187,0.0124819427029575
"Niza - Calle 127","La Castellana",0.0231359364879081,0.00179368275408347,0.0124648096209958
"Policarpa","Centro Memoria",0.023194416118407,0.00169395924252189,0.0124441876804645
"Museo Nacional","Gobernacion",0.0180532332910809,0.00681477478021763,0.0124340040356493
"San Victorino","NQS Calle 30 SUR",0.0136943995646022,0.0110690812670399,0.012381740415821
"Gratamira","Ferias",0.0211823750744636,0.00354460550048617,0.0123634902874749
"Transversal 86","Bosa",0.00739052400879897,0.0172884543907787,0.0123394891997888
"Centro Memoria","Fucha",0.0090298921161558,0.0156393985462883,0.0123346453312221
"Ciudad Universitaria- Lotería de Bogotá","Hortúa",0.0157838427305638,0.00887408655872586,0.0123289646446448
"Carrera 53","El Tiempo - Cámara De Comercio De Bogotá",0.0226268716636351,0.00200669968308652,0.0123167856733608
"San Victorino","CAN - British Council",0.00484088444726138,0.0197909178115135,0.0123159011293874
"C.C Paseo Villa Del Rio - Madelena","Calle 40 Sur",0.0118106380510529,0.0127627427385155,0.0122866903947842
"Las Nieves","CAN - British Council",0.00689216459571085,0.0176768631894155,0.0122845138925632
"Portal 20  de Julio","Portal Usme",0.0142444461025746,0.0102902156725274,0.012267330887551
"Salitre El Greco - Vive Claro","Av. 39",0.0140661549078727,0.010437810605363,0.0122519827566178
"Distrito Grafiti","Normandia",0.0153296652224919,0.00914330542710369,0.0122364853247978
"Av. Suba - Calle 116","Portal 80",0.0136254864605044,0.0108281595452604,0.0122268230028824
"Museo Nacional","Puente Aranda",0.0237341091485561,0.000677461174792118,0.0122057851616741
"Ciudad Jardín - UAN","Santa Lucía",0.0232956189316933,0.00103806951118294,0.0121668442214381
"Movistar Arena","Guatoque - Veraguas",0.00642867011814223,0.0178988294304073,0.0121637497742748
"Calle 106","Flores",0.0172520125590335,0.00707303144577119,0.0121625220024023
"Normandia","Campin - UAN",0.0129775524210972,0.0111160276681364,0.0120467900446168
"Rionegro","Av. Rojas - UNISALESIANA",0.00723896227445608,0.0167399000566548,0.0119894311655554
"Portal Sur - JFK Coop. Financiera","Portal Tunal",0.0154782095647752,0.00847754356878014,0.0119778765667777
"Av. Rojas - UNISALESIANA","Calle 76",0.00727037752427472,0.0166454619311754,0.0119579197277251
"Prado","Carrera 47",0.0118063054382403,0.0120764638457516,0.0119413846419959
"Pradera - Plaza Central","Restrepo",0.00507997317699238,0.0188009543858356,0.011940463781414
"San Victorino","Puente Aranda",0.0211642239414629,0.00271574385097479,0.0119399838962189
"Portal Usme","Calle 40 Sur",0.010919538268241,0.0129504269353371,0.0119349826017891
"Santa Isabel","Consuelo",0.00817308791653647,0.0156832533397009,0.0119281706281187
"Portal 20  de Julio","Ricaurte",0.00869723214363883,0.0151552280444822,0.0119262300940605
"El Tiempo - Cámara De Comercio De Bogotá","CAD",0.0151666173957934,0.00863185372205479,0.0118992355589241
"7 de Agosto","Calle 26 - Atrio",0.0156920224956974,0.00809738324061724,0.0118947028681573
"Alcalá - Colegio S. Tomás Dominicos","Granja - cra 77",0.00466139306323881,0.0190954310501685,0.0118784120567037
"Movistar Arena","Santa Isabel",0.00348128003951185,0.0202487415543146,0.0118650107969132
"Mandalay","El Tiempo - Cámara De Comercio De Bogotá",0.0106289426278633,0.0130957264428042,0.0118623345353337
"Suba - Tv. 91","Granja - cra 77",0.0144002574100317,0.00931282181252067,0.0118565396112762
"Corferias","NQS Calle 30 SUR",0.00643507532067105,0.0172207914965849,0.011827933408628
"Parque","Hortúa",0.0053193943897031,0.0183070687288592,0.0118132315592811
"Carrera 90","NQS Calle 75",0.00617125382733716,0.0174523424366003,0.0118117981319687
"San Facon Carrera 22","Olaya",0.0206560365504601,0.00290101352164419,0.0117785250360521
"San Diego","Puente Aranda",0.0223610844295229,0.00119126235791111,0.011776173393717
"Parque","Portal Usme",0.015084213010105,0.00845028503881712,0.0117672490244611
"Museo Nacional","Nariño",0.0212566338700348,0.00218105404360874,0.0117188439568218
"Humedal Córdoba","Portal 80",0.0181720403576088,0.00524522250579529,0.011708631431702
"C.C Paseo Villa Del Rio - Madelena","Santa Lucía",0.0135474602275079,0.00985607407393161,0.0117017671507197
"Calle 161","Portal Suba",0.00728018494559076,0.0160613625539166,0.0116707737497537
"Calle 127","La Campiña",0.00825456100491392,0.0150618484159676,0.0116582047104408
"Las Aguas - Centro Colombo Americano","Fucha",0.0217145055604199,0.0015244745171672,0.0116194900387935
"Marsella","C.C Paseo Villa Del Rio - Madelena",0.0111357912083512,0.0120154854963272,0.0115756383523392
"Carrera 53","Normandia",0.0215684956664548,0.0015260122994196,0.0115472539829372
"San Facon Carrera 22","Calle 57",0.0157877868815611,0.00730351837524702,0.0115456526284041
"CDS Carrera 32","Alquería",0.0164953497966068,0.00652338661810338,0.0115093682073551
"Country Sur","De La Sabana",0.0184252995636403,0.00455872863574004,0.0114920140996902
"Héroes - Colmena Seguros","Granja - cra 77",0.00682930952197002,0.0161183828713519,0.011473846196661
"Ciudad Jardín - UAN","CAD",0.0137472631915254,0.009174097005773,0.0114606800986492
"CDS Carrera 32","Calle 57",0.0166914626228576,0.00620115077190297,0.0114463066973803
"Modelia","Campin - UAN",0.00669443350741012,0.0161956275035807,0.0114450305054954
"Suba - Calle 95","Salitre El Greco - Vive Claro",0.00485225160991309,0.0180154527181692,0.0114338521640412
"Las Nieves","Calle 57",0.0179495890538444,0.00488617803855738,0.0114178835462009
"Bicentenario","Quinta Paredes",0.00910758414537391,0.0137144078300624,0.0114109959877182
"San Diego","Movistar Arena",0.0186257061308833,0.00417434269648783,0.0114000244136856
"Alcalá - Colegio S. Tomás Dominicos","Suba Calle 100",0.0216279793029347,0.00115004722598423,0.0113890132644595
"Mazurén","La Campiña",0.0126769751783401,0.0100426211305066,0.0113597981544233
"Las Aguas - Centro Colombo Americano","Corferias",0.0204617526372254,0.00224612160335985,0.0113539371202926
"Pepe Sierra - Utel Universidad","Avenida Cali",0.00973453518845239,0.0129426946944881,0.0113386149414703
"Avenida Cali","Escuela Militar",0.014212227564686,0.00841414040792119,0.0113131839863036
"Toberín- Foundever","Calle 106",0.00358304973354051,0.0190078787693934,0.011295464251467
"Avenida Chile","Av. 39",0.0174758827238307,0.00507535395609618,0.0112756183399634
"Carrera 47","Salitre El Greco - Vive Claro",0.0192420892424728,0.00329507845655761,0.0112685838495152
"Marsella","Quinta Paredes",0.0213764462152374,0.00113176522330659,0.011254105719272
"Puente Aranda","Museo Del Oro",0.0147117127971757,0.00778472600474238,0.011248219400959
"Prado","Escuela Militar",0.0112218331579627,0.0112137600989411,0.0112177966284519
"Polo - FINCOMERCIO","El Tiempo - Cámara De Comercio De Bogotá",0.0122620744789879,0.0101506309831166,0.0112063527310523
"Santa Isabel","Av. 39",0.0129511154874064,0.00942743006279679,0.0111892727751016
"Portal Tunal","Nariño",0.00679398771230783,0.0155732965626117,0.0111836421374598
"7 de Agosto","Ricaurte",0.00575621473212794,0.0166101016022982,0.0111831581672131
"Biblioteca","Portal Usme",0.0149256348948631,0.00741620705878603,0.0111709209768246
"Ciudad Jardín - UAN","General Santander",0.0133673171282279,0.00893205747306612,0.011149687300647
"Portal Tunal","Hortúa",0.00393125680816015,0.0183296537372881,0.0111304552727241
"Portal El Dorado – C.C Nuestro Bogotá","CAN - British Council",0.0142647623277916,0.00794491591976338,0.0111048391237775
"Granja - cra 77","7 de Agosto",0.00697499270373739,0.015223630682749,0.0110993116932432
"San Martín","Quinta Paredes",0.00797346131395023,0.0142154604100186,0.0110944608619844
"Ciudad Jardín - UAN","Socorro",0.01882625734705,0.003335064084709,0.0110806607158795
"Portal Sur - JFK Coop. Financiera","NQS Calle 30 SUR",0.00484696429774107,0.0172645901770772,0.0110557772374091
"Modelia","Movistar Arena",0.00841501672035092,0.0136942028322124,0.0110546097762816
"Zona Industrial","Olaya",0.0115343458241513,0.0105421591847356,0.0110382525044434
"Transversal 86","Alquería",0.00998492404942736,0.0120614191036534,0.0110231715765404
"Normandia","NQS Calle 75",0.0144862525862996,0.0075054794067429,0.0109958659965212
"Distrito Grafiti","Venecia",0.0086838926716783,0.0132988590991768,0.0109913758854275
"Portal 20  de Julio","Parque",0.0179841636253326,0.00397769245139067,0.0109809280383616
"Santa Isabel","Molinos",0.00684661331953815,0.0151053023017095,0.0109759578106238
"Bicentenario","Universidad Nacional",0.0107871572781873,0.0111253113558905,0.0109562343170389
"Bicentenario","Puente Aranda",0.0180265473251266,0.00385377063214996,0.0109401589786383
"Venecia","Ricaurte",0.0042201310315309,0.0176364428092149,0.0109282869203729
"C.C Paseo Villa Del Rio - Madelena","Socorro",0.0102772601466552,0.0115656659503509,0.010921463048503
"Country Sur","Las Aguas - Centro Colombo Americano",0.0100024094786059,0.0117633916989879,0.0108829005887969
"Estación San Bernardo","Calle 40 Sur",0.0200433173152873,0.00172135539937535,0.0108823363573313
"Calle 127","Suba - Tv. 91",0.0154857240333428,0.00617781758381312,0.0108317708085779
"Guatoque - Veraguas","Molinos",0.00355422166111038,0.0180875619893552,0.0108208918252328
"Normandia","Ciudad Universitaria- Lotería de Bogotá",0.00603970446610671,0.0154583349380339,0.0107490197020703
"Las Nieves","Olaya",0.0111758823449452,0.0103171958080731,0.0107465390765092
"Calle 22","Calle 76",0.0038470236328621,0.0176426326269285,0.0107448281298953
"De La Sabana","Marsella",0.00300493778047744,0.0183427211056394,0.0106738294430584
"Av Américas - Av. Boyacá","CAN - British Council",0.0195748343160104,0.00169313112869755,0.010633982722354
"Alquería","CAD",0.00496801647559893,0.0162927983865999,0.0106304074310994
"Av. Rojas - UNISALESIANA","Calle 57",0.00775312352519722,0.0134683102695927,0.010610716897395
"Mandalay","Av. Rojas - UNISALESIANA",0.00963794347526901,0.0115662989864971,0.0106021212308831
"Carrera 53","Calle 57",0.0146928028936791,0.00651002529077839,0.0106014140922288
"Pradera - Plaza Central","Tygua-San José",0.0129053337488223,0.00829145779566003,0.0105983957722412
"San Martín","Universidad Nacional",0.0150119460133424,0.00605860569692376,0.0105352758551331
"El Tiempo - Cámara De Comercio De Bogotá","Marly",0.0117806279816513,0.00928637839972052,0.0105335031906859
"Venecia","Restrepo",0.0101237720943299,0.010931320629075,0.0105275463617025
"Mazurén","Av. Suba - Calle 116",0.0140276257031147,0.00701643774291187,0.0105220317230133
"Av. Primero de Mayo","Alquería",0.00963776162765204,0.0114021175926055,0.0105199396101288
"Prado","Ferias",0.0155382517958207,0.00549853853327063,0.0105183951645457
"Portal 20  de Julio","Avenida Jiménez",0.0158147594101304,0.00515258967466827,0.0104836745423993
"Av. Primero de Mayo","CAD",0.00736430968601013,0.0135977087348302,0.0104810092104202
"Transversal 86","Cl38A sur - CENTRO MAYOR",0.00530921674098451,0.0156293299669535,0.010469273353969
"Av Américas - Av. Boyacá","Santa Isabel",0.0114897836004942,0.00941188763513932,0.0104508356178167
"21 Ángeles","Minuto De Dios",0.0165185890301812,0.00436179981306488,0.0104401944216231
"Granja - cra 77","El Tiempo - Cámara De Comercio De Bogotá",0.0112929299311311,0.00954648131495447,0.0104197056230428
"Policarpa","Consuelo",0.00930481626459285,0.0114911420476965,0.0103979791561447
"Av. Suba - Calle 116","7 de Agosto",0.0125436288143545,0.00824944845238293,0.0103965386333687
"San Martín","Marly",0.0174261705149065,0.00333448793381369,0.0103803292243601
"Zona Industrial","Av. Rojas - UNISALESIANA",0.0118387095737892,0.00891059432717702,0.0103746519504831
"Carrera 47","Normandia",0.0162487404444029,0.00447808528769985,0.0103634128660514
"Corferias","Calle 76",0.0160053582775068,0.00469755476864308,0.0103514565230749
"Prado","Minuto De Dios",0.0109970776949902,0.00969001483108646,0.0103435462630383
"Normandia","Corferias",0.0125613848795127,0.00810249370294699,0.0103319392912299
"C.C Paseo Villa Del Rio - Madelena","Consuelo",0.00615799332164451,0.0144992797254666,0.0103286365235555
"Calle 142","Terminal",0.0124835881356904,0.00816840335089492,0.0103259957432927
"Av. Suba - Calle 116","Normandia",0.00402009937700341,0.0166077289072642,0.0103139141421338
"Calle 127","Portal Suba",0.00454651438794376,0.0160256269657887,0.0102860706768662
"Policarpa","General Santander",0.0104059758593196,0.0101255758852047,0.0102657758722621
"Avenida Cali","7 de Agosto",0.00456612455161914,0.0159509715420862,0.0102585480468527
"Nariño","Av. 39",0.00708227920856597,0.0134204873243085,0.0102513832664372
"Calle 85 - Gato Dumas","Av. 39",0.00820699802664636,0.0122947899516971,0.0102508939891717
"Escuela Militar","CAN - British Council",0.0155256098734911,0.00494428106300773,0.0102349454682494
"Las Nieves","Campin - UAN",0.0164874594286432,0.00392218301181587,0.0102048212202295
"Av. Primero de Mayo","CDS Carrera 32",0.0160221306709354,0.0043359959541611,0.0101790633125483
"La Campiña","Av. Suba - Calle 116",0.0139138379393482,0.00641492805311951,0.0101643829962338
"Venecia","Danubio",0.00377074495352014,0.0165174881454674,0.0101441165494938
"Carrera 43 - Comapan","Las Aguas - Centro Colombo Americano",0.0171331585707856,0.00313973379880579,0.0101364461847957
"Puente Aranda","7 de Agosto",0.0128307668513604,0.00737297689571904,0.0101018718735397
"Av. Eldorado","Hortúa",0.0156501916561433,0.00452475730313234,0.0100874744796378
"Av. Rojas - UNISALESIANA","CAD",0.00756183901172011,0.0125995162960137,0.0100806776538669
"Rionegro","Avenida Cali",0.0125069768007226,0.00761082455611967,0.0100589006784211
"La Castellana","Av. Eldorado",0.00624024448633001,0.0138502754423247,0.0100452599643274
"Marsella","Perdomo",0.00664002226056423,0.0134446919353422,0.0100423570979532
"Calle 146","Virrey - Cendiatra",0.00250874774518023,0.0175710944016893,0.0100399210734348
"Alcalá - Colegio S. Tomás Dominicos","Suba - Calle 95",0.0175319235465399,0.00251493663911164,0.0100234300928258
"Minuto De Dios","El Tiempo - Cámara De Comercio De Bogotá",0.0135499449210633,0.00647570359400609,0.0100128242575347
"Socorro","Hortúa",0.011155537319514,0.0088662144917653,0.0100108759056397
"Gobernacion","Calle 76",0.0158475422633524,0.0041548729841028,0.0100012076237276
"Calle 100 - Marketmedios","Suba - Av. Boyacá",0.0158446445246703,0.00415750931280526,0.0100010769187378
"Av. Rojas - UNISALESIANA","Flores",0.00838026585058717,0.0116085881943481,0.00999442702246765
"Distrito Grafiti","Calle 57",0.00591334347241656,0.0140597907445262,0.00998656710847139
"Universidades CityU","Campin - UAN",0.0126790594982212,0.00729331645533671,0.00998618797677897
"Marsella","Normandia",0.0125440640663882,0.0074149703315513,0.00997951719896973
"Movistar Arena","Suba Calle 100",0.0175406949286349,0.00241618233971908,0.00997843863417701
"Bicentenario","Calle 40 Sur",0.0147614550981845,0.00519100837321763,0.00997623173570108
"Banderas","Cl38A sur - CENTRO MAYOR",0.010214803418169,0.00968761482972036,0.00995120912394467
"Alquería","Hortúa",0.00961456574004759,0.0102791521145051,0.00994685892727632
"Polo - FINCOMERCIO","Salitre El Greco - Vive Claro",0.0140099414671345,0.00587498570968487,0.00994246358840968
"Av Américas - Av. Boyacá","Gobernacion",0.0176158416872892,0.00226296617615002,0.00993940393171961
"San Martín","Avenida Cali",0.0120045699616424,0.00777525118510394,0.00988991057337318
"Avenida Cali","La Castellana",0.0102683366236368,0.00949432189873877,0.00988132926118779
"Avenida 68","Salitre El Greco - Vive Claro",0.0156421672131276,0.00412029799748287,0.00988123260530522
"Zona Industrial","Banderas",0.00593952624966274,0.0136648350601262,0.00980218065489448
"San Victorino","Marly",0.0176052221714805,0.00198953862869202,0.00979738040008624
"Av. Primero de Mayo","Calle 22",0.0170048675937802,0.00256210581617622,0.00978348670497819
"Avenida Cali","Suba Calle 100",0.0171651259534377,0.00240084171369334,0.00978298383356555
"Parque","Nariño",0.00940319729486611,0.0101299663733891,0.00976658183412758
"Santa Isabel","Socorro",0.0116713582180626,0.00778400543326957,0.00972768182566611
"Bicentenario","Consuelo",0.00349748209242402,0.0159175082094697,0.00970749515094688
"Carrera 47","Universidad Nacional",0.0148044719743365,0.0046087836454099,0.00970662780987323
"Biblioteca Tintal","Distrito Grafiti",0.00643489463276448,0.0129589469292686,0.00969692078101652
"Carrera 53","Salitre El Greco - Vive Claro",0.0185655532295612,0.000821918837838785,0.00969373603369998
"Portal 20  de Julio","San Victorino",0.0169170492919322,0.00244525526730569,0.00968115227961893
"Escuela Militar","Gobernacion",0.0131770836776386,0.00618224941535356,0.00967966654649605
"CAD","Fucha",0.0121677883595472,0.00717978258888678,0.00967378547421697
"El Tiempo - Cámara De Comercio De Bogotá","Paloquemao",0.0117840118863051,0.00750489484869705,0.00964445336750109
"Portal 20  de Julio","De La Sabana",0.0128623683206478,0.00640341311642263,0.0096328907185352
"Pradera - Plaza Central","Sevillana",0.00945773342540624,0.00977867408636404,0.00961820375588514
"Niza - Calle 127","NQS Calle 75",0.0136308728603385,0.00559127653857467,0.00961107469945658
"Paloquemao","Olaya",0.0121429036325821,0.00707154790792817,0.00960722577025515
"Ciudad Universitaria- Lotería de Bogotá","NQS Calle 75",0.0154514796973321,0.00374703701180676,0.00959925835456943
"Av. Primero de Mayo","Universidades CityU",0.0171036016098766,0.00205909589267637,0.0095813487512765
"Calle 106","Avenida Cali",0.00984797624701046,0.00930385341728718,0.00957591483214882
"Las Aguas - Centro Colombo Americano","Restrepo",0.017345443576275,0.00175991538623639,0.00955267948125568
"CDS Carrera 32","Av Américas - Av. Boyacá",0.0113498084362031,0.00774515422432035,0.00954748133026172
"Ciudad Jardín - UAN","Calle 26 - Atrio",0.0180320566319304,0.0010317071155332,0.00953188187373178
"Ricaurte","Calle 40 Sur",0.00941275885701228,0.00961942372791289,0.00951609129246259
"21 Ángeles","Boyacá",0.0132927264728877,0.00571720182849945,0.00950496415069357
"Country Sur","Alquería",0.0115557260969642,0.00739696547246583,0.009476345784715
"Mandalay","Portal Sur - JFK Coop. Financiera",0.0114151530243012,0.00751880188629785,0.00946697745529953
"Avenida 68","Portal El Dorado – C.C Nuestro Bogotá",0.0132049621842871,0.00571427773925324,0.00945961996177018
"De La Sabana","Gobernacion",0.0172758596962445,0.00149305931080342,0.00938445950352397
"Héroes - Colmena Seguros","El Tiempo - Cámara De Comercio De Bogotá",0.00796069907719277,0.0107897631893344,0.00937523113326359
"Toberín- Foundever","Humedal Córdoba",0.0161599936701417,0.00258185260611392,0.0093709231381278
"Perdomo","NQS Calle 30 SUR",0.00799661037150638,0.0107325670854269,0.00936458872846664
"Av Américas - Av. Boyacá","Comuneros",0.0108499153381987,0.00785675334263609,0.00935333434041739
"Museo Del Oro","Campin - UAN",0.00958151111656367,0.00909675934664671,0.00933913523160519
"Prado","Héroes - Colmena Seguros",0.00822087393661864,0.0104365543477011,0.00932871414215987
"Zona Industrial","Quiroga",0.00746636458496831,0.0111836218315129,0.0093249932082406
"Av Américas - Av. Boyacá","Normandia",0.0108432574365411,0.0077834293463691,0.00931334339145512
"Puente Aranda","Normandia",0.011068621439067,0.00755771102740859,0.00931316623323778
"Av. Rojas - UNISALESIANA","Av. Eldorado",0.0105073316017577,0.00810777776487171,0.00930755468331473
"Marsella","Corferias",0.0157849611422614,0.00280857038180156,0.0092967657620315
"CAN - British Council","Suba Calle 100",0.00393937922702522,0.0146238078346263,0.00928159353082574
"Rionegro","Gobernacion",0.00601302170350986,0.0125361731718808,0.00927459743769535
"Tygua-San José","Molinos",0.003631416938544,0.014908280273822,0.009269848606183
"C.C Paseo Villa Del Rio - Madelena","Molinos",0.00420781332189703,0.014275471509923,0.00924164241591
"Suba - Av. Boyacá","Escuela Militar",0.00854214789003581,0.00992029566942954,0.00923122177973267
"Pradera - Plaza Central","Quiroga",0.00390633512635371,0.0145458678274114,0.00922610147688257
"Portal Suba","Humedal Córdoba",0.0173615711941588,0.0010663572656808,0.00921396422991979
"Portal 20  de Julio","Las Aguas - Centro Colombo Americano",0.00805910466592817,0.0103645115868945,0.00921180812641135
"San Facon Carrera 22","CAN - British Council",0.0181788427666653,0.000210759449458456,0.00919480110806187
"Pradera - Plaza Central","Marly",0.00364354309869421,0.0147364731195191,0.00919000810910665
"Distrito Grafiti","Restrepo",0.00678860541773823,0.0115812234546233,0.00918491443618076
"Santa Isabel","Biblioteca",0.0141220927475043,0.00424376292272007,0.0091829278351122
"Salitre El Greco - Vive Claro","Guatoque - Veraguas",0.00746243069398605,0.0107925347813139,0.00912748273765
"Suba - Calle 95","Calle 57",0.0126890046100649,0.00556450309726153,0.0091267538536632
"Alcalá - Colegio S. Tomás Dominicos","La Castellana",0.00700923622495779,0.0112111901494141,0.00911021318718595
"Calle 142","Granja - cra 77",0.00364395477301834,0.0145690389652709,0.00910649686914462
"Marsella","Guatoque - Veraguas",0.00979255170948986,0.00839773591928349,0.00909514381438667
"Humedal Córdoba","Calle 76",0.0102125291571055,0.00797297780170962,0.00909275347940755
"San Facon Carrera 22","Movistar Arena",0.0151698193821402,0.00300993130164015,0.00908987534189016
"Marsella","Paloquemao",0.0112566094711922,0.0068770358380517,0.00906682265462195
"Suba - Calle 95","Campin - UAN",0.0140907943109245,0.00403125317721902,0.00906102374407178
"Suba - Av. Boyacá","Carrera 53",0.0175876982139695,0.000527575684950462,0.00905763694945999
"Tygua-San José","Consuelo",0.00396091509941152,0.0141476413083104,0.00905427820386094
"Restrepo","Av. 39",0.00290520838650612,0.0151947476155973,0.00904997800105171
"Estación San Bernardo","Universidad Nacional",0.00766684242873684,0.0104185543236809,0.00904269837620888
"Sevillana","Olaya",0.0106789731182349,0.00735985744475227,0.00901941528149361
"Héroes - Colmena Seguros","Av. Rojas - UNISALESIANA",0.00618653215402184,0.0118331346588637,0.00900983340644277
"Distrito Grafiti","Modelia",0.00636533257436271,0.0116406214380948,0.00900297700622874
"Calle 127","Avenida Cali",0.00880736251929591,0.00915052315945368,0.0089789428393748
"Policarpa","Concejo de Bogotá",0.0169475305561074,0.000979567364603053,0.00896354896035521
"Museo Nacional","Flores",0.0172600321098858,0.000644075482789105,0.00895205379633746
"Bicentenario","General Santander",0.00774985951937348,0.0101396514111509,0.0089447554652622
"Gobernacion","Santa Isabel",0.0145511503345328,0.00333381328832548,0.00894248181142916
"Pradera - Plaza Central","Centro Memoria",0.0116718443449308,0.00618559504604488,0.00892871969548784
"Portal Suba","Avenida Cali",0.00854799949969719,0.00929455438068483,0.00892127694019101
"CDS Carrera 32","Olaya",0.0156228331028385,0.00221910906103323,0.00892097108193585
"San Facon Carrera 22","Cl38A sur - CENTRO MAYOR",0.0146617405604591,0.00317702994474495,0.00891938525260201
"San Diego","Fucha",0.0149821217960564,0.00284642051501582,0.00891427115553611
"Mandalay","Cl38A sur - CENTRO MAYOR",0.013374281597421,0.00437155951354253,0.00887292055548176
"Portal Usme","Olaya",0.00655221242652176,0.0111702804952747,0.00886124646089821
"Pradera - Plaza Central","Calle 57",0.00284248526080016,0.014788855040122,0.0088156701504611
"Estación San Bernardo","Ciudad Universitaria- Lotería de Bogotá",0.0158959793594153,0.00172100735216845,0.00880849335579189
"Estación San Bernardo","General Santander",0.00929317539765698,0.00831931913826106,0.00880624726795902
"CAN - British Council","Guatoque - Veraguas",0.0118422450156381,0.00575349796272535,0.00879787148918171
"Portal Suba","Granja - cra 77",0.00660163055222365,0.0109854368294318,0.00879353369082774
"Banderas","Av. Rojas - UNISALESIANA",0.00698476146018984,0.0105943722664853,0.00878956686333757
"CAN - British Council","Calle 76",0.0150002696712717,0.00257255950423543,0.00878641458775356
"Distrito Grafiti","7 de Agosto",0.00878805609217335,0.00876503992178933,0.00877654800698134
"Av. Suba - Calle 116","Flores",0.0098461767453904,0.00770275315717328,0.00877446495128184
"Carrera 47","CAN - British Council",0.0169624213843229,0.000559553827894237,0.00876098760610856
"Rionegro","CAN - British Council",0.0070534618235271,0.0104067567138425,0.0087301092686848
"Carrera 47","Modelia",0.0100857517251979,0.00735518001175958,0.00872046586847874
"CAD","Restrepo",0.0102957349324694,0.00710079012821605,0.00869826253034272
"Calle 100 - Marketmedios","Avenida Cali",0.00859851349443645,0.00878033378303366,0.00868942363873506
"Comuneros","Santa Lucía",0.0126813573761781,0.00466434539745487,0.0086728513868165
"Quirigua","NQS Calle 75",0.003745261067982,0.0135821099830447,0.00866368552551336
"Modelia","Avenida Chile",0.0103199145146205,0.00699960788945852,0.00865976120203949
"Humedal Córdoba","Avenida Chile",0.0163178184046274,0.000985260706748271,0.00865153955568782
"Niza - Calle 127","Polo - FINCOMERCIO",0.0137499598142601,0.00355138140213498,0.00865067060819753
"Prado","Carrera 53",0.0133750220023163,0.00390565656354766,0.008640339282932
"Quinta Paredes","Calle 76",0.015461758449984,0.00175309488858846,0.00860742666928624
"Carrera 53","Modelia",0.0146411191861114,0.00256440340622048,0.00860276129616596
"Museo Nacional","CAN - British Council",0.00998851904079548,0.00719942463690859,0.00859397183885204
"Country Sur","Portal Tunal",0.0157940677607726,0.00135566353321383,0.0085748656469932
"Pradera - Plaza Central","Fucha",0.00516778271106341,0.0119231987821327,0.00854549074659805
"Country Sur","Paloquemao",0.00714902221091407,0.00992939619213111,0.00853920920152259
"Guatoque - Veraguas","Consuelo",0.00407736455375023,0.0129961850773953,0.00853677481557276
"Policarpa","Carrera 43 - Comapan",0.0163291833868029,0.000719049025098001,0.00852411620595045
"Av Américas - Av. Boyacá","Modelia",0.00599291780547417,0.0110496786779568,0.00852129824171551
"Ferias","Movistar Arena",0.0143000871712822,0.00272064190631658,0.00851036453879939
"Molinos","Hortúa",0.00888626882256821,0.00812051978708891,0.00850339430482856
"Marsella","Modelia",0.00655831258410525,0.0104456968055991,0.00850200469485218
"Venecia","Fucha",0.00856592118071744,0.00840097762955156,0.0084834494051345
"Portal Tunal","Portal Usme",0.00964647950079926,0.00729763353540857,0.00847205651810392
"Country Sur","San Facon Carrera 22",0.0143679742492078,0.00257138631691596,0.00846968028306187
"Héroes - Colmena Seguros","Av. Eldorado",0.0118966736996225,0.00502199414899855,0.00845933392431054
"Concejo de Bogotá","Avenida Chile",0.0156068129488385,0.00128805213672343,0.00844743254278095
"Prado","San Martín",0.0137686312235595,0.00312050946358266,0.00844457034357107
"Gobernacion","Avenida Jiménez",0.0125321760508693,0.0043142226014276,0.00842319932614846
"Mandalay","Salitre El Greco - Vive Claro",0.0104380244616936,0.00640825739643207,0.00842314092906283
"Suba - Calle 95","El Tiempo - Cámara De Comercio De Bogotá",0.00518707158810729,0.0116288476974661,0.00840795964278667
"Portal 20  de Julio","Alquería",0.00791092422873285,0.00890204971946417,0.00840648697409851
"21 Ángeles","Rionegro",0.00233011483447607,0.0144494222553915,0.00838976854493381
"Portal Norte - Unicervantes ","Suba - Tv. 91",0.00934533440360514,0.00735491577277314,0.00835012508818914
"Av. Rojas - UNISALESIANA","Paloquemao",0.0059266161156324,0.0107495736921519,0.00833809490389215
"San Martín","Corferias",0.0071123147910534,0.00954042960790014,0.00832637219947677
"Concejo de Bogotá","Restrepo",0.00635602353611296,0.0102870187906049,0.00832152116335895
"Guatoque - Veraguas","Marly",0.00982722029353353,0.00680780070495855,0.00831751049924604
"Policarpa","Molinos",0.00928150437674705,0.007333801647439,0.00830765301209303
"Quirigua","Carrera 53",0.0149208277804421,0.00165943625072899,0.00829013201558552
"Granja - cra 77","Polo - FINCOMERCIO",0.0103545284047363,0.00621708023455057,0.00828580431964341
"Calle 146","Puentelargo",0.0141575114444894,0.00238717418430027,0.00827234281439481
"Héroes - Colmena Seguros","Salitre El Greco - Vive Claro",0.00972130186469294,0.00681005019231456,0.00826567602850375
"Puente Aranda","Quiroga",0.0048912681489323,0.0116348523152259,0.00826306023207912
"Ciudad Jardín - UAN","Zona Industrial",0.01591399884806,0.000608060587097268,0.00826102971757862
"Perdomo","Biblioteca",0.0109851173410026,0.00553489394369467,0.00826000564234866
"Minuto De Dios","7 de Agosto",0.0122090407881101,0.00428699253449198,0.00824801666130106
"Comuneros","Consuelo",0.00541415675367044,0.0110771734551691,0.00824566510441975
"Estación San Bernardo","Puente Aranda",0.0151977000472127,0.00128087837319837,0.00823928921020553
"Rionegro","Ciudad Universitaria- Lotería de Bogotá",0.00394922344182954,0.0125260145201343,0.00823761898098191
"NQS Calle 75","Av. 39",0.0121365117206881,0.00430826093101917,0.00822238632585365
"Campin - UAN","Tygua-San José",0.00753620420936678,0.00886186881568369,0.00819903651252523
"Suba - Calle 95","Ciudad Universitaria- Lotería de Bogotá",0.00234416124922446,0.0140433551615645,0.0081937582053945
"Polo - FINCOMERCIO","Av. Rojas - UNISALESIANA",0.00996185839667147,0.00640872964513819,0.00818529402090483
"Pradera - Plaza Central","Movistar Arena",0.00925664134646543,0.00711104956383615,0.00818384545515079
"Portal Norte - Unicervantes ","Pepe Sierra - Utel Universidad",0.00453966089815689,0.0118267152378416,0.00818318806799925
"CAD","Calle 76",0.00840567370052397,0.00795446679740572,0.00818007024896485
"Suba - Calle 95","Avenida Cali",0.0135634985632933,0.00276679180721001,0.00816514518525166
"Portal El Dorado – C.C Nuestro Bogotá","7 de Agosto",0.00461643008613499,0.0116609527525218,0.00813869141932841
"San Martín","Carrera 90",0.00690973160012067,0.00934034295313922,0.00812503727662994
"Guatoque - Veraguas","Santa Lucía",0.00890397949754855,0.00734216600143088,0.00812307274948971
"Sevillana","Terreros - H. Cardiovascular",0.00431474586097694,0.0118970381972408,0.00810589202910886
"Mazurén","Portal Suba",0.00817603816520337,0.0080084126157877,0.00809222539049553
"Calle 85 - Gato Dumas","Niza - Calle 127",0.0131322131896324,0.00297000584691455,0.00805110951827345
"Salitre El Greco - Vive Claro","Tygua-San José",0.00406243723340615,0.0120325290081625,0.0080474831207843
"Paloquemao","Quiroga",0.00686802430652881,0.00917897462710444,0.00802349946681662
"De La Sabana","Movistar Arena",0.010106297768375,0.0059163197333309,0.00801130875085297
"Portal Norte - Unicervantes ","Suba - Av. Boyacá",0.010144756586377,0.00584753960710121,0.00799614809673908
"7 de Agosto","Comuneros",0.0020797390695771,0.0138860603621847,0.00798289971588091
"Polo - FINCOMERCIO","Concejo de Bogotá",0.00745666278722154,0.0085027902264891,0.00797972650685532
"Museo Nacional","7 de Agosto",0.0126414053552287,0.00331331007043896,0.00797735771283381
"El Tiempo - Cámara De Comercio De Bogotá","Av. 39",0.00643881023319209,0.00951466087495373,0.00797673555407291
"De La Sabana","Cl38A sur - CENTRO MAYOR",0.0102667422868836,0.0056217927962036,0.00794426754154362
"Banderas","Bosa",0.0058288095301547,0.0100305897116575,0.00792969962090611
"Marsella","CAD",0.00841990846997052,0.00741784956069815,0.00791887901533434
"Quinta Paredes","Universidades CityU",0.0142448644382029,0.00157987000692035,0.0079123672225616
"Gobernacion","Suba Calle 100",0.00320382552661265,0.0125869946538146,0.0078954100902136
"Portal Suba","Carrera 90",0.0100230559843756,0.00576764302350003,0.0078953495039378
"Carrera 43 - Comapan","7 de Agosto",0.0123870099543145,0.00337817852817436,0.00788259424124443
"Puentelargo","Quirigua",0.0114213170464277,0.00429251177773608,0.00785691441208186
"Calle 106","Movistar Arena",0.00578526749229786,0.00987641822789557,0.00783084286009672
"Modelia","NQS Calle 75",0.00781307019604359,0.0077809128406571,0.00779699151835034
"Mazurén","Calle 100 - Marketmedios",0.00458149599168524,0.0110011942233682,0.00779134510752673
"Calle 161","Humedal Córdoba",0.013027675422265,0.00251797029714126,0.00777282285970315
"Las Nieves","Salitre El Greco - Vive Claro",0.00411786863060929,0.0114016366343727,0.007759752632491
"Sevillana","Danubio",0.00311767709404002,0.0123710882011222,0.0077443826475811
"Av. Primero de Mayo","San Diego",0.0129589482330087,0.00251482898271779,0.00773688860786326
"Carrera 53","CAN - British Council",0.0153399911687393,0.00012448188958848,0.00773223652916387
"Zona Industrial","7 de Agosto",0.0114468076138887,0.00400164024256494,0.0077242239282268
"Portal Norte - Unicervantes ","Portal Suba",0.00545411816421817,0.00999191135846459,0.00772301476134138
"Ferias","Salitre El Greco - Vive Claro",0.011467015930051,0.00397478054987442,0.00772089823996269
"Av. Suba - Calle 116","Salitre El Greco - Vive Claro",0.00226379792969622,0.0131729047622864,0.00771835134599131
"Carrera 90","Carrera 47",0.0136348409687794,0.00179674829134876,0.00771579463006408
"Las Aguas - Centro Colombo Americano","Calle 57",0.0135792577276401,0.00183479181439615,0.00770702477101813
"CAN - British Council","Tygua-San José",0.00659960998214533,0.00876913271319399,0.00768437134766966
"Centro Memoria","Restrepo",0.00745508438224822,0.00789414794531226,0.00767461616378024
"Rionegro","Carrera 90",0.00714535692181175,0.00812676531576243,0.00763606111878709
"Alcalá - Colegio S. Tomás Dominicos","Boyacá",0.00807547526493465,0.00718724481854401,0.00763136004173933
"Carrera 53","Marly",0.00825238699822108,0.00700640018568215,0.00762939359195162
"CAN - British Council","Comuneros",0.012363850964987,0.00285890711168632,0.00761137903833667
"Centro Memoria","Calle 76",0.00871681425997288,0.00650278529187876,0.00760979977592582
"Polo - FINCOMERCIO","CAN - British Council",0.0141939558573554,0.00102062485257665,0.00760729035496603
"Museo Del Oro","Olaya",0.0132386406957171,0.00196723250163502,0.00760293659867604
"Olaya","Calle 26 - Atrio",0.00446453679206267,0.0107395286117302,0.00760203270189644
"Rionegro","Marly",0.0110744846259915,0.00412515858962138,0.00759982160780644
"Zona Industrial","Flores",0.00511673203215627,0.0100689179510302,0.00759282499159321
"Guatoque - Veraguas","Socorro",0.00554849077771279,0.00960693045323655,0.00757771061547467
"Country Sur","Portal Usme",0.0104783356413881,0.00467325321847474,0.00757579442993143
"Gratamira","Avenida 68",0.013146638086712,0.00200303924382094,0.00757483866526647
"Zona Industrial","Calle 40 Sur",0.00523531267561284,0.00987415785334985,0.00755473526448134
"Escuela Militar","Ciudad Universitaria- Lotería de Bogotá",0.0079977359563703,0.00710600543594174,0.00755187069615602
"Calle 85 - Gato Dumas","Av. Eldorado",0.00765737547979955,0.00740690997917472,0.00753214272948714
"Av Américas - Av. Boyacá","Quinta Paredes",0.0141876408927987,0.000864950675877297,0.00752629578433802
"Avenida Chile","Paloquemao",0.00390933312905685,0.0111406053709137,0.00752496924998528
"Polo - FINCOMERCIO","Gobernacion",0.0132947048055123,0.00168083324379417,0.00748776902465322
"Hortúa","Marly",0.00363238190254631,0.0113213033726576,0.00747684263760198
"C.C Paseo Villa Del Rio - Madelena","Santa Isabel",0.00295505549071638,0.01198982607124,0.00747244078097819
"Distrito Grafiti","Quiroga",0.00423647055620348,0.0106946365804985,0.007465553568351
"Museo Del Oro","Calle 57",0.0110937309364163,0.00381523927051186,0.0074544851034641
"Distrito Grafiti","Fucha",0.0071171634037293,0.00778596763499245,0.00745156551936088
"Puente Aranda","Olaya",0.00677950026042382,0.00811038433601442,0.00744494229821912
"Portal 20  de Julio","Paloquemao",0.00456540097947382,0.0103235727870222,0.00744448688324802
"Portal Américas","Terreros - H. Cardiovascular",0.00667946398245297,0.00820926747692846,0.00744436572969071
"Museo Del Oro","Quinta Paredes",0.0144740680555286,0.000412954276003096,0.00744351116576583
"Comuneros","Molinos",0.00457791937894553,0.0102519071643909,0.00741491327166822
"San Facon Carrera 22","Quiroga",0.010834887078535,0.00397024214567987,0.00740256461210743
"Mandalay","NQS Calle 30 SUR",0.01077357955618,0.00401929685655128,0.00739643820636565
"Las Aguas - Centro Colombo Americano","Campin - UAN",0.010084210285711,0.00467349274031615,0.00737885151301356
"Fucha","Av. 39",0.00355246253925501,0.0112043381278623,0.00737840033355865
"Cl38A sur - CENTRO MAYOR","Avenida Jiménez",0.00948450858069428,0.00519124547824778,0.00733787702947103
"Suba - Calle 95","Normandia",0.00427480649015919,0.0103715108698061,0.00732315867998265
"Mandalay","Normandia",0.00751999355526749,0.00711298187314567,0.00731648771420658
"Av. Primero de Mayo","Parque",0.0131369539973106,0.00149008652300933,0.00731352026015998
"Portal Norte - Unicervantes ","Calle 127",0.00455434186652145,0.0100703369128214,0.0073123393896714
"Distrito Grafiti","Nariño",0.00839578308191729,0.00619559278010566,0.00729568793101147
"Suba - Calle 95","Gobernacion",0.00367534724679464,0.0109018593397712,0.00728860329328293
"Calle 40 Sur","Calle 22",0.00224966019094591,0.0123253546155285,0.0072875074032372
"De La Sabana","Calle 40 Sur",0.00593041058427157,0.008640475591689,0.00728544308798028
"Héroes - Colmena Seguros","Ciudad Universitaria- Lotería de Bogotá",0.0104220252059954,0.00414460618001656,0.00728331569300597
"Ciudad Jardín - UAN","Biblioteca",0.0141457088842309,0.000413299612111837,0.00727950424817138
"Puentelargo","Normandia",0.00435007276501806,0.0101968316367566,0.00727345220088734
"Quiroga","Calle 22",0.0039708291207886,0.0105709796039133,0.00727090436235094
"Pradera - Plaza Central","Calle 40 Sur",0.0035437780510566,0.0109854952358877,0.00726463664347217
"Policarpa","Santa Lucía",0.0135239265396958,0.00099083830967688,0.00725738242468634
"Puentelargo","Salitre El Greco - Vive Claro",0.00318418966673393,0.0113157547307926,0.00724997219876325
"Calle 187","Portal Suba",0.00426820309877853,0.0102132345089565,0.00724071880386751
"Calle 100 - Marketmedios","Marly",0.00718877164718098,0.00725046026491001,0.00721961595604549
"Alcalá - Colegio S. Tomás Dominicos","Rionegro",0.0104669359715186,0.00392322044865138,0.00719507821008501
"Portal Sur - JFK Coop. Financiera","Parque",0.00915236833390569,0.00521865127866531,0.0071855098062855
"Av Américas - Av. Boyacá","Portal Sur - JFK Coop. Financiera",0.00694320255468406,0.00738670141785768,0.00716495198627087
"Ferias","Calle 57",0.00420362856331325,0.0101252830816362,0.00716445582247471
"Ciudad Jardín - UAN","Danubio",0.00830952228215729,0.00600759985760907,0.00715856106988318
"Calle 187","La Campiña",0.00491918333478085,0.00939745781591207,0.00715832057534646
"Carrera 90","Escuela Militar",0.00824032549246571,0.00604987317598639,0.00714509933422605
"CDS Carrera 32","El Tiempo - Cámara De Comercio De Bogotá",0.0128086224677843,0.00146814528477736,0.00713838387628085
"Museo Del Oro","Distrito Grafiti",0.00683433925994186,0.00743632198350745,0.00713533062172465
"Consuelo","Hortúa",0.00933087326227875,0.00493673667741084,0.0071338049698448
"Cl38A sur - CENTRO MAYOR","Av. Eldorado",0.00251149434262813,0.0116946791641899,0.007103086753409
"Carrera 47","Gobernacion",0.0135355069301941,0.000661091529896126,0.00709829923004512
"Calle 142","Suba Calle 100",0.0134880523135525,0.000707564935584808,0.00709780862456867
"Héroes - Colmena Seguros","Concejo de Bogotá",0.00760482124928595,0.00657203232578699,0.00708842678753647
"Av. Rojas - UNISALESIANA","Concejo de Bogotá",0.00756650956346795,0.00660366424115758,0.00708508690231276
"Polo - FINCOMERCIO","Calle 26 - Atrio",0.00332764896850599,0.0108407339636039,0.00708419146605494
"Carrera 43 - Comapan","Olaya",0.00908804061235717,0.00508003809519283,0.007084039353775
"El Tiempo - Cámara De Comercio De Bogotá","Ricaurte",0.00777776365205386,0.00637784570529637,0.00707780467867511
"Alquería","La Despensa",0.00358309819641554,0.0105463191381585,0.007064708667287
"Country Sur","CDS Carrera 32",0.00827232197962172,0.00583963309282284,0.00705597753622228
"CDS Carrera 32","7 de Agosto",0.00940299961179113,0.00469957193671198,0.00705128577425156
"Pepe Sierra - Utel Universidad","Flores",0.011038352820677,0.00303834847267595,0.00703835064667647
"CAN - British Council","Calle 22",0.0122609510506659,0.00180511988074095,0.00703303546570342
"21 Ángeles","Suba - Calle 95",0.0035222780601613,0.0104972189635949,0.0070097485118781
"Corferias","Hortúa",0.0113790110423125,0.00261346852226482,0.00699623978228866
"Quirigua","Avenida Chile",0.00351347898407313,0.0104619977705614,0.00698773837731729
"Puente Aranda","Flores",0.00445707610880787,0.00951414880699263,0.00698561245790025
"Avenida Jiménez","Flores",0.00278448351430806,0.011183428304973,0.00698395590964054
"Banderas","NQS Calle 30 SUR",0.00784465400583776,0.00610104160405356,0.00697284780494566
"Puentelargo","Movistar Arena",0.00959783583824358,0.00433573849789456,0.00696678716806907
"Escuela Militar","Portal El Dorado – C.C Nuestro Bogotá",0.00381565760562564,0.0100892269227636,0.00695244226419464
"Polo - FINCOMERCIO","Ciudad Universitaria- Lotería de Bogotá",0.0108706203604731,0.00300253037198638,0.00693657536622973
"7 de Agosto","Calle 22",0.00918762429704651,0.00465163887489133,0.00691963158596892
"Suba - Tv. 91","Minuto De Dios",0.0112905143514204,0.00238913315203169,0.00683982375172605
"Pradera - Plaza Central","Nariño",0.00553327124935193,0.00813988088747731,0.00683657606841462
"San Victorino","Quiroga",0.00982895510968521,0.00383661320950451,0.00683278415959486
"Policarpa","Socorro",0.0104120304108571,0.00324044662244931,0.00682623851665319
"Prado","NQS Calle 75",0.00581781871697313,0.00783316916021095,0.00682549393859204
"San Diego","Restrepo",0.0120833361668674,0.00151513559219113,0.00679923587952927
"Boyacá","Movistar Arena",0.0097035690522938,0.00385105145807148,0.00677731025518264
"Calle 100 - Marketmedios","Universidad Nacional",0.00433524834832544,0.00920999144439472,0.00677261989636008
"Terminal","21 Ángeles",0.00533891171658467,0.00819270278998738,0.00676580725328602
"Salitre El Greco - Vive Claro","Calle 22",0.00734081217863214,0.00617863742966465,0.00675972480414839
"NQS Calle 30 SUR","Av. Eldorado",0.00437091111326961,0.00911195394023398,0.00674143252675179
"NQS Calle 75","Paloquemao",0.00238136151108189,0.0110932577840465,0.00673730964756422
"CDS Carrera 32","Quiroga",0.0092876358765363,0.00416633048922804,0.00672698318288217
"21 Ángeles","Ferias",0.00995234014053426,0.00348304817915648,0.00671769415984537
"Boyacá","Calle 57",0.00270328601175089,0.0107210930292028,0.00671218952047683
"Calle 106","Campin - UAN",0.00382049075991766,0.00959970695726754,0.0067100988585926
"Escuela Militar","Corferias",0.00890358239525174,0.00451372470000468,0.00670865354762821
"Distrito Grafiti","Sevillana",0.00575055353291784,0.00766175726532244,0.00670615539912014
"Granja - cra 77","Calle 76",0.0042759576316747,0.00910104344559304,0.00668850053863387
"Hortúa","Calle 57",0.00195963394168214,0.0114117514108773,0.00668569267627973
"Danubio","Nariño",0.00698364723330714,0.00631028149914725,0.00664696436622719
"Pepe Sierra - Utel Universidad","Quirigua",0.00347645087492768,0.0098066326682567,0.00664154177159219
"Santa Lucía","Avenida Jiménez",0.00291192987618178,0.0103392410766552,0.00662558547641847
"Boyacá","Salitre El Greco - Vive Claro",0.00947310049862643,0.00377764272697122,0.00662537161279883
"Calle 187","21 Ángeles",0.00875921887544025,0.00446556173056598,0.00661239030300312
"Alcalá - Colegio S. Tomás Dominicos","Avenida 68",0.00760556395698997,0.00560848510359441,0.00660702453029219
"Las Nieves","Movistar Arena",0.0106614885043433,0.00255129720138769,0.0066063928528655
"Tygua-San José","Marly",0.00974617354232571,0.00342689042290198,0.00658653198261385
"Carrera 90","Avenida Chile",0.00568659871464568,0.00745188874064152,0.0065692437276436
"Polo - FINCOMERCIO","Av. Eldorado",0.0118432278501014,0.00128886629351795,0.00656604707180969
"Rionegro","Universidad Nacional",0.00902080303628411,0.00410886140930394,0.00656483222279403
"San Victorino","Campin - UAN",0.00942365744002172,0.00369703582820759,0.00656034663411465
"Sevillana","Guatoque - Veraguas",0.00331927003701142,0.00978723523563303,0.00655325263632223
"Av Américas - Av. Boyacá","Guatoque - Veraguas",0.00668613911307632,0.00640021013182047,0.00654317462244839
"Av. Rojas - UNISALESIANA","Ricaurte",0.00398056986145851,0.00904583529029799,0.00651320257587825
"Movistar Arena","Avenida Jiménez",0.00765442340715413,0.00535809920817499,0.00650626130766456
"Banderas","El Tiempo - Cámara De Comercio De Bogotá",0.0073660519647149,0.00562635291861639,0.00649620244166565
"Biblioteca Tintal","General Santander",0.00371749404335716,0.00927377153485511,0.00649563278910614
"Portal 20  de Julio","Portal Tunal",0.0111476848216127,0.00181440618150577,0.00648104550155924
"Suba - Av. Boyacá","Carrera 47",0.0115507839719403,0.00139271202171605,0.00647174799682816
"Alcalá - Colegio S. Tomás Dominicos","Minuto De Dios",0.00672904034647588,0.00619014792928413,0.00645959413788001
"Portal El Dorado – C.C Nuestro Bogotá","Gobernacion",0.0077735314584743,0.00510194959475528,0.00643774052661479
"Bicentenario","Alquería",0.00455819340386705,0.00831060007618801,0.00643439674002753
"Ciudad Jardín - UAN","Av. Eldorado",0.00574212524355534,0.00711790133699095,0.00643001329027315
"Campin - UAN","Suba Calle 100",0.0114538194803397,0.00139246828974568,0.00642314388504271
"Tygua-San José","Santa Lucía",0.00756570585788308,0.00527279143740305,0.00641924864764307
"Av. Rojas - UNISALESIANA","Marly",0.00641930753882463,0.00641681924917131,0.00641806339399797
"Ciudad Jardín - UAN","Centro Memoria",0.0123277912111416,0.000507965784227153,0.00641787849768436
"Carrera 47","Av. 39",0.00483094018602477,0.00799876154423337,0.00641485086512907
"Avenida 68","CAN - British Council",0.0122383231602359,0.000575574544992879,0.00640694885261437
"Comuneros","Socorro",0.00765951480696644,0.00510751149857719,0.00638351315277182
"Carrera 90","Suba Calle 100",0.00982065076575379,0.00294003182024873,0.00638034129300126
"Biblioteca Tintal","Alquería",0.00526163036277979,0.00747438481735745,0.00636800759006862
"San Facon Carrera 22","Marsella",0.00611198632661577,0.00662265198412932,0.00636731915537254
"Puente Aranda","Las Aguas - Centro Colombo Americano",0.0105402250164905,0.00217984254005137,0.00636003377827094
"Las Aguas - Centro Colombo Americano","Quinta Paredes",0.0124807342350224,0.000208412413914386,0.00634457332446839
"Puentelargo","Portal 80",0.00842202957787177,0.00425347774071312,0.00633775365929245
"Av. Primero de Mayo","Museo Nacional",0.0087494923011548,0.00392241662476694,0.00633595446296087
"Calle 146","Granja - cra 77",0.00255899067885908,0.0101039811560001,0.00633148591742958
"Avenida Cali","El Tiempo - Cámara De Comercio De Bogotá",0.00894797721088945,0.00368912591257167,0.00631855156173056
"Av. Primero de Mayo","Av. Eldorado",0.00300814903071357,0.00961343911424822,0.0063107940724809
"Bicentenario","Molinos",0.00342256894751237,0.0091890666835663,0.00630581781553933
"Virrey - Cendiatra","Avenida Cali",0.00638295688567088,0.00617495088500587,0.00627895388533838
"Modelia","Quinta Paredes",0.0100061251094135,0.00251132096137764,0.00625872303539559
"Carrera 43 - Comapan","Quiroga",0.00620003186260866,0.00629394756862156,0.00624698971561511
"Av. Suba - Calle 116","El Tiempo - Cámara De Comercio De Bogotá",0.00303503461305735,0.00945272824562599,0.00624388142934167
"Escuela Militar","Av. Eldorado",0.0082237290488195,0.0042563286658505,0.006240028857335
"Héroes - Colmena Seguros","Niza - Calle 127",0.00858672575752296,0.00387785597373748,0.00623229086563022
"Portal 20  de Julio","San Facon Carrera 22",0.00948449311912077,0.00295473415035272,0.00621961363473674
"Puente Aranda","Calle 40 Sur",0.00374464432743746,0.00866695954251547,0.00620580193497647
"Calle 142","Suba - Calle 95",0.0108663932795219,0.00152353142813691,0.00619496235382939
"Calle 127","Quirigua",0.00332708430168415,0.00904253630292599,0.00618481030230507
"Escuela Militar","Quinta Paredes",0.0101827304334917,0.00217279492799261,0.00617776268074214
"Av Américas - Av. Boyacá","Corferias",0.010356871328681,0.00199224237980585,0.00617455685424341
"Héroes - Colmena Seguros","Gobernacion",0.0102790205923678,0.00206780774329715,0.00617341416783249
"Salitre El Greco - Vive Claro","Comuneros",0.00801667802628372,0.00430374013942614,0.00616020908285493
"Ferias","Campin - UAN",0.00927544607921433,0.00302456384068327,0.0061500049599488
"Concejo de Bogotá","Olaya",0.00333247299774933,0.00894927741687551,0.00614087520731242
"Boyacá","Marly",0.0015653990708465,0.0107003370423947,0.00613286805662059
"Sevillana","Ricaurte",0.00251030410155452,0.00974321264095945,0.00612675837125699
"Avenida Cali","Movistar Arena",0.00250364897890173,0.00973010978524806,0.00611687938207489
"Quirigua","7 de Agosto",0.00183929348431495,0.010343567261538,0.00609143037292647
"Portal El Dorado – C.C Nuestro Bogotá","Movistar Arena",0.00353719731218573,0.00856462859876411,0.00605091295547492
"Pradera - Plaza Central","Olaya",0.00437340934649756,0.00772201578811961,0.00604771256730859
"Calle 127","7 de Agosto",0.00400578385023001,0.00807437558596065,0.00604007971809533
"Bicentenario","Distrito Grafiti",0.00934395837075748,0.00270954271688476,0.00602675054382112
"Portal 80","Carrera 53",0.0103105483243349,0.0017377168763459,0.00602413260034041
"Mandalay","Modelia",0.00461171085229181,0.00741349126237494,0.00601260105733337
"Country Sur","Las Nieves",0.0115062921272858,0.000511866122655796,0.00600907912497079
"Pradera - Plaza Central","C.C Paseo Villa Del Rio - Madelena",0.00482568018647494,0.00715915735135955,0.00599241876891724
"Av Américas - Av. Boyacá","Paloquemao",0.00735695660381311,0.00460616160599773,0.00598155910490542
"Centro Memoria","Olaya",0.00373818972792744,0.00822109171804235,0.00597964072298489
"Las Nieves","NQS Calle 30 SUR",0.0086378522829103,0.00331391970875917,0.00597588599583474
"Venecia","León XIII",0.00533934066546007,0.00661048278986817,0.00597491172766412
"NQS Calle 30 SUR","Calle 22",0.00811049936446572,0.0038299035177285,0.00597020144109711
"Guatoque - Veraguas","Calle 57",0.00559513448798437,0.00634504848517056,0.00597009148657746
"Cl38A sur - CENTRO MAYOR","Bosa",0.00237094576268192,0.00954643498907952,0.00595869037588072
"Granja - cra 77","Campin - UAN",0.00250621316702717,0.00940897177430429,0.00595759247066573
"Calle 142","Calle 85 - Gato Dumas",0.00242452312806431,0.00949002655017554,0.00595727483911992
"Perdomo","Santa Lucía",0.00760883384590353,0.00428359626755362,0.00594621505672858
"Carrera 90","El Tiempo - Cámara De Comercio De Bogotá",0.00716899954849295,0.00472169140007153,0.00594534547428224
"Las Nieves","Distrito Grafiti",0.0105413364837734,0.0013327685361195,0.00593705250994644
"Santa Isabel","Parque",0.00813987876253571,0.0037056393095456,0.00592275903604066
"Polo - FINCOMERCIO","Quinta Paredes",0.0113981244345365,0.000445757317016804,0.00592194087577664
"De La Sabana","Av Américas - Av. Boyacá",0.00199320958645197,0.00984946164107705,0.00592133561376451
"Héroes - Colmena Seguros","Corferias",0.00942662401169533,0.00241597091150857,0.00592129746160195
"Policarpa","Ciudad Universitaria- Lotería de Bogotá",0.0102207363211979,0.00157991562432323,0.00590032597276058
"Virrey - Cendiatra","Av. Eldorado",0.00446059712433709,0.00732768071415443,0.00589413891924576
"Pepe Sierra - Utel Universidad","Movistar Arena",0.00375492433049922,0.0080117898923839,0.00588335711144156
"Venecia","Terreros - H. Cardiovascular",0.00253648026665627,0.00921241315456784,0.00587444671061206
"Quirigua","Carrera 47",0.0081831323415427,0.00356133974153268,0.00587223604153769
"Granja - cra 77","Movistar Arena",0.0037720784552647,0.00796046470871617,0.00586627158199043
"Alcalá - Colegio S. Tomás Dominicos","Ferias",0.00849259774633323,0.00323157712318494,0.00586208743475908
"Escuela Militar","Concejo de Bogotá",0.0051167689346422,0.00660421139476844,0.00586049016470532
"Héroes - Colmena Seguros","CAN - British Council",0.0103290795132409,0.00137707339472743,0.00585307645398415
"Banderas","Modelia",0.00376856919134066,0.00793208800893062,0.00585032860013564
"C.C Paseo Villa Del Rio - Madelena","San Mateo",0.00635238170400678,0.00534780605581494,0.00585009387991086
"Mazurén","Puentelargo",0.00907147526067264,0.00262047640958567,0.00584597583512915
"Calle 187","Gratamira",0.00802170834847042,0.00365064745411619,0.00583617790129331
"San Facon Carrera 22","Salitre El Greco - Vive Claro",0.0110706138435375,0.000593908433398525,0.00583226113846803
"Comuneros","Biblioteca",0.00915759347191904,0.00246746305261313,0.00581252826226609
"Polo - FINCOMERCIO","Corferias",0.0107583957597881,0.000845817646388909,0.00580210670308851
"Puente Aranda","Modelia",0.00436373567359507,0.00723349202187834,0.0057986138477367
"Carrera 53","Gobernacion",0.0114270091216733,0.000142956038203166,0.00578498257993822
"Ciudad Jardín - UAN","Alquería",0.00788262127095608,0.00367793652487968,0.00578027889791788
"Calle 106","Quirigua",0.00342795786440831,0.00812834900340643,0.00577815343390737
"Perdomo","Calle 40 Sur",0.00614699793774451,0.00539922275841848,0.00577311034808149
"Santa Isabel","Danubio",0.00229988452295812,0.00923878033469602,0.00576933242882707
"San Victorino","Distrito Grafiti",0.0100977092014821,0.00138040517240025,0.00573905718694115
"Policarpa","Av. 39",0.0103498873827724,0.00111142581870356,0.00573065660073797
"Alcalá - Colegio S. Tomás Dominicos","Terminal",0.00675223347167895,0.00468415969921812,0.00571819658544854
"Universidades CityU","Movistar Arena",0.00833745827087808,0.00308932272855869,0.00571339049971839
"Policarpa","Universidad Nacional",0.00481334003653638,0.00660253085719854,0.00570793544686746
"Policarpa","Puente Aranda",0.0104445015174895,0.000970992678721805,0.00570774709810566
"Museo Del Oro","NQS Calle 30 SUR",0.00805905742505988,0.00332386802012218,0.00569146272259103
"Pepe Sierra - Utel Universidad","21 Ángeles",0.00913559494157759,0.00223118885983492,0.00568339190070626
"Ciudad Jardín - UAN","Carrera 43 - Comapan",0.0110069042724767,0.000337712333344631,0.00567230830291066
"San Victorino","Calle 57",0.00936211514985813,0.00197992381348329,0.00567101948167071
"Alcalá - Colegio S. Tomás Dominicos","Carrera 47",0.00553103455818762,0.0057606597508808,0.00564584715453421
"Suba - Tv. 91","Boyacá",0.00846135671022517,0.00282884059433444,0.0056450986522798
"Perdomo","Quiroga",0.00353902479468657,0.00774260427533458,0.00564081453501057
"Concejo de Bogotá","NQS Calle 75",0.00987994340411046,0.00133659428515858,0.00560826884463452
"Puente Aranda","Venecia",0.00574196845403793,0.00546769868507419,0.00560483356955606
"Portal 80","Escuela Militar",0.00339402950056162,0.00777101021444513,0.00558251985750337
"Calle 161","Calle 100 - Marketmedios",0.00210141605994616,0.00905680413362499,0.00557911009678558
"Toberín- Foundever","Av. Suba - Calle 116",0.00821872555500206,0.00293058627424688,0.00557465591462447
"CAN - British Council","Santa Isabel",0.00906532264041995,0.00199584650966989,0.00553058457504492
"Venecia","Paloquemao",0.00216514322647377,0.00888005923888427,0.00552260123267902
"Museo Nacional","Fucha",0.0103204523200313,0.000700885928573756,0.00551066912430251
"Museo Nacional","Distrito Grafiti",0.010602837177306,0.000418136752313388,0.0055104869648097
"Minuto De Dios","Flores",0.00453056058731664,0.00647908886395217,0.0055048247256344
"Suba - Calle 95","CAN - British Council",0.00439953241571679,0.00657889691052814,0.00548921466312247
"Puentelargo","El Tiempo - Cámara De Comercio De Bogotá",0.00393293295016865,0.00702653003009415,0.0054797314901314
"Alcalá - Colegio S. Tomás Dominicos","Escuela Militar",0.00514263540160516,0.00581398864727085,0.005478312024438
"Portal 20  de Julio","CDS Carrera 32",0.00516871023657314,0.00576805430787923,0.00546838227222619
"Normandia","Flores",0.00446244278674755,0.00646940749959834,0.00546592514317295
"Sevillana","Restrepo",0.00620927722492057,0.00471603652954533,0.00546265687723295
"Av. Eldorado","Nariño",0.00872562207951927,0.00218439449484386,0.00545500828718157
"Movistar Arena","Tygua-San José",0.00484529564300952,0.00605641359148778,0.00545085461724865
"Transversal 86","León XIII",0.00203777755699649,0.00884773926056165,0.00544275840877907
"Prado","Avenida Cali",0.00542037803229457,0.00545237667220701,0.00543637735225079
"Prado","Polo - FINCOMERCIO",0.0081121080558275,0.00275889642167231,0.0054355022387499
"Carrera 53","Universidad Nacional",0.0100212955922596,0.000838097737953143,0.00542969666510636
"Polo - FINCOMERCIO","Normandia",0.00674563933956211,0.00410794918832814,0.00542679426394512
"Niza - Calle 127","Avenida Chile",0.00903275875830113,0.00181992885798508,0.00542634380814311
"La Campiña","Minuto De Dios",0.00868840607182348,0.00213706054864239,0.00541273331023293
"Av. Primero de Mayo","Zona Industrial",0.00976980676938255,0.00103244435515455,0.00540112556226855
"Suba - Calle 95","Carrera 90",0.00774021184026249,0.00304414618772545,0.00539217901399397
"Suba Calle 100","Calle 57",0.00973369398286912,0.00104073202625452,0.00538721300456182
"Carrera 43 - Comapan","Flores",0.00489471966539268,0.00587588992200868,0.00538530479370068
"Portal El Dorado – C.C Nuestro Bogotá","NQS Calle 75",0.00413400577897219,0.00663523238874157,0.00538461908385688
"Calle 142","Boyacá",0.00576703349448291,0.0049965830737945,0.0053818082841387
"Normandia","Calle 76",0.00435601616694603,0.00638732730031318,0.00537167173362961
"Boyacá","Campin - UAN",0.0063214077571775,0.00440546348367111,0.00536343562042431
"Ciudad Universitaria- Lotería de Bogotá","Fucha",0.00514814990287966,0.00556621898230884,0.00535718444259425
"Policarpa","Alquería",0.00609815567243843,0.00459369329203991,0.00534592448223917
"Puentelargo","Gobernacion",0.00203694203273205,0.00865366650235123,0.00534530426754164
"Museo Del Oro","Movistar Arena",0.00619213847784315,0.00449231822084498,0.00534222834934407
"Quirigua","Escuela Militar",0.00492739497302849,0.00574601640298891,0.0053367056880087
"Calle 85 - Gato Dumas","Av. Rojas - UNISALESIANA",0.0049156389520443,0.00575576857014035,0.00533570376109232
"Calle 100 - Marketmedios","Quirigua",0.00289158619753695,0.00777453731391118,0.00533306175572406
"Mandalay","CAN - British Council",0.00962383428256849,0.00103135043270893,0.00532759235763871
"Humedal Córdoba","Flores",0.00415440317098982,0.00643530721052784,0.00529485519075883
"San Diego","Distrito Grafiti",0.0100219237812556,0.000566561129473145,0.00529424245536438
"Héroes - Colmena Seguros","Calle 22",0.0020495624967105,0.00850531813634674,0.00527744031652862
"Marsella","Portal Sur - JFK Coop. Financiera",0.00518524308113963,0.00534158693661628,0.00526341500887795
"Puentelargo","CAN - British Council",0.00266036180593763,0.0078602435779774,0.00526030269195751
"Normandia","Universidad Nacional",0.00735379663659641,0.0031430906492254,0.00524844364291091
"Cl38A sur - CENTRO MAYOR","Universidad Nacional",0.00140700399980682,0.00906078676350511,0.00523389538165596
"Av. Suba - Calle 116","Av. Rojas - UNISALESIANA",0.00361964322917922,0.00684023884443061,0.00522994103680492
"Estación San Bernardo","Santa Lucía",0.00987069559992691,0.000582865978679848,0.00522678078930338
"Av. Primero de Mayo","Calle 26 - Atrio",0.0090535263758649,0.00137784935587325,0.00521568786586907
"General Santander","La Despensa",0.00210438440098924,0.00829320760682061,0.00519879600390492
"Modelia","Corferias",0.00609284166153268,0.00430342292210218,0.00519813229181743
"Av. Rojas - UNISALESIANA","Guatoque - Veraguas",0.00178502225030746,0.00858303011543141,0.00518402618286943
"Héroes - Colmena Seguros","Quinta Paredes",0.0094539996232253,0.000857971018623018,0.00515598532092416
"San Diego","Salitre El Greco - Vive Claro",0.00558668753301093,0.00468921740246228,0.0051379524677366
"Carrera 53","Portal El Dorado – C.C Nuestro Bogotá",0.00942308480960447,0.000835081832947311,0.00512908332127589
"Av Américas - Av. Boyacá","CAD",0.00545594739890483,0.00478571371180978,0.0051208305553573
"Banderas","Ricaurte",0.00269304698242894,0.00754052508349091,0.00511678603295992
"Carrera 90","7 de Agosto",0.00287257705043824,0.00734688365508402,0.00510973035276113
"Portal El Dorado – C.C Nuestro Bogotá","Campin - UAN",0.00275197628857551,0.00746142344507353,0.00510669986682452
"Bicentenario","Socorro",0.00405351986168522,0.00615555954719179,0.0051045397044385
"San Diego","Flores",0.00923342883335178,0.000958742536683108,0.00509608568501744
"Calle 161","Av. Suba - Calle 116",0.00674787719069903,0.00339088155255369,0.00506937937162636
"De La Sabana","CAN - British Council",0.0095182776854523,0.000564992133926159,0.00504163490968923
"Ciudad Jardín - UAN","Corferias",0.00403850751784193,0.00601612876323233,0.00502731814053713
"Carrera 47","Quinta Paredes",0.00981567698718341,0.000235338631720727,0.00502550780945207
"Av. Rojas - UNISALESIANA","La Castellana",0.00759210028696686,0.00245182301170759,0.00502196164933722
"Universidad Nacional","Hortúa",0.00721299944208418,0.0028308018107495,0.00502190062641684
"Santa Isabel","Portal Tunal",0.0070358080988086,0.00298711678044747,0.00501146243962804
"Comuneros","Marly",0.00674757909680651,0.00327522082775123,0.00501139996227887
"Pepe Sierra - Utel Universidad","Carrera 90",0.00574549205919838,0.00425257716902853,0.00499903461411346
"Salitre El Greco - Vive Claro","La Castellana",0.00922314478239164,0.0007606330226398,0.00499188890251572
"C.C Paseo Villa Del Rio - Madelena","Comuneros",0.00207073676886988,0.00788260381367648,0.00497667029127318
"Calle 127","Portal 80",0.00264034504308326,0.00728755578542348,0.00496395041425337
"Paloquemao","Flores",0.00728032099309424,0.00264658654390292,0.00496345376849858
"San Facon Carrera 22","General Santander",0.00789325693725587,0.00200480183639762,0.00494902938682674
"Mandalay","Portal Tunal",0.00176251973137508,0.00812640868583901,0.00494446420860704
"Distrito Grafiti","Olaya",0.00527651586218065,0.00461238742891822,0.00494445164554944
"7 de Agosto","Guatoque - Veraguas",0.00250105433292709,0.00737334650269771,0.0049372004178124
"Gobernacion","Universidades CityU",0.00723668706964897,0.002615751247042,0.00492621915834549
"Transversal 86","La Despensa",0.0036526240018467,0.0061917881708613,0.004922206086354
"Banderas","Salitre El Greco - Vive Claro",0.00691178890337086,0.00291959296796358,0.00491569093566722
"Portal El Dorado – C.C Nuestro Bogotá","Avenida Chile",0.00515949469821489,0.00466564075941203,0.00491256772881346
"7 de Agosto","Santa Isabel",0.00139143233167398,0.0083896457795083,0.00489053905559114
"Banderas","Normandia",0.00579451110029874,0.00397154845538289,0.00488302977784081
"Calle 187","Calle 127",0.00160676012978752,0.00815910429382526,0.00488293221180639
"Venecia","Nariño",0.00500511636828553,0.00476030863494876,0.00488271250161714
"Av. Primero de Mayo","Portal Tunal",0.00876853417729756,0.000984904115061076,0.00487671914617932
"Carrera 43 - Comapan","Calle 40 Sur",0.0045342992924379,0.0052084830586475,0.0048713911755427
"Mandalay","Gobernacion",0.008277221717476,0.00146145232932611,0.00486933702340106
"Corferias","Cl38A sur - CENTRO MAYOR",0.00399123032008757,0.00573734988909269,0.00486429010459013
"Minuto De Dios","Salitre El Greco - Vive Claro",0.00782911699373192,0.00188165609663751,0.00485538654518471
"Prado","Avenida Chile",0.00348011953505176,0.006227483677474,0.00485380160626288
"El Tiempo - Cámara De Comercio De Bogotá","La Castellana",0.00873733821335698,0.000964434538814515,0.00485088637608575
"Marsella","Ciudad Universitaria- Lotería de Bogotá",0.00802908389548455,0.0016465425446774,0.00483781322008098
"Distrito Grafiti","Universidades CityU",0.00482187405419121,0.00484102399008401,0.00483144902213761
"Calle 187","Suba - Tv. 91",0.00622104544277616,0.00343768157563258,0.00482936350920437
"Mazurén","Boyacá",0.00258040585854254,0.00705973611113066,0.0048200709848366
"Carrera 43 - Comapan","Normandia",0.00740328410361965,0.00223261394782667,0.00481794902572316
"Suba - Calle 95","Av. Rojas - UNISALESIANA",0.0050384324290956,0.00459203462076703,0.00481523352493132
"Rionegro","Modelia",0.00363501000693036,0.00598707951707819,0.00481104476200427
"San Victorino","Cl38A sur - CENTRO MAYOR",0.00716768352217577,0.00242437333953408,0.00479602843085492
"21 Ángeles","Suba Calle 100",0.00477084629134928,0.00481784837703261,0.00479434733419095
"Portal 80","Carrera 47",0.00563453553455455,0.00393679371922933,0.00478566462689194
"De La Sabana","General Santander",0.00539067010124848,0.00416221293117853,0.00477644151621351
"Puente Aranda","Calle 76",0.00209503663184751,0.00745076037454328,0.00477289850319539
"Av. Suba - Calle 116","Portal El Dorado – C.C Nuestro Bogotá",0.0033356474701035,0.00619888466978011,0.0047672660699418
"Ciudad Jardín - UAN","Concejo de Bogotá",0.00922546081641814,0.00030644456897196,0.00476595269269505
"Puente Aranda","Transversal 86",0.00625415675931982,0.00326321876590545,0.00475868776261264
"Calle 142","Minuto De Dios",0.00500081653793003,0.00451068690966076,0.0047557517237954
"El Tiempo - Cámara De Comercio De Bogotá","Guatoque - Veraguas",0.00345935660123347,0.00605186953136753,0.0047556130663005
"Salitre El Greco - Vive Claro","Suba Calle 100",0.00445352758177639,0.0050416808309865,0.00474760420638145
"Corferias","Nariño",0.00681066581738803,0.00267576460394025,0.00474321521066414
"Calle 100 - Marketmedios","Gratamira",0.0072811788965668,0.00219998401128522,0.00474058145392601
"San Martín","Modelia",0.00488676223735706,0.00455521473463592,0.00472098848599649
"Universidades CityU","Calle 40 Sur",0.0015000874790864,0.0079372004215189,0.00471864395030265
"El Tiempo - Cámara De Comercio De Bogotá","Calle 26 - Atrio",0.00373589562828711,0.00568988609696197,0.00471289086262454
"Guatoque - Veraguas","Biblioteca",0.00618365250753647,0.00323924614630868,0.00471144932692258
"Av. Suba - Calle 116","Modelia",0.00392923616313641,0.00548355197843504,0.00470639407078573
"Estación San Bernardo","Distrito Grafiti",0.00814948819236228,0.00125178820378468,0.00470063819807348
"Ferias","Marly",0.00241005309190594,0.00694573416376185,0.00467789362783389
"Estación San Bernardo","Consuelo",0.00499263719451286,0.00435414553980189,0.00467339136715737
"Puentelargo","Av. Rojas - UNISALESIANA",0.00434530194116931,0.00493826689175865,0.00464178441646398
"Las Aguas - Centro Colombo Americano","Movistar Arena",0.00658869707680172,0.00268782004335207,0.0046382585600769
"Avenida 68","Gobernacion",0.00862649171487912,0.000645119494639558,0.00463580560475934
"Policarpa","Danubio",0.00426043070534898,0.00500699456577011,0.00463371263555955
"La Campiña","Puentelargo",0.00685891545935606,0.00239788792585993,0.004628401692608
"Estación San Bernardo","Quinta Paredes",0.0068948621664986,0.002350281790254,0.0046225719783763
"CAN - British Council","La Castellana",0.00892522306135756,0.000318653360200654,0.00462193821077911
"Granja - cra 77","Salitre El Greco - Vive Claro",0.00603612069277317,0.00320117163344047,0.00461864616310682
"Calle 85 - Gato Dumas","Salitre El Greco - Vive Claro",0.00712997701396361,0.00210442700865485,0.00461720201130923
"Salitre El Greco - Vive Claro","Santa Isabel",0.00597411986322178,0.00325629703825135,0.00461520845073656
"Virrey - Cendiatra","Av. 39",0.00468883150143717,0.00453004379539391,0.00460943764841554
"General Santander","Avenida Jiménez",0.00494190390530856,0.00427346792468246,0.00460768591499551
"Portal Sur - JFK Coop. Financiera","Biblioteca",0.00663375329643488,0.00254864560196033,0.0045911994491976
"Mazurén","Granja - cra 77",0.00184478103273725,0.00733432821931535,0.0045895546260263
"Portal 20  de Julio","Las Nieves",0.00856708558388633,0.000604968808025405,0.00458602719595587
"Calle 85 - Gato Dumas","El Tiempo - Cámara De Comercio De Bogotá",0.00609946643626945,0.00307168168865539,0.00458557406246242
"Héroes - Colmena Seguros","Modelia",0.00242968705984255,0.0067143838835891,0.00457203547171583
"Salitre El Greco - Vive Claro","Avenida Jiménez",0.0041428401392968,0.00499139151931846,0.00456711582930763
"Bicentenario","Santa Lucía",0.00716333708891358,0.00194492753503268,0.00455413231197313
"San Martín","Av. Eldorado",0.00695340641284392,0.00215319437823708,0.0045533003955405
"Calle 106","Carrera 90",0.00572822381542545,0.0033608237396584,0.00454452377754192
"Héroes - Colmena Seguros","CAD",0.00462913291631833,0.00444734566416703,0.00453823929024268
"Quirigua","El Tiempo - Cámara De Comercio De Bogotá",0.00560427118633891,0.00343646329937645,0.00452036724285768
"Pepe Sierra - Utel Universidad","Portal Suba",0.00132458748799391,0.00770611403233554,0.00451535076016473
"Calle 127","Carrera 90",0.00536549016038225,0.00364088146919026,0.00450318581478626
"Museo Del Oro","Quiroga",0.0060842939244187,0.00291127982594023,0.00449778687517946
"Modelia","Calle 76",0.00216301109035193,0.00683255696710783,0.00449778402872988
"Country Sur","CAD",0.00348780935121737,0.00549826097523845,0.00449303516322791
"Av. Primero de Mayo","Portal Usme",0.00460790041186665,0.00437350383740514,0.0044907021246359
"Centro Memoria","Avenida Chile",0.00830060921784997,0.000674237998380496,0.00448742360811523
"Biblioteca Tintal","La Despensa",0.00382217115372778,0.00514808007914354,0.00448512561643566
"Portal Norte - Unicervantes ","Calle 106",0.00289110549773813,0.00606873168551656,0.00447991859162735
"Portal Suba","Av. Suba - Calle 116",0.00767494242284541,0.00128346568843545,0.00447920405564043
"Ferias","CAN - British Council",0.00845594652655527,0.000500657885623501,0.00447830220608939
"San Victorino","Movistar Arena",0.00605092688163776,0.0029035353833738,0.00447723113250578
"Pradera - Plaza Central","7 de Agosto",0.004934249725245,0.00399875999708446,0.00446650486116473
"San Diego","7 de Agosto",0.00732041271987539,0.00161013113408693,0.00446527192698116
"Quinta Paredes","NQS Calle 30 SUR",0.00583975830906182,0.00307999651966287,0.00445987741436235
"Bicentenario","Gobernacion",0.00476209644786605,0.00415500918213733,0.00445855281500169
"Gratamira","Carrera 53",0.00866377317262124,0.000238750474477325,0.00445126182354928
"Carrera 47","Corferias",0.00818423074479048,0.000704879963068146,0.00444455535392931
"Banderas","Santa Isabel",0.00381022752197766,0.00507129842597733,0.0044407629739775
"NQS Calle 30 SUR","Universidad Nacional",0.00237966845009315,0.00650036895582714,0.00444001870296015
"Calle 142","La Castellana",0.00333556510647168,0.00553056211112774,0.00443306360879971
"Calle 142","Rionegro",0.00647220062743502,0.00239365952464431,0.00443293007603966
"Transversal 86","NQS Calle 30 SUR",0.00390330705826633,0.00496242997595351,0.00443286851710992
"Estación San Bernardo","Alquería",0.00545100344057715,0.00341032715677822,0.00443066529867769
"Rionegro","Quinta Paredes",0.00471860314027188,0.00413579528213113,0.00442719921120151
"Av. Suba - Calle 116","Movistar Arena",0.00546176558574884,0.00338605831847721,0.00442391195211303
"Alcalá - Colegio S. Tomás Dominicos","Héroes - Colmena Seguros",0.00368148496538307,0.00516541876113234,0.00442345186325771
"Bicentenario","Marly",0.00751333436910874,0.00132465860096808,0.00441899648503841
"Niza - Calle 127","Calle 76",0.00551409979191421,0.00331005559055057,0.00441207769123239
"Puentelargo","Campin - UAN",0.00618928761021284,0.00263317707370564,0.00441123234195924
"CAD","Olaya",0.005531009321066,0.00328750459044646,0.00440925695575623
"Av. Rojas - UNISALESIANA","Av. 39",0.00330373615098598,0.00551212214116361,0.00440792914607479
"Pepe Sierra - Utel Universidad","Campin - UAN",0.00246996379013964,0.00632948538299254,0.00439972458656609
"Marsella","Quiroga",0.00266288330253025,0.00612456557980699,0.00439372444116862
"Museo Nacional","Restrepo",0.00833637271509147,0.000430072710369877,0.00438322271273067
"Tygua-San José","Calle 57",0.00532831201323699,0.00343323388159004,0.00438077294741352
"Biblioteca Tintal","Cl38A sur - CENTRO MAYOR",0.00256589120138088,0.00617637619838874,0.00437113369988481
"Quinta Paredes","Hortúa",0.00793264218193947,0.000808363948202255,0.00437050306507086
"Country Sur","Venecia",0.00467025074160626,0.00405646622047117,0.00436335848103872
"Sevillana","Fucha",0.00522088138933055,0.00350422105349624,0.0043625512214134
"Normandia","Concejo de Bogotá",0.00311656407015412,0.00558363215985332,0.00435009811500372
"Gratamira","Escuela Militar",0.00420381497865535,0.00446623218133931,0.00433502357999733
"Policarpa","Biblioteca",0.00828293443158975,0.000386742003604474,0.00433483821759711
"Portal Usme","Restrepo",0.00377830504980506,0.00488733822319504,0.00433282163650005
"Mandalay","Santa Isabel",0.00580663121253213,0.00284089911448461,0.00432376516350837
"Calle 142","Avenida 68",0.00502166877501711,0.00361989107224603,0.00432077992363157
"Marsella","Hortúa",0.00250675830997124,0.00611956264108631,0.00431316047552877
"El Tiempo - Cámara De Comercio De Bogotá","Calle 22",0.00318975107293933,0.005418293511735,0.00430402229233716
"Terminal","Suba - Tv. 91",0.00400951756323229,0.00458795053538145,0.00429873404930687
"Minuto De Dios","Movistar Arena",0.0064248879034328,0.0021559016505664,0.0042903947769996
"Av. Primero de Mayo","Venecia",0.00371299214216114,0.00486331400333616,0.00428815307274865
"Héroes - Colmena Seguros","Normandia",0.00402012207100838,0.00454369361688915,0.00428190784394876
"Portal 20  de Julio","Venecia",0.00329046174844246,0.00526654880069344,0.00427850527456795
"C.C Paseo Villa Del Rio - Madelena","Danubio",0.00156134970202185,0.00699405479444687,0.00427770224823436
"Distrito Grafiti","Calle 40 Sur",0.00352993324309807,0.00501175813392426,0.00427084568851117
"Carrera 90","La Castellana",0.00589656652267441,0.00263848533578103,0.00426752592922772
"Héroes - Colmena Seguros","Centro Memoria",0.00533171415992185,0.00315204079831336,0.0042418774791176
"Carrera 47","Av. Eldorado",0.00675942211878062,0.00170544244092587,0.00423243227985325
"Mandalay","Calle 40 Sur",0.00172481349217097,0.00673693730224009,0.00423087539720553
"Calle 85 - Gato Dumas","CAD",0.00297707878758833,0.00546591716558174,0.00422149797658503
"Las Aguas - Centro Colombo Americano","Olaya",0.00795156024577359,0.000483882338804651,0.00421772129228912
"Calle 146","Suba Calle 100",0.00803845750186919,0.000375479593422955,0.00420696854764607
"CDS Carrera 32","Av. Rojas - UNISALESIANA",0.00653577039296785,0.00186150255535006,0.00419863647415895
"Country Sur","Calle 22",0.00748440558110742,0.000904462641530551,0.00419443411131898
"CAN - British Council","Avenida Jiménez",0.00688507549523732,0.00149594666640711,0.00419051108082222
"Virrey - Cendiatra","Av. Rojas - UNISALESIANA",0.00394266458415663,0.00441323618242724,0.00417795038329194
"Alcalá - Colegio S. Tomás Dominicos","Carrera 53",0.00649590176402018,0.00185995181866869,0.00417792679134443
"Ciudad Universitaria- Lotería de Bogotá","NQS Calle 30 SUR",0.00554927162171347,0.00280493436805955,0.00417710299488651
"Av. Rojas - UNISALESIANA","Centro Memoria",0.00438465786101946,0.00396521370158,0.00417493578129973
"Calle 106","21 Ángeles",0.00655462559933914,0.00178336702379397,0.00416899631156656
"Mandalay","Ricaurte",0.00430274061620419,0.00402407728734346,0.00416340895177382
"Bicentenario","Campin - UAN",0.00394343772048779,0.00438304329453761,0.0041632405075127
"Calle 106","Portal 80",0.00257183005235028,0.00574711171671921,0.00415947088453474
"Suba - Tv. 91","Rionegro",0.00114960962675306,0.00715095973164895,0.004150284679201
"Bosa","Portal Tunal",0.00542994801747299,0.0028701123539109,0.00415003018569195
"Carrera 47","Portal El Dorado – C.C Nuestro Bogotá",0.00603102248998266,0.00225755901502099,0.00414429075250182
"C.C Paseo Villa Del Rio - Madelena","Olaya",0.00373028226701704,0.00455495288167058,0.00414261757434381
"Transversal 86","Av. Rojas - UNISALESIANA",0.00477548472758622,0.00350826171010635,0.00414187321884629
"Rionegro","Corferias",0.00420659866419738,0.00407154127546608,0.00413906996983173
"Suba - Calle 95","Marly",0.00673181964463747,0.00154481274908733,0.0041383161968624
"Prado","Quirigua",0.00228535747017496,0.00598173174950349,0.00413354460983923
"Portal 80","El Tiempo - Cámara De Comercio De Bogotá",0.00395707838449665,0.0043068532687636,0.00413196582663013
"Puente Aranda","Héroes - Colmena Seguros",0.00144066867689806,0.00681491667207175,0.00412779267448491
"Quirigua","La Castellana",0.00350060426632848,0.00474741980953668,0.00412401203793258
"Sevillana","Paloquemao",0.00129717870186928,0.00694702989259381,0.00412210429723154
"Gobernacion","La Castellana",0.00796013740854026,0.000276244014526012,0.00411819071153314
"Universidades CityU","Quiroga",0.002780855553026,0.0054380370764606,0.0041094463147433
"Calle 85 - Gato Dumas","Avenida Cali",0.00503297152627992,0.00316947197034717,0.00410122174831355
"San Victorino","Salitre El Greco - Vive Claro",0.00290266313515959,0.00529824264980948,0.00410045289248454
"Calle 100 - Marketmedios","Carrera 90",0.00490242218594213,0.0032981136787851,0.00410026793236361
"Portal Américas","San Mateo",0.00366243235409933,0.00452878639987992,0.00409560937698963
"Calle 106","Calle 57",0.00450788712629514,0.00365363109870354,0.00408075911249934
"San Facon Carrera 22","Calle 40 Sur",0.00646550555545741,0.00168856893785288,0.00407703724665515
"Av Américas - Av. Boyacá","Quiroga",0.00221585162027097,0.00592377962484224,0.0040698156225566
"Quiroga","Calle 26 - Atrio",0.00219344113877588,0.00594474446966319,0.00406909280421953
"Mandalay","Parque",0.00129276696424956,0.00683426319452357,0.00406351507938657
"Calle 146","Calle 85 - Gato Dumas",0.00142955498959151,0.00668698914452053,0.00405827206705602
"Comuneros","Danubio",0.00156035934674198,0.00654939533764825,0.00405487734219511
"Marsella","Concejo de Bogotá",0.0055147152079899,0.00256136819733489,0.0040380417026624
"San Martín","Av. 39",0.00591035673671228,0.00216254992320573,0.00403645332995901
"Calle 85 - Gato Dumas","Corferias",0.00625584840423447,0.00181491368720709,0.00403538104572078
"De La Sabana","Flores",0.00347545793306363,0.00457303837061345,0.00402424815183854
"Calle 142","Ferias",0.0058622384062622,0.00216604902627482,0.00401414371626851
"Country Sur","Universidades CityU",0.00741319772373993,0.000610553962197533,0.00401187584296873
"Prado","Calle 76",0.00385227956011066,0.00417122979044708,0.00401175467527887
"Museo Del Oro","Cl38A sur - CENTRO MAYOR",0.00420690135883196,0.00381491962295444,0.0040109104908932
"Mandalay","Biblioteca",0.00148609240438685,0.00651502179874167,0.00400055710156426
"Normandia","Calle 57",0.0036215436620123,0.00437632177411115,0.00399893271806173
"CAD","Quiroga",0.00306706399977642,0.00492087017996133,0.00399396708986887
"Ciudad Jardín - UAN","Parque",0.00767250889046194,0.000315253867280961,0.00399388137887145
"La Campiña","Boyacá",0.00624309204656443,0.0017352728207909,0.00398918243367767
"Niza - Calle 127","Normandia",0.00189912481481448,0.00606709772376298,0.00398311126928873
"Pepe Sierra - Utel Universidad","Portal 80",0.00266079695905532,0.00529711255496036,0.00397895475700784
"Calle 85 - Gato Dumas","CAN - British Council",0.00738123918463845,0.000535460669927437,0.00395834992728294
"Avenida 68","Universidad Nacional",0.00637266838591864,0.00154005890279049,0.00395636364435457
"Concejo de Bogotá","NQS Calle 30 SUR",0.00622143517601802,0.00167727214735328,0.00394935366168565
"Corferias","La Castellana",0.00597066966049228,0.00192529629102885,0.00394798297576056
"Pepe Sierra - Utel Universidad","La Campiña",0.00242550823470401,0.00546823278534604,0.00394687051002503
"Calle 100 - Marketmedios","Portal 80",0.00208092692889901,0.00580978426671566,0.00394535559780733
"Terminal","Gratamira",0.00452380957860056,0.00336475313258533,0.00394428135559295
"Marsella","Restrepo",0.00250928168454253,0.00537645901804147,0.003942870351292
"Mazurén","Minuto De Dios",0.00235931633482239,0.00551199279222891,0.00393565456352565
"Alcalá - Colegio S. Tomás Dominicos","San Martín",0.00626845010181544,0.00158817184654709,0.00392831097418127
"Portal Usme","Fucha",0.00320096599255407,0.00465470666487796,0.00392783632871601
"Calle 85 - Gato Dumas","Ciudad Universitaria- Lotería de Bogotá",0.00676391142886066,0.00108533115868906,0.00392462129377486
"Av Américas - Av. Boyacá","Calle 40 Sur",0.00240977259458631,0.00543641614944534,0.00392309437201583
"Virrey - Cendiatra","Suba - Av. Boyacá",0.00627906119545006,0.00155655121674324,0.00391780620609665
"Escuela Militar","Calle 26 - Atrio",0.00202036805296579,0.00579587852879898,0.00390812329088238
"Calle 127","Flores",0.0052242869966848,0.0025819071768428,0.0039030970867638
"Marsella","Calle 40 Sur",0.00277825926620304,0.00502583482251208,0.00390204704435756
"Calle 85 - Gato Dumas","Gobernacion",0.00713873831458402,0.000662079270584526,0.00390040879258427
"Carrera 53","Quinta Paredes",0.00775265058040763,4.40344060232899e-05,0.00389834249321546
"El Tiempo - Cámara De Comercio De Bogotá","Suba Calle 100",0.00496832186882945,0.0028261926122255,0.00389725724052747
"Estación San Bernardo","Molinos",0.00492602053161942,0.00284589159249083,0.00388595606205513
"Portal 20  de Julio","CAD",0.00199878736924405,0.00571537899456975,0.0038570831819069
"Polo - FINCOMERCIO","Calle 22",0.00181269369958579,0.00589592787030434,0.00385431078494507
"Alcalá - Colegio S. Tomás Dominicos","Avenida Cali",0.00374322566464016,0.00395545614005587,0.00384934090234801
"Portal Américas","Alquería",0.00415129762387332,0.0035355891633359,0.00384344339360461
"Venecia","Tygua-San José",0.00304406902391637,0.00463759730791651,0.00384083316591644
"Ciudad Jardín - UAN","Puente Aranda",0.00721511623760821,0.000450563991026608,0.00383284011431741
"Zona Industrial","Parque",0.0011753745361606,0.00647878769243798,0.00382708111429929
"Virrey - Cendiatra","Quirigua",0.00214741487543324,0.00549343577291638,0.00382042532417481
"Mandalay","Comuneros",0.00529043175686227,0.00231243526410977,0.00380143351048602
"Calle 40 Sur","Calle 26 - Atrio",0.00125747182886511,0.00634183801286076,0.00379965492086294
"Normandia","Suba Calle 100",0.0044481999660432,0.003128999336533,0.0037885996512881
"Zona Industrial","Calle 76",0.00220392509033215,0.00536967810602897,0.00378680159818056
"San Facon Carrera 22","Av Américas - Av. Boyacá",0.00403863750574897,0.00352934885325906,0.00378399317950401
"Portal 80","NQS Calle 75",0.00255161513172817,0.00501547937946643,0.0037835472555973
"Museo Del Oro","Gobernacion",0.00734214047812722,0.000207126072749696,0.00377463327543846
"Calle 146","Boyacá",0.00378177337718102,0.00376571768138413,0.00377374552928257
"Zona Industrial","Normandia",0.00507194831234674,0.00246750334719017,0.00376972582976846
"Av. Primero de Mayo","Carrera 43 - Comapan",0.00693744504146876,0.000592534412020805,0.00376498972674478
"Suba - Tv. 91","Ferias",0.00602874356850047,0.00149689833926399,0.00376282095388223
"Marsella","Av. Eldorado",0.00531355956714673,0.00221192185855088,0.0037627407128488
"Modelia","Universidad Nacional",0.00363736677135862,0.00386991003869079,0.00375363840502471
"Carrera 47","Ciudad Universitaria- Lotería de Bogotá",0.00682472244754013,0.000659398909682775,0.00374206067861145
"Pradera - Plaza Central","Perdomo",0.00258904672932938,0.00488857896242043,0.0037388128458749
"De La Sabana","Salitre El Greco - Vive Claro",0.00573570272236447,0.00170219796884372,0.0037189503456041
"Biblioteca Tintal","León XIII",0.00221753871708426,0.00521660405332535,0.00371707138520481
"Carrera 43 - Comapan","Venecia",0.0051707540814501,0.00225642608653388,0.00371359008399199
"CDS Carrera 32","Calle 40 Sur",0.0060938338850479,0.00132855860481603,0.00371119624493196
"Banderas","Comuneros",0.00341337923771308,0.00400416530014055,0.00370877226892681
"Pradera - Plaza Central","Universidades CityU",0.00230240538116028,0.00510093334611624,0.00370166936363826
"Suba - Av. Boyacá","La Castellana",0.00678490182885171,0.000610330125172324,0.00369761597701202
"Comuneros","Parque",0.00525867565026691,0.00212326741662577,0.00369097153344634
"Rionegro","Portal El Dorado – C.C Nuestro Bogotá",0.00224912242978794,0.00512215168092099,0.00368563705535447
"Marsella","Campin - UAN",0.00347510522609663,0.00388477155939111,0.00367993839274387
"Portal Norte - Unicervantes ","Niza - Calle 127",0.0049881976264502,0.00237073193006453,0.00367946477825737
"San Martín","Portal El Dorado – C.C Nuestro Bogotá",0.00285222794040855,0.00450059927192793,0.00367641360616824
"Carrera 43 - Comapan","Carrera 47",0.00127176242358777,0.00607617699010327,0.00367396970684552
"NQS Calle 30 SUR","Calle 26 - Atrio",0.00499337421645054,0.00235297378102489,0.00367317399873771
"Museo Nacional","Salitre El Greco - Vive Claro",0.00601959379216412,0.00131556018627622,0.00366757698922017
"Escuela Militar","CAD",0.00334319095811731,0.00397050350903284,0.00365684723357507
"Calle 146","Suba - Calle 95",0.00645048336275352,0.000846482831195346,0.00364848309697443
"Venecia","Hortúa",0.00360824813322668,0.00368477479758829,0.00364651146540749
"Ciudad Universitaria- Lotería de Bogotá","Restrepo",0.00437869265793421,0.0029026406900625,0.00364066667399836
"Marsella","Avenida Jiménez",0.00229670756449605,0.00497804066244896,0.0036373741134725
"Ricaurte","Santa Lucía",0.00438327111570869,0.00288985952725205,0.00363656532148037
"Las Nieves","Quiroga",0.00526674083615605,0.00200411116624588,0.00363542600120096
"Marsella","Calle 22",0.00211557523473808,0.00514964497225319,0.00363261010349563
"Puentelargo","Calle 57",0.00532901903549086,0.00193050185577946,0.00362976044563516
"Boyacá","CAN - British Council",0.00675275715095571,0.000482974310820676,0.00361786573088819
"21 Ángeles","Avenida 68",0.0056305435988316,0.00158591123828099,0.0036082274185563
"Pradera - Plaza Central","Portal El Dorado – C.C Nuestro Bogotá",0.00318381850681876,0.00403101674120519,0.00360741762401197
"Zona Industrial","Venecia",0.00455702166264612,0.00263941522194395,0.00359821844229503
"San Diego","Olaya",0.00567582534257768,0.00151191475117755,0.00359387004687761
"Av Américas - Av. Boyacá","Parque",0.00145219629601972,0.00573078213259408,0.0035914892143069
"Portal 20  de Julio","Sevillana",0.0021550134867331,0.0050178557906103,0.0035864346386717
"Marsella","Universidad Nacional",0.00467108927233647,0.00249965927343013,0.0035853742728833
"Av Américas - Av. Boyacá","Hortúa",0.00176744451909749,0.0053878162218066,0.00357763037045204
"Centro Memoria","NQS Calle 30 SUR",0.00548291126289436,0.00165435061677129,0.00356863093983282
"Avenida Cali","Polo - FINCOMERCIO",0.00648009412264331,0.000647793621741114,0.00356394387219221
"Universidades CityU","Calle 76",0.00180551197469027,0.00530523399014736,0.00355537298241882
"Alquería","Avenida Jiménez",0.00296988564245828,0.00411751462140134,0.00354370013192981
"Av. Primero de Mayo","Corferias",0.00225614426817051,0.00481761875710982,0.00353688151264017
"Calle 142","Carrera 47",0.00348155376987706,0.00358935742727376,0.00353545559857541
"Policarpa","Quinta Paredes",0.00470564204796017,0.00235518925909723,0.0035304156535287
"San Martín","Concejo de Bogotá",0.00433710128229369,0.002721737279412,0.00352941928085285
"Guatoque - Veraguas","Danubio",0.00127058575875698,0.00577676454306155,0.00352367515090927
"Avenida Chile","Calle 26 - Atrio",0.00571667451736921,0.00132983141809461,0.00352325296773191
"Portal Sur - JFK Coop. Financiera","Santa Lucía",0.00454560992627516,0.0024962247699661,0.00352091734812063
"Rionegro","Quirigua",0.00422238394980041,0.00279787482318739,0.0035101293864939
"Quirigua","Movistar Arena",0.00105253232851631,0.00596426620089593,0.00350839926470612
"Calle 146","Minuto De Dios",0.00337774590256776,0.00362863065195664,0.0035031882772622
"San Diego","NQS Calle 30 SUR",0.00508926379032987,0.00191276577417061,0.00350101478225024
"Av Américas - Av. Boyacá","Restrepo",0.00190590890988312,0.00509456349365593,0.00350023620176953
"Puentelargo","Modelia",0.00384330393714126,0.00314523796533655,0.00349427095123891
"San Facon Carrera 22","7 de Agosto",0.00582402283480162,0.00116288432765913,0.00349345358123037
"San Victorino","Calle 40 Sur",0.00536084027694013,0.00161965782113048,0.00349024904903531
"Calle 187","Pepe Sierra - Utel Universidad",0.00160157172795571,0.00536663283511729,0.0034841022815365
"Mandalay","Bosa",0.00422660784680825,0.00274123618873587,0.00348392201777206
"Suba - Av. Boyacá","NQS Calle 75",0.00462703925240439,0.00233071945518745,0.00347887935379592
"Prado","Portal 80",0.00192488727902038,0.00502426771669115,0.00347457749785577
"Polo - FINCOMERCIO","Centro Memoria",0.00434100602867031,0.00259555062133687,0.00346827832500359
"Bicentenario","Pradera - Plaza Central",0.0052062100173775,0.00172182885044134,0.00346401943390942
"C.C Paseo Villa Del Rio - Madelena","Guatoque - Veraguas",0.00116285817138957,0.0057602711221173,0.00346156464675344
"Estación San Bernardo","Socorro",0.00570262421064849,0.00121961408550317,0.00346111914807583
"Marsella","Calle 26 - Atrio",0.00187290496727151,0.00502574494896988,0.0034493249581207
"Portal 20  de Julio","Universidades CityU",0.00592836185372764,0.000969592973572452,0.00344897741365005
"Museo Nacional","Calle 76",0.00652833275107515,0.000349469707055571,0.00343890122906536
"Av. Primero de Mayo","Centro Memoria",0.006306438136048,0.00054237394152554,0.00342440603878677
"Mandalay","Quinta Paredes",0.00643360989861643,0.000412670832801761,0.00342314036570909
"Zona Industrial","Biblioteca",0.0019493297578943,0.00489256806157771,0.00342094890973601
"Las Aguas - Centro Colombo Americano","Distrito Grafiti",0.00479509386470276,0.00204444616252633,0.00341977001361455
"Policarpa","Distrito Grafiti",0.00588138950698802,0.000954754433043286,0.00341807197001565
"Quinta Paredes","La Castellana",0.00651567725930069,0.000316290739362811,0.00341598399933175
"Country Sur","Sevillana",0.00299348090593279,0.00383500348916964,0.00341424219755122
"La Castellana","Av. 39",0.00568891183528038,0.00113065869851626,0.00340978526689832
"Tygua-San José","Biblioteca",0.00496225273664025,0.00185625678085399,0.00340925475874712
"Portal Américas","General Santander",0.00263753014077619,0.00418093858659118,0.00340923436368368
"Banderas","CAN - British Council",0.00622996205256299,0.000573175004871092,0.00340156852871704
"Avenida Jiménez","Calle 76",0.00104698276116643,0.00575387207509586,0.00340042741813115
"Calle 85 - Gato Dumas","Quinta Paredes",0.0063859394455463,0.000412945997174983,0.00339944272136064
"Biblioteca","Avenida Jiménez",0.00187896503734291,0.00491900595368719,0.00339898549551505
"Distrito Grafiti","C.C Paseo Villa Del Rio - Madelena",0.00269368380325483,0.0040911726071917,0.00339242820522326
"Portal Sur - JFK Coop. Financiera","Quiroga",0.00208868994961474,0.00469461283460333,0.00339165139210903
"Polo - FINCOMERCIO","Modelia",0.00367768539147858,0.00307813292443134,0.00337790915795496
"Santa Isabel","Marly",0.00435707723397231,0.00239110110507837,0.00337408916952534
"Minuto De Dios","Campin - UAN",0.00421689413247204,0.00252002496331468,0.00336845954789336
"Alquería","Portal Usme",0.00109543220565469,0.00562047715022475,0.00335795467793972
"Calle 142","Escuela Militar",0.00319495615147624,0.00351993635006806,0.00335744625077215
"21 Ángeles","San Martín",0.00160914271431892,0.00507001442010356,0.00333957856721124
"Portal Sur - JFK Coop. Financiera","Calle 40 Sur",0.00363642455717701,0.0030256862488627,0.00333105540301985
"Marsella","Parque",0.00148956783663606,0.00515732845318643,0.00332344814491125
"CDS Carrera 32","Mandalay",0.00509149337139589,0.00152324956489481,0.00330737146814535
"Perdomo","Socorro",0.00478424385661353,0.00182903309006841,0.00330663847334097
"Av. Rojas - UNISALESIANA","Suba Calle 100",0.00500755283126147,0.00158019828917388,0.00329387556021767
"Virrey - Cendiatra","CAD",0.00173601098756394,0.00483773194711039,0.00328687146733717
"Avenida 68","Av. 39",0.00177913384240002,0.00479243556283746,0.00328578470261874
"Bicentenario","Movistar Arena",0.0025219891703452,0.00404239659083571,0.00328219288059046
"Paloquemao","Calle 40 Sur",0.00435605373371265,0.00220465454597904,0.00328035413984585
"Virrey - Cendiatra","El Tiempo - Cámara De Comercio De Bogotá",0.00461056180215314,0.00193841415707066,0.0032744879796119
"Alcalá - Colegio S. Tomás Dominicos","Quirigua",0.00171866775312206,0.00482541491962324,0.00327204133637265
"Av Américas - Av. Boyacá","Ciudad Universitaria- Lotería de Bogotá",0.0052205927911904,0.00131139558515087,0.00326599418817064
"Humedal Córdoba","Normandia",0.00265837047363873,0.0038656153538322,0.00326199291373546
"Comuneros","Calle 57",0.00394262049117398,0.00257738076708102,0.0032600006291275
"Avenida Cali","Salitre El Greco - Vive Claro",0.00459667263717501,0.00191286800909072,0.00325477032313286
"Puentelargo","Portal El Dorado – C.C Nuestro Bogotá",0.00293704801066223,0.0035688039119717,0.00325292596131697
"Portal Suba","Minuto De Dios",0.00461501867549652,0.0018853695601978,0.00325019411784716
"Las Nieves","Flores",0.00468586177175415,0.00180785876216363,0.00324686026695889
"Humedal Córdoba","7 de Agosto",0.00555817419727364,0.000912513439145546,0.00323534381820959
"CDS Carrera 32","Banderas",0.00315855790436061,0.00329824702508262,0.00322840246472161
"Quirigua","Suba Calle 100",0.00580317145052757,0.00062097218440311,0.00321207181746534
"Las Aguas - Centro Colombo Americano","Gobernacion",0.00631942549149151,8.56746886121647e-05,0.00320255009005184
"Rionegro","Av. 39",0.00370873367916047,0.00269158207844818,0.00320015787880433
"Puente Aranda","Sevillana",0.0036555927981639,0.00274138913564518,0.00319849096690454
"Alcalá - Colegio S. Tomás Dominicos","NQS Calle 75",0.00265314840583184,0.00374304031639418,0.00319809436111301
"Danubio","Hortúa",0.00369970431910999,0.00269056637916426,0.00319513534913713
"Virrey - Cendiatra","Salitre El Greco - Vive Claro",0.00503101559218362,0.00135377316606758,0.0031923943791256
"Calle 142","Avenida Cali",0.00303196386323239,0.00334416663001203,0.00318806524662221
"Av. Primero de Mayo","Sevillana",0.00229816485500598,0.00406177103677796,0.00317996794589197
"El Tiempo - Cámara De Comercio De Bogotá","Comuneros",0.00385530360664294,0.00249721585767833,0.00317625973216064
"Gratamira","Carrera 47",0.00567017718741445,0.00064904657575601,0.00315961188158523
"Calle 187","Suba - Av. Boyacá",0.00454100931276294,0.00175534864360922,0.00314817897818608
"San Martín","Quirigua",0.00410880948161863,0.00218682049577846,0.00314781498869854
"Las Nieves","Pradera - Plaza Central",0.00512707097445518,0.00116605777390121,0.00314656437417819
"Comuneros","Portal Tunal",0.00454380715626441,0.0017440848733822,0.0031439460148233
"Carrera 53","Corferias",0.00615867816148053,0.000127128846685984,0.00314290350408326
"Zona Industrial","Santa Lucía",0.00250139192452717,0.00378263544123484,0.00314201368288101
"Calle 85 - Gato Dumas","Modelia",0.00237913758773475,0.00389126341023581,0.00313520049898528
"Toberín- Foundever","Puentelargo",0.00512032343196869,0.00114484878594247,0.00313258610895558
"Av Américas - Av. Boyacá","Portal El Dorado – C.C Nuestro Bogotá",0.00326377531043471,0.00299013323983313,0.00312695427513392
"Normandia","La Castellana",0.0055718804754834,0.000671856844049126,0.00312186865976626
"Carrera 90","Salitre El Greco - Vive Claro",0.0035268610200011,0.00270685195361985,0.00311685648681047
"Marsella","Av. 39",0.00147398319239654,0.00474000294007393,0.00310699306623524
"Mazurén","Avenida 68",0.00203600708935322,0.00417738008451434,0.00310669358693378
"Quinta Paredes","Nariño",0.0048717294481959,0.00133906009588134,0.00310539477203862
"Calle 100 - Marketmedios","Av. Rojas - UNISALESIANA",0.00285697821636068,0.00334532530926876,0.00310115176281472
"Ferias","Gobernacion",0.00562271743630032,0.000578863834321344,0.00310079063531083
"San Victorino","Socorro",0.00178610975463004,0.00441406876166552,0.00310008925814778
"De La Sabana","7 de Agosto",0.00385022331401856,0.00234632032382975,0.00309827181892416
"Ciudad Jardín - UAN","Ciudad Universitaria- Lotería de Bogotá",0.0056927021112151,0.000495595287555723,0.00309414869938541
"San Victorino","Pradera - Plaza Central",0.00514985239554099,0.0010364563807567,0.00309315438814884
"Suba - Calle 95","Universidad Nacional",0.00536597577073989,0.000818730028971681,0.00309235289985579
"Transversal 86","Santa Isabel",0.00175793450114328,0.00442357703922685,0.00309075577018507
"Centro Memoria","NQS Calle 75",0.00538164462964171,0.000783504781651737,0.00308257470564672
"El Tiempo - Cámara De Comercio De Bogotá","Avenida Jiménez",0.00181272059418307,0.00435073641080207,0.00308172850249257
"Pradera - Plaza Central","Parque",0.00133935632876753,0.00481826761958583,0.00307881197417668
"Country Sur","Av. Eldorado",0.00139669095937647,0.00475689904233159,0.00307679500085403
"Marsella","Portal El Dorado – C.C Nuestro Bogotá",0.00339213299967559,0.00274781285544275,0.00306997292755917
"Ciudad Universitaria- Lotería de Bogotá","La Castellana",0.00581039817464174,0.000269550579183753,0.00303997437691275
"CDS Carrera 32","Flores",0.0051422897278276,0.000932682972770475,0.00303748635029904
"Calle 85 - Gato Dumas","Concejo de Bogotá",0.00487342615855249,0.00119925602719553,0.00303634109287401
"Distrito Grafiti","Perdomo",0.00138909883367105,0.00466322621129667,0.00302616252248386
"Ciudad Universitaria- Lotería de Bogotá","Olaya",0.0023991760675806,0.00365074577354715,0.00302496092056387
"Av. Eldorado","Fucha",0.00480243727510444,0.0012358630512581,0.00301915016318127
"Pradera - Plaza Central","Biblioteca",0.00190038923707104,0.00410916811249678,0.00300477867478391
"Pradera - Plaza Central","Santa Lucía",0.00196071427676398,0.0040473820029306,0.00300404813984729
"La Castellana","CAD",0.00247075312912876,0.00353206572908045,0.0030014094291046
"Portal 80","Avenida Chile",0.00237913026789788,0.00361514217349114,0.00299713622069451
"Puente Aranda","Avenida Chile",0.00455305246980477,0.00143209754220577,0.00299257500600527
"Virrey - Cendiatra","Carrera 90",0.00363808357334269,0.00233149673116642,0.00298479015225456
"Country Sur","Zona Industrial",0.00532681182623136,0.000634560544896261,0.00298068618556381
"El Tiempo - Cámara De Comercio De Bogotá","Tygua-San José",0.00183058712718908,0.00412884428137094,0.00297971570428001
"Alcalá - Colegio S. Tomás Dominicos","Portal 80",0.00150883271986373,0.00444198875089761,0.00297541073538067
"Carrera 90","Movistar Arena",0.001610770545878,0.00432981470574698,0.00297029262581249
"Corferias","General Santander",0.00251257294431138,0.00342359922387534,0.00296808608409336
"Country Sur","San Diego",0.00563642405777993,0.000298744764648777,0.00296758441121435
"Cl38A sur - CENTRO MAYOR","Calle 22",0.0042866585174667,0.00164119201013626,0.00296392526380148
"Ricaurte","Flores",0.00336844113618311,0.00255403779864608,0.00296123946741459
"Normandia","Centro Memoria",0.00180214115064647,0.00411687053298012,0.0029595058418133
"Banderas","Gobernacion",0.0052467565606655,0.000661917369667942,0.00295433696516672
"Bicentenario","Danubio",0.00173354858596913,0.00417276022946515,0.00295315440771714
"Zona Industrial","Héroes - Colmena Seguros",0.00144419277334848,0.00446128054029981,0.00295273665682415
"Gobernacion","NQS Calle 30 SUR",0.0041535601436782,0.0017456075703793,0.00294958385702875
"Héroes - Colmena Seguros","Avenida Cali",0.00426570641354812,0.00163042551907874,0.00294806596631343
"Av. Rojas - UNISALESIANA","Comuneros",0.00203688315833617,0.00384938130933285,0.00294313223383451
"Biblioteca Tintal","Modelia",0.00274973285108607,0.00313419930610705,0.00294196607859656
"Marsella","Tygua-San José",0.00425140318675871,0.00162418638159511,0.00293779478417691
"Portal El Dorado – C.C Nuestro Bogotá","Corferias",0.00238453400473,0.00348208727097215,0.00293331063785107
"General Santander","Av. Eldorado",0.00146690235724333,0.00439714270367463,0.00293202253045898
"Av Américas - Av. Boyacá","Portal Tunal",0.00187573584424223,0.0039858404939205,0.00293078816908137
"Quinta Paredes","Suba Calle 100",0.002409403110782,0.00345216637438603,0.00293078474258401
"San Facon Carrera 22","Alquería",0.00491601115223902,0.000939644169894766,0.00292782766106689
"Rionegro","Portal 80",0.00296532006677278,0.00287345272459305,0.00291938639568292
"Cl38A sur - CENTRO MAYOR","La Despensa",0.001084846528512,0.00475357686681682,0.00291921169766441
"Polo - FINCOMERCIO","CAD",0.0046758842519748,0.0011600041611082,0.0029179442065415
"Pepe Sierra - Utel Universidad","Suba - Tv. 91",0.0045363593956307,0.0012987572965474,0.00291755834608905
"Las Aguas - Centro Colombo Americano","NQS Calle 30 SUR",0.00474920468980234,0.00108268472725396,0.00291594470852815
"De La Sabana","Alquería",0.00327194856175973,0.00255880417844171,0.00291537637010072
"Portal El Dorado – C.C Nuestro Bogotá","Quinta Paredes",0.00392486423212629,0.00190022854551047,0.00291254638881838
"Portal Sur - JFK Coop. Financiera","Santa Isabel",0.000837749453900485,0.00498400475534038,0.00291087710462043
"Transversal 86","El Tiempo - Cámara De Comercio De Bogotá",0.00464011457394348,0.00116696228247134,0.00290353842820741
"Calle 142","Quirigua",0.00148705854480373,0.00431299437219952,0.00290002645850163
"Niza - Calle 127","Portal El Dorado – C.C Nuestro Bogotá",0.00232093279213661,0.00347726118916083,0.00289909699064872
"Prado","Carrera 90",0.00350938554526212,0.00228148773129514,0.00289543663827863
"Universidades CityU","Santa Lucía",0.000712831892485547,0.00507399574599353,0.00289341381923954
"Calle 146","Avenida 68",0.00311455108676563,0.00264618612792919,0.00288036860734741
"Puente Aranda","Carrera 47",0.00142298445580993,0.00433599747534174,0.00287949096557584
"Venecia","CAD",0.00106159044223579,0.00469657366650572,0.00287908205437075
"Av. Suba - Calle 116","Campin - UAN",0.00350144990439987,0.00224877811069684,0.00287511400754836
"Modelia","La Castellana",0.00421105085371937,0.0015381054512122,0.00287457815246579
"Escuela Militar","Centro Memoria",0.00280329661161019,0.00294126758333844,0.00287228209747431
"Minuto De Dios","Calle 57",0.00168449089939136,0.00405814437629937,0.00287131763784537
"Avenida 68","Quinta Paredes",0.00555987705949614,0.000168634278928097,0.00286425566921212
"Normandia","Av. Eldorado",0.00436465261352278,0.00135592589167936,0.00286028925260107
"Calle 100 - Marketmedios","Av. Eldorado",0.00204708684923461,0.00367244667439858,0.00285976676181659
"Ciudad Jardín - UAN","Av. 39",0.00535274411175703,0.000365656482973153,0.00285920029736509
"Suba - Av. Boyacá","Polo - FINCOMERCIO",0.00456348388140979,0.00113958073198829,0.00285153230669904
"Transversal 86","Modelia",0.00319068047996589,0.00250846346827639,0.00284957197412114
"Rionegro","Concejo de Bogotá",0.00260957878100681,0.0030893751415985,0.00284947696130266
"Distrito Grafiti","Flores",0.00261149663548882,0.00306837314964464,0.00283993489256673
"Guatoque - Veraguas","Parque",0.00348139703980041,0.0021944205665489,0.00283790880317465
"Av Américas - Av. Boyacá","Avenida Jiménez",0.00152985087512514,0.00412181094571505,0.00282583091042009
"Av Américas - Av. Boyacá","Concejo de Bogotá",0.00357009498990786,0.00206698743330367,0.00281854121160577
"Mandalay","Guatoque - Veraguas",0.00318538635681803,0.00244905475599094,0.00281722055640449
"Transversal 86","Normandia",0.00442079819638203,0.0012108799939654,0.00281583909517372
"Marsella","Fucha",0.00244443722509637,0.00318626122722557,0.00281534922616097
"Minuto De Dios","CAN - British Council",0.00538955343080502,0.000238388090093517,0.00281397076044927
"Calle 161","Puentelargo",0.00425650380387728,0.0013666067903841,0.00281155529713069
"Virrey - Cendiatra","Portal 80",0.0015057829377277,0.00409956640775848,0.00280267467274309
"Suba - Calle 95","Quirigua",0.00456729492486101,0.00103515823582685,0.00280122658034393
"Puente Aranda","Parque",0.000992720673405166,0.0046034651218033,0.00279809289760423
"Carrera 43 - Comapan","Calle 76",0.00219310145149503,0.00340159010777294,0.00279734577963398
"Rionegro","Av. Eldorado",0.00418072422428311,0.00140962144260579,0.00279517283344445
"Pradera - Plaza Central","Portal Tunal",0.00152245753513646,0.00405535008565424,0.00278890381039535
"Mandalay","Restrepo",0.00108760945768222,0.00448958784410177,0.002788598650892
"Museo Nacional","Avenida Chile",0.00473205899602638,0.000843521781495253,0.00278779038876082
"De La Sabana","Santa Lucía",0.00275768815638243,0.00281058132237983,0.00278413473938113
"Minuto De Dios","Marly",0.000989255538645553,0.00457566432876407,0.00278245993370481
"Portal Américas","Pradera - Plaza Central",0.00331734372389702,0.00224575430996754,0.00278154901693228
"Puente Aranda","Biblioteca Tintal",0.00285477329825056,0.00270634809365809,0.00278056069595433
"Mazurén","Ferias",0.00251141319926231,0.00304102981558045,0.00277622150742138
"Av Américas - Av. Boyacá","Calle 22",0.00137880547655005,0.0041732613724395,0.00277603342449478
"Biblioteca Tintal","Av. Rojas - UNISALESIANA",0.00283735467382241,0.00271186004356135,0.00277460735869188
"Portal 80","7 de Agosto",0.00124030443336851,0.00430607957039005,0.00277319200187928
"Bicentenario","CAN - British Council",0.00264316386075207,0.00289722668247319,0.00277019527161263
"NQS Calle 30 SUR","Portal Usme",0.00126180469941507,0.00427481603836596,0.00276831036889051
"Museo Nacional","NQS Calle 30 SUR",0.00390170944732523,0.00161793096430568,0.00275982020581545
"Estación San Bernardo","Marly",0.00517223355395237,0.000341217376843856,0.00275672546539811
"Ciudad Jardín - UAN","Portal Tunal",0.0052813145526109,0.000226655192957737,0.00275398487278432
"Universidades CityU","NQS Calle 30 SUR",0.00391831663710667,0.0015890693123524,0.00275369297472954
"Marsella","Marly",0.000988887450307603,0.00451654985090293,0.00275271865060527
"Gobernacion","Hortúa",0.00433381022966536,0.00117147281970507,0.00275264152468521
"Calle 187","Calle 106",0.00101887354617782,0.00448616132230329,0.00275251743424055
"Mazurén","Suba Calle 100",0.00509016070022879,0.000412499199726776,0.00275132994997778
"Ciudad Universitaria- Lotería de Bogotá","Suba Calle 100",0.00189656831489882,0.00360320448454421,0.00274988639972152
"Av. Primero de Mayo","Puente Aranda",0.00467303851310193,0.00080904612435216,0.00274104231872705
"Distrito Grafiti","Portal El Dorado – C.C Nuestro Bogotá",0.00270268278806311,0.00277094749142717,0.00273681513974514
"NQS Calle 30 SUR","Bosa",0.0012517887909872,0.00421785560458207,0.00273482219778463
"Modelia","Flores",0.00201815412804503,0.00344039984762047,0.00272927698783275
"Corferias","Fucha",0.00419976332653934,0.00125742686703348,0.00272859509678641
"Suba Calle 100","Marly",0.0051681614094554,0.000286254256179307,0.00272720783281735
"Universidad Nacional","Nariño",0.00403368394163712,0.00139798209624823,0.00271583301894267
"San Facon Carrera 22","Flores",0.00434402061591218,0.00107026813024892,0.00270714437308055
"Distrito Grafiti","Avenida Chile",0.00330901247253731,0.0021038962874013,0.00270645437996931
"Zona Industrial","Polo - FINCOMERCIO",0.00142795927599171,0.00397984417476981,0.00270390172538076
"Ciudad Jardín - UAN","Universidad Nacional",0.00261985865320145,0.00278243511799325,0.00270114688559735
"Av. Primero de Mayo","Universidad Nacional",0.00137700484306355,0.0040248055947319,0.00270090521889772
"Santa Lucía","Calle 22",0.00104298124099414,0.00435618418935867,0.00269958271517641
"San Facon Carrera 22","El Tiempo - Cámara De Comercio De Bogotá",0.00490603336323168,0.000492674976504736,0.00269935416986821
"Mazurén","Virrey - Cendiatra",0.00157755496184478,0.00382061250535738,0.00269908373360108
"Virrey - Cendiatra","CAN - British Council",0.0050055856482801,0.000390945422941884,0.00269826553561099
"Calle 127","Movistar Arena",0.00181857708809911,0.00356690362649129,0.0026927403572952
"Calle 142","Carrera 53",0.00417669734168118,0.00119649010016286,0.00268659372092202
"Transversal 86","Comuneros",0.00156312731303476,0.00380877240124094,0.00268594985713785
"CDS Carrera 32","Venecia",0.00348298976184289,0.00188478652396505,0.00268388814290397
"Carrera 43 - Comapan","Transversal 86",0.00407355177155115,0.00128809008440227,0.00268082092797671
"Suba - Tv. 91","Suba - Calle 95",0.00169607551235274,0.0036635262071338,0.00267980085974327
"Calle 161","Granja - cra 77",0.000906264139230419,0.00444948401691949,0.00267787407807496
"Virrey - Cendiatra","Corferias",0.00380742804193921,0.00154112763920184,0.00267427784057052
"Avenida Cali","Campin - UAN",0.0016743868522309,0.00367190764677086,0.00267314724950088
"Virrey - Cendiatra","Modelia",0.00218694565042831,0.00315036999326481,0.00266865782184656
"Portal Sur - JFK Coop. Financiera","Consuelo",0.0017953444532613,0.0035411810847083,0.0026682627689848
"Calle 146","Ferias",0.00375122826576559,0.00158005884765924,0.00266564355671242
"Calle 85 - Gato Dumas","Calle 26 - Atrio",0.00241322491117151,0.00290922214745878,0.00266122352931515
"Mandalay","Corferias",0.0046229989959326,0.000687849009825169,0.00265542400287888
"CDS Carrera 32","Avenida Chile",0.00311484955203084,0.00218709040243231,0.00265096997723157
"Calle 142","Portal 80",0.00134598029742725,0.00393158163225209,0.00263878096483967
"Las Nieves","Cl38A sur - CENTRO MAYOR",0.00451861300067241,0.000745386212816094,0.00263199960674425
"Carrera 47","Concejo de Bogotá",0.00419298558777531,0.00106732875259662,0.00263015717018597
"Estación San Bernardo","Pradera - Plaza Central",0.00470516077829121,0.000553636207162989,0.0026293984927271
"Av Américas - Av. Boyacá","Calle 26 - Atrio",0.0012134279094966,0.00404316783594744,0.00262829787272202
"Modelia","Ciudad Universitaria- Lotería de Bogotá",0.00292816307898938,0.0023273054467137,0.00262773426285154
"San Victorino","General Santander",0.00371354837986586,0.00153940407662487,0.00262647622824537
"Av Américas - Av. Boyacá","Biblioteca",0.00178818278457813,0.0034617005474617,0.00262494166601991
"Av. Eldorado","Restrepo",0.00403932999297345,0.00120173818757483,0.00262053409027414
"Puentelargo","Ciudad Universitaria- Lotería de Bogotá",0.00102431209582409,0.00420530174669399,0.00261480692125904
"Mazurén","Suba - Calle 95",0.00407327023967192,0.00115298225681242,0.00261312624824217
"Banderas","Portal El Dorado – C.C Nuestro Bogotá",0.00241264600932593,0.00280456133441047,0.0026086036718682
"Mandalay","Hortúa",0.000891590360824132,0.00431722175968473,0.00260440606025443
"Guatoque - Veraguas","Portal Tunal",0.00290816508916735,0.00229887208413652,0.00260351858665194
"Salitre El Greco - Vive Claro","Universidades CityU",0.00235419301411177,0.00284286849937528,0.00259853075674353
"Bicentenario","Calle 57",0.00399365317518361,0.00120105443333611,0.00259735380425986
"Av. Primero de Mayo","Concejo de Bogotá",0.00482707878868283,0.00036495491507575,0.00259601685187929
"Portal Sur - JFK Coop. Financiera","Socorro",0.00289714815243067,0.00227353132252106,0.00258533973747586
"Perdomo","Consuelo",0.00294375000919737,0.00220957345177112,0.00257666173048424
"Paloquemao","Calle 76",0.00291154465283532,0.00222149101352243,0.00256651783317888
"Portal 20  de Julio","Calle 22",0.00416835398233013,0.000961551450729486,0.00256495271652981
"Calle 146","Rionegro",0.00383631373169248,0.00129164172785967,0.00256397772977607
"Las Nieves","7 de Agosto",0.00410919865144227,0.00100497954283411,0.00255708909713819
"Campin - UAN","Hortúa",0.00265996199954015,0.00244735048900286,0.0025536562442715
"Museo Nacional","Pradera - Plaza Central",0.00488502272814572,0.000214533113126219,0.00254977792063597
"Gobernacion","Nariño",0.00272422035738396,0.00237198097107318,0.00254810066422857
"Museo Del Oro","Pradera - Plaza Central",0.00339468545532132,0.0016992889186022,0.00254698718696176
"San Diego","Pradera - Plaza Central",0.00469839701331462,0.000391466462029245,0.00254493173767193
"Normandia","CAD",0.0031034797776803,0.00198434914428071,0.00254391446098051
"Marsella","Portal Tunal",0.00186637146373556,0.00321560701263568,0.00254098923818562
"7 de Agosto","Avenida Jiménez",0.00291361269750394,0.00216331714175082,0.00253846491962738
"Virrey - Cendiatra","Gobernacion",0.00464004791822479,0.000426121612011672,0.00253308476511823
"Mandalay","Santa Lucía",0.00120230117434368,0.00384762732373082,0.00252496424903725
"Modelia","Calle 57",0.00148409513467535,0.00353530993252629,0.00250970253360082
"Puente Aranda","Biblioteca",0.00156470908684514,0.00343730651659997,0.00250100780172255
"Marsella","Olaya",0.00252127759831552,0.00247634130316656,0.00249880945074104
"Perdomo","Santa Isabel",0.00135586253711463,0.00363740841334381,0.00249663547522922
"Alcalá - Colegio S. Tomás Dominicos","Polo - FINCOMERCIO",0.0036467121497596,0.00134617896437241,0.00249644555706601
"Carrera 43 - Comapan","Avenida Chile",0.00425845598961341,0.000732169719392726,0.00249531285450307
"Bosa","Parque",0.00317349871334075,0.00180764601904667,0.00249057236619371
"Av Américas - Av. Boyacá","Campin - UAN",0.00232722734436817,0.00265300234819016,0.00249011484627916
"Marsella","Biblioteca",0.00190178105289377,0.00307322732247747,0.00248750418768562
"Avenida Chile","Ricaurte",0.00189990865385903,0.00306655657633954,0.00248323261509928
"Mandalay","Portal El Dorado – C.C Nuestro Bogotá",0.00277986487370993,0.0021670401907821,0.00247345253224601
"Puente Aranda","Santa Lucía",0.00186261250264661,0.00308398136367479,0.0024732969331607
"NQS Calle 75","Calle 26 - Atrio",0.00382699966373218,0.00111564443821412,0.00247132205097315
"El Tiempo - Cámara De Comercio De Bogotá","Santa Isabel",0.00294025859734437,0.00199808253157275,0.00246917056445856
"Sevillana","Nariño",0.00299924761589005,0.001937797063547,0.00246852233971852
"Calle 146","La Castellana",0.00197163856103117,0.00296297306072791,0.00246730581087954
"Calle 85 - Gato Dumas","Normandia",0.00333470737083305,0.00158235127977127,0.00245852932530216
"Estación San Bernardo","Danubio",0.00252839405147487,0.00238545024587641,0.00245692214867564
"Ricaurte","Biblioteca",0.00316085603954249,0.00174951117038868,0.00245518360496559
"Zona Industrial","Carrera 47",0.00111323268627735,0.00378985991442159,0.00245154630034947
"Carrera 43 - Comapan","Modelia",0.00287257763049431,0.00202807899885554,0.00245032831467492
"Carrera 53","Ciudad Universitaria- Lotería de Bogotá",0.00477380399005229,0.000122596008701435,0.00244819999937686
"Prado","Terminal",0.00302132397363617,0.00187129978688225,0.00244631188025921
"Estación San Bernardo","Biblioteca",0.0047144147916353,0.000173955093184035,0.00244418494240967
"La Campiña","Ferias",0.00432805168404211,0.000558987977507896,0.002443519830775
"Carrera 53","Av. Eldorado",0.00456253750028558,0.00032327275576817,0.00244290512802687
"Suba - Calle 95","Modelia",0.00285252332822563,0.00201162631566662,0.00243207482194612
"Humedal Córdoba","El Tiempo - Cámara De Comercio De Bogotá",0.00169062470186164,0.00316908853508858,0.00242985661847511
"Av Américas - Av. Boyacá","Bosa",0.00233486679956638,0.00252408080071963,0.00242947380014301
"Calle 142","San Martín",0.0038772544004122,0.000978713981782122,0.00242798419109716
"Av. Suba - Calle 116","CAN - British Council",0.00180836533355766,0.00303941683232662,0.00242389108294214
"Puente Aranda","Polo - FINCOMERCIO",0.00153555077071972,0.00330127151249811,0.00241841114160891
"Boyacá","Gobernacion",0.00434344392263267,0.000492466667214131,0.0024179552949234
"San Martín","Centro Memoria",0.00243007254114808,0.00240550521917547,0.00241778888016178
"Av Américas - Av. Boyacá","Av. Eldorado",0.00344883896072889,0.00138634577956734,0.00241759237014811
"Ciudad Jardín - UAN","Distrito Grafiti",0.00433282988351103,0.000497551614664376,0.0024151907490877
"Terminal","Suba - Av. Boyacá",0.0025042076993384,0.00231666662852233,0.00241043716393037
"Av Américas - Av. Boyacá","Fucha",0.00183509333732987,0.00297905810699975,0.00240707572216481
"Calle 127","Campin - UAN",0.00119028211882355,0.00361654323817908,0.00240341267850131
"Héroes - Colmena Seguros","Suba - Av. Boyacá",0.00322379474731864,0.00157928586496012,0.00240154030613938
"Carrera 43 - Comapan","Parque",0.00109900187753417,0.00369721938093319,0.00239811062923368
"Pradera - Plaza Central","Flores",0.00133594123413233,0.00345614776208851,0.00239604449811042
"Humedal Córdoba","Modelia",0.00289690351848303,0.00189239785053026,0.00239465068450664
"Niza - Calle 127","7 de Agosto",0.00308719849662792,0.00169886101299159,0.00239302975480975
"Av Américas - Av. Boyacá","Av. 39",0.000953502441778555,0.00382891028419826,0.00239120636298841
"Calle 85 - Gato Dumas","Suba - Av. Boyacá",0.00382303606278359,0.000945978117558633,0.00238450709017111
"Carrera 43 - Comapan","Avenida 68",0.000753598800868311,0.00401534318877065,0.00238447099481948
"Quirigua","Campin - UAN",0.000718299532753112,0.00404754247661306,0.00238292100468308
"C.C Paseo Villa Del Rio - Madelena","Restrepo",0.00211903033956724,0.00264220875286676,0.002380619546217
"CAN - British Council","Universidades CityU",0.00394126569319492,0.000813903920770435,0.00237758480698268
"Policarpa","Parque",0.00447085889624582,0.000279681364524132,0.00237527013038498
"Portal 80","Suba Calle 100",0.00417146790587838,0.000571935745892679,0.00237170182588553
"Av. Rojas - UNISALESIANA","Santa Isabel",0.00157898388167847,0.00315726398122698,0.00236812393145272
"Calle 106","Portal Suba",0.000971196059626781,0.0037632901655964,0.00236724311261159
"Sevillana","CAD",0.000642003055058856,0.00409178269974367,0.00236689287740126
"Transversal 86","Salitre El Greco - Vive Claro",0.00399045367151477,0.000739719806711218,0.002365086739113
"Marsella","Movistar Arena",0.00290366887312325,0.00182427347102813,0.00236397117207569
"Virrey - Cendiatra","Gratamira",0.00363352043755749,0.00109442069348202,0.00236397056551975
"San Martín","Portal 80",0.00284623285453739,0.00186998165236685,0.00235810725345212
"Calle 146","Carrera 47",0.00208914852973557,0.00262343794221134,0.00235629323597346
"Estación San Bernardo","Campin - UAN",0.00279835980293014,0.00191163923253334,0.00235499951773174
"Olaya","Av. 39",0.00142248750802422,0.00328560149831958,0.0023540445031719
"Av. Suba - Calle 116","Gobernacion",0.00132140555365998,0.00337628546796332,0.00234884551081165
"Banderas","La Despensa",0.00274033541418452,0.00195201015132096,0.00234617278275274
"Mandalay","Quiroga",0.00147617604759432,0.00320649278229697,0.00234133441494565
"Normandia","Marly",0.00286769965033579,0.00180746208631319,0.00233758086832449
"Zona Industrial","Avenida 68",0.000621265955351486,0.00405185812718442,0.00233656204126795
"Av Américas - Av. Boyacá","Universidad Nacional",0.00306230025591154,0.0016075363694467,0.00233491831267912
"Distrito Grafiti","Calle 76",0.0013114108536195,0.00335155479297234,0.00233148282329592
"Portal Usme","Nariño",0.00171451355006561,0.00294729513036242,0.00233090434021402
"Universidad Nacional","Suba Calle 100",0.00430883975017371,0.000351216448547497,0.00233002809936061
"Suba - Tv. 91","Suba Calle 100",0.00230379229012931,0.00235259578748011,0.00232819403880471
"Calle 85 - Gato Dumas","Quirigua",0.00171137850364872,0.00294067041887827,0.00232602446126349
"Quinta Paredes","Cl38A sur - CENTRO MAYOR",0.00376988495217346,0.000880932639148248,0.00232540879566086
"Carrera 43 - Comapan","Biblioteca",0.00178045491455655,0.00286124281399485,0.0023208488642757
"General Santander","Portal Usme",0.00131566389030071,0.00332022909685352,0.00231794649357712
"Avenida 68","Corferias",0.00425616994777258,0.000372084322799329,0.00231412713528596
"Av. Rojas - UNISALESIANA","Calle 26 - Atrio",0.00186210196580741,0.00275617341760217,0.00230913769170479
"Zona Industrial","Avenida Chile",0.00385614261518604,0.000754773258572786,0.00230545793687941
"Calle 142","Héroes - Colmena Seguros",0.00198315902818235,0.00262763020914354,0.00230539461866295
"Banderas","Guatoque - Veraguas",0.0020348436002763,0.00257506708694006,0.00230495534360818
"Niza - Calle 127","Modelia",0.00222043385509779,0.00238507872054412,0.00230275628782095
"Universidades CityU","7 de Agosto",0.00330293265913496,0.001295801020835,0.00229936683998498
"Calle 106","La Campiña",0.00178112792854182,0.00281710587493675,0.00229911690173929
"Corferias","Restrepo",0.00365463352320137,0.000941684223882866,0.00229815887354212
"Calle 85 - Gato Dumas","Centro Memoria",0.00385531744236184,0.00073720829265151,0.00229626286750668
"Terminal","La Campiña",0.00333699225566168,0.00124698016767356,0.00229198621166762
"Tygua-San José","Danubio",0.00141724177840558,0.0031559175648864,0.00228657967164599
"Virrey - Cendiatra","Ciudad Universitaria- Lotería de Bogotá",0.00398717986719149,0.000583996517511412,0.00228558819235145
"Puente Aranda","Avenida 68",0.000905844404119245,0.00365084878889556,0.0022783465965074
"Granja - cra 77","CAN - British Council",0.0039959952908656,0.000559142128970247,0.00227756870991792
"Corferias","Alquería",0.0018115768668481,0.0027420761637193,0.0022768265152837
"Suba - Calle 95","Quinta Paredes",0.00283884696811925,0.00170993204619317,0.00227438950715621
"Mandalay","Paloquemao",0.00327250379504208,0.00126940477815606,0.00227095428659907
"Portal 20  de Julio","Av. Eldorado",0.000811203039827239,0.00372706832086692,0.00226913568034708
"Av. Suba - Calle 116","Calle 57",0.00276089182414819,0.00177539818565956,0.00226814500490388
"Granja - cra 77","Flores",0.00236284255213718,0.00217196542640831,0.00226740398927274
"Pradera - Plaza Central","Calle 76",0.000703038567975631,0.00382209699001154,0.00226256777899359
"Calle 106","Universidad Nacional",0.00147349526566279,0.00304134614594518,0.00225742070580398
"De La Sabana","Calle 76",0.00131279329959354,0.00318361054703768,0.00224820192331561
"Country Sur","Calle 26 - Atrio",0.00397132015125163,0.000502278370672721,0.00223679926096217
"Portal 20  de Julio","San Diego",0.00418391893081533,0.00028870978631999,0.00223631435856766
"Biblioteca Tintal","Portal El Dorado – C.C Nuestro Bogotá",0.0022299567378522,0.00222567653612227,0.00222781663698724
"C.C Paseo Villa Del Rio - Madelena","Ricaurte",0.000917474739923229,0.00353286681318091,0.00222517077655207
"Escuela Militar","Calle 22",0.00112259101168727,0.00332015271763573,0.0022213718646615
"Carrera 43 - Comapan","Héroes - Colmena Seguros",0.00146853514365337,0.00297417408196631,0.00222135461280984
"Av Américas - Av. Boyacá","Olaya",0.00199949576700203,0.00243374913048081,0.00221662244874142
"Suba - Calle 95","Portal 80",0.00326015380166137,0.00116365991089481,0.00221190685627809
"Portal 80","La Castellana",0.00242898955105714,0.0019936202359934,0.00221130489352527
"Portal Suba","Boyacá",0.00323569930609405,0.00118246868317341,0.00220908399463373
"21 Ángeles","Escuela Militar",0.00155663057138131,0.00285727656420102,0.00220695356779116
"Alcalá - Colegio S. Tomás Dominicos","Avenida Chile",0.00159284401371376,0.00282065217007909,0.00220674809189643
"Santa Isabel","Calle 57",0.00254836255354529,0.00186435973509279,0.00220636114431904
"Ciudad Jardín - UAN","Venecia",0.00296985131311558,0.00144132940270336,0.00220559035790947
"Calle 106","Marly",0.00237427607633031,0.00203248461994142,0.00220338034813587
"Banderas","Quiroga",0.0011215423252451,0.00328493409460702,0.00220323820992606
"Ricaurte","Molinos",0.00161409222030753,0.00277982588503441,0.00219695905267097
"Pepe Sierra - Utel Universidad","Calle 57",0.00287110090058404,0.00152192042573078,0.00219651066315741
"Carrera 43 - Comapan","Sevillana",0.00322063059270274,0.00116311552536595,0.00219187305903435
"General Santander","Universidad Nacional",0.000848452652648999,0.00353337176952826,0.00219091221108863
"Calle 100 - Marketmedios","El Tiempo - Cámara De Comercio De Bogotá",0.00305228575670373,0.00132733262739036,0.00218980919204704
"Mazurén","Escuela Militar",0.00120264497845032,0.00317181306637461,0.00218722902241247
"Las Nieves","El Tiempo - Cámara De Comercio De Bogotá",0.00178593781378703,0.00258118719748318,0.00218356250563511
"Calle 85 - Gato Dumas","Distrito Grafiti",0.000733415474485655,0.0036261778346085,0.00217979665454707
"Carrera 43 - Comapan","Polo - FINCOMERCIO",0.00150504374118743,0.00285413934116882,0.00217959154117813
"Museo Nacional","NQS Calle 75",0.00323326656026143,0.00112380463806371,0.00217853559916257
"Portal Sur - JFK Coop. Financiera","Molinos",0.00123530393192196,0.00312105743640227,0.00217818068416211
"Country Sur","Carrera 43 - Comapan",0.00390750101211255,0.000437791286260093,0.00217264614918632
"NQS Calle 30 SUR","Campin - UAN",0.00104750795338468,0.00329433176784835,0.00217091986061652
"Las Aguas - Centro Colombo Americano","Quiroga",0.00362470611113487,0.000712094398488271,0.00216840025481157
"Suba - Tv. 91","San Martín",0.00081709814911466,0.0035128032447564,0.00216495069693553
"Portal Américas","Cl38A sur - CENTRO MAYOR",0.00158730914577483,0.00274126756366404,0.00216428835471944
"Suba - Calle 95","Concejo de Bogotá",0.00154973897119708,0.00277721812681748,0.00216347854900728
"Alcalá - Colegio S. Tomás Dominicos","Carrera 90",0.00253876556173161,0.00178801776662867,0.00216339166418014
"Carrera 53","Av. 39",0.00297655919892513,0.00134860376306041,0.00216258148099277
"Gratamira","La Castellana",0.00384123684655757,0.000482412811152773,0.00216182482885517
"Pradera - Plaza Central","Portal Sur - JFK Coop. Financiera",0.00188826574525128,0.00242863822128411,0.0021584519832677
"Normandia","Paloquemao",0.00245699672518632,0.00185780518508572,0.00215740095513602
"Banderas","Quinta Paredes",0.00401226913009046,0.000294026501621168,0.00215314781585582
"Calle 106","Suba - Tv. 91",0.00331060567269881,0.000989482942611485,0.00215004430765515
"Virrey - Cendiatra","Quinta Paredes",0.00398705076317486,0.000312934361729489,0.00214999256245217
"Suba - Av. Boyacá","Portal El Dorado – C.C Nuestro Bogotá",0.00155242777802943,0.00274703055825885,0.00214972916814414
"Héroes - Colmena Seguros","Pradera - Plaza Central",0.000518031615585934,0.003775544852123,0.00214678823385447
"Museo Nacional","Olaya",0.00393563784638486,0.000357113276426455,0.00214637556140566
"De La Sabana","Biblioteca",0.00180851017675217,0.00247012610660636,0.00213931814167926
"Calle 161","Virrey - Cendiatra",0.000822262743230322,0.00344076441835584,0.00213151358079308
"Calle 100 - Marketmedios","Modelia",0.00173919604151535,0.0025237006425125,0.00213144834201393
"Ricaurte","Socorro",0.00264925157863353,0.00161273153051836,0.00213099155457594
"Country Sur","Museo Nacional",0.0038007288896423,0.000448302427020341,0.00212451565833132
"Mazurén","Calle 85 - Gato Dumas",0.000898573949910942,0.00334291233178495,0.00212074314084794
"Carrera 43 - Comapan","Santa Lucía",0.00220505460944233,0.00203147026652781,0.00211826243798507
"Niza - Calle 127","Salitre El Greco - Vive Claro",0.000724397895414112,0.00351092297364932,0.00211766043453172
"Calle 85 - Gato Dumas","Carrera 90",0.00288485206121538,0.00134516822237419,0.00211501014179479
"7 de Agosto","Tygua-San José",0.0018486642745942,0.00237138849282905,0.00211002638371162
"Carrera 47","CAD",0.00282363963847377,0.00137962913846525,0.00210163438846951
"Las Nieves","Calle 40 Sur",0.00290599973673267,0.00129108583752151,0.00209854278712709
"Portal Suba","Puentelargo",0.00377201140574702,0.000422666132428999,0.00209733876908801
"Av Américas - Av. Boyacá","Tygua-San José",0.00289862373259392,0.00129392915723489,0.0020962764449144
"Ricaurte","Consuelo",0.00188860534473615,0.00229018082950533,0.00208939308712074
"CAN - British Council","NQS Calle 30 SUR",0.00290465386910465,0.00127319262635295,0.0020889232477288
"Carrera 90","Polo - FINCOMERCIO",0.00374879972869962,0.000428346695655519,0.00208857321217757
"San Martín","CAD",0.00278798897749939,0.00138038886068146,0.00208418891909043
"Puente Aranda","Escuela Militar",0.00141883300463355,0.00274027950285544,0.00207955625374449
"Perdomo","Molinos",0.00202160281737758,0.00213591652144811,0.00207875966941285
"Calle 146","Avenida Cali",0.00218909439589299,0.0019651717331997,0.00207713306454634
"Marsella","Nariño",0.00228512063897081,0.00186886511606498,0.00207699287751789
"Transversal 86","Portal El Dorado – C.C Nuestro Bogotá",0.00227161431963903,0.00187984956892753,0.00207573194428328
"Mandalay","Calle 22",0.000612117879135232,0.00353250663292828,0.00207231225603176
"Modelia","CAD",0.00149764336360419,0.00263358669855075,0.00206561503107747
"Humedal Córdoba","Portal El Dorado – C.C Nuestro Bogotá",0.00278470122565451,0.00133789006603324,0.00206129564584388
"Calle 100 - Marketmedios","Av. 39",0.00209235647792937,0.00202837630403997,0.00206036639098467
"Mazurén","Carrera 47",0.00133162074704664,0.00276131075564764,0.00204646575134714
"Museo Del Oro","CAN - British Council",0.0039905916123276,0.000100509267899732,0.00204555044011367
"Virrey - Cendiatra","Normandia",0.00287602456212472,0.00121337365039818,0.00204469910626145
"Calle 142","NQS Calle 75",0.00164539485934631,0.00243217820506991,0.00203878653220811
"Estación San Bernardo","Gobernacion",0.00364035231583456,0.000433853918015099,0.00203710311692483
"Museo Del Oro","7 de Agosto",0.00238795011445597,0.00168478007228707,0.00203636509337152
"Carrera 47","Distrito Grafiti",0.00112318652568146,0.00294905771154601,0.00203612211861373
"Concejo de Bogotá","La Castellana",0.00390860462071717,0.000160642471821557,0.00203462354626936
"Zona Industrial","Sevillana",0.00279228851634429,0.00127473436384703,0.00203351144009566
"Banderas","Paloquemao",0.00202311863680269,0.00203142067758541,0.00202726965719405
"Bicentenario","Venecia",0.00171359016430796,0.00233937151329587,0.00202648083880191
"Sevillana","San Mateo",0.00225321697128951,0.00179756443873465,0.00202539070501208
"Concejo de Bogotá","Cl38A sur - CENTRO MAYOR",0.00351355419065297,0.000536944722093884,0.00202524945637343
"Socorro","Avenida Jiménez",0.00198753170173265,0.00206281959700023,0.00202517564936644
"Policarpa","Pradera - Plaza Central",0.00357283671349944,0.00047706353340741,0.00202495012345343
"Portal 20  de Julio","Zona Industrial",0.0032590098225825,0.000790399951618851,0.00202470488710068
"Av. Rojas - UNISALESIANA","Calle 22",0.00158148670493186,0.00246645490597419,0.00202397080545303
"Héroes - Colmena Seguros","Distrito Grafiti",0.000937939932948215,0.00309861523031389,0.00201827758163105
"Biblioteca Tintal","NQS Calle 30 SUR",0.00182171261413926,0.00220029475008834,0.0020110036821138
"Museo Del Oro","General Santander",0.00217599976327577,0.00184139587609107,0.00200869781968342
"Biblioteca Tintal","Normandia",0.00296564358600611,0.00105059944596152,0.00200812151598381
"Salitre El Greco - Vive Claro","Nariño",0.00100198449275345,0.00301027997394348,0.00200613223334846
"Calle 85 - Gato Dumas","Portal 80",0.00118599649202739,0.00282320122632661,0.002004598859177
"Zona Industrial","Modelia",0.00194715769363094,0.00205441895289798,0.00200078832326446
"Mazurén","Héroes - Colmena Seguros",0.000734794190273719,0.00326128171315855,0.00199803795171613
"Alquería","Terreros - H. Cardiovascular",0.000974801967573869,0.00301935560623465,0.00199707878690426
"San Victorino","Consuelo",0.00149726352345319,0.00249559176903253,0.00199642764624286
"De La Sabana","Parque",0.000992374232436615,0.00299711450267913,0.00199474436755787
"Av Américas - Av. Boyacá","Santa Lucía",0.00155790665185786,0.00243026073710995,0.0019940836944839
"Ciudad Universitaria- Lotería de Bogotá","Cl38A sur - CENTRO MAYOR",0.00325534841536,0.000732700021250065,0.00199402421830503
"NQS Calle 30 SUR","Movistar Arena",0.00071724438395408,0.00326545251876607,0.00199134845136007
"Avenida Chile","Calle 22",0.00325330293532813,0.000728584268730164,0.00199094360202915
"Calle 146","Escuela Militar",0.00190004351387911,0.00208037852119186,0.00199021101753549
"Marsella","Centro Memoria",0.0030642441082957,0.000912001779864449,0.00198812294408008
"Policarpa","Venecia",0.00227908586094109,0.00169357652131774,0.00198633119112942
"Quirigua","Salitre El Greco - Vive Claro",0.00266826270662959,0.00130365839800338,0.00198596055231648
"Museo Del Oro","Calle 40 Sur",0.00328245354562049,0.000689428075532608,0.00198594081057655
"Rionegro","Centro Memoria",0.001479731630921,0.00248658809037971,0.00198315986065035
"Transversal 86","Ricaurte",0.00122874224888604,0.00273079091925682,0.00197976658407143
"Av. Primero de Mayo","Distrito Grafiti",0.00299609692633396,0.000959840082780424,0.00197796850455719
"Estación San Bernardo","Movistar Arena",0.00178911793126116,0.00215910226033945,0.00197411009580031
"Bicentenario","Biblioteca",0.00344519380407264,0.000498329477851013,0.00197176164096183
"De La Sabana","El Tiempo - Cámara De Comercio De Bogotá",0.00251296637943433,0.00142681472043097,0.00196989054993265
"Ferias","Universidad Nacional",0.00344699128842259,0.000491433839295081,0.00196921256385883
"Suba - Tv. 91","Avenida 68",0.00323020494160261,0.000707407573505993,0.0019688062575543
"Gratamira","NQS Calle 75",0.00226629229986531,0.00167091947512065,0.00196860588749298
"Av Américas - Av. Boyacá","Marly",0.000646401122977834,0.00328139246931532,0.00196389679614658
"Terminal","Portal Suba",0.00305391057522487,0.000847888813920876,0.00195089969457287
"Marsella","Santa Lucía",0.00172602172065698,0.00216562802232823,0.00194582487149261
"Portal Tunal","Avenida Jiménez",0.000794121694487127,0.00309308626811518,0.00194360398130115
"La Despensa","Portal Tunal",0.00308250297875523,0.000803551269223728,0.00194302712398948
"Suba - Av. Boyacá","Avenida Chile",0.00310986140870849,0.000764974130663918,0.0019374177696862
"Mazurén","Rionegro",0.00242087284132736,0.00145202465357572,0.00193644874745154
"Calle 100 - Marketmedios","Salitre El Greco - Vive Claro",0.00301147597987284,0.000846225824306206,0.00192885090208953
"San Diego","Calle 76",0.00347037568223486,0.000386321165245095,0.00192834842373998
"Sevillana","Tygua-San José",0.00178844151973122,0.00206556208097033,0.00192700180035077
"Salitre El Greco - Vive Claro","NQS Calle 30 SUR",0.00209861211139395,0.00175431615055841,0.00192646413097618
"C.C Paseo Villa Del Rio - Madelena","Fucha",0.00177445578198092,0.00207062276903679,0.00192253927550885
"San Victorino","Alquería",0.0022140524796673,0.00162622423355677,0.00192013835661203
"Mandalay","Calle 26 - Atrio",0.000533463263694636,0.00330575292435991,0.00191960809402727
"Calle 146","Quirigua",0.00113361637099324,0.00270065732735792,0.00191713684917558
"Alquería","León XIII",0.00203403284082764,0.00179778856894879,0.00191591070488821
"Avenida Cali","CAN - British Council",0.00298478750154666,0.000843183381985857,0.00191398544176626
"Las Aguas - Centro Colombo Americano","Flores",0.00358552202497932,0.000237030606223208,0.00191127631560126
"Carrera 47","Calle 26 - Atrio",0.00153780265407912,0.00228085076716205,0.00190932671062058
"Pepe Sierra - Utel Universidad","Universidad Nacional",0.000946904633074963,0.00286911747241139,0.00190801105274318
"Nariño","Marly",0.00194340755410216,0.00187046632050969,0.00190693693730593
"Las Aguas - Centro Colombo Americano","Cl38A sur - CENTRO MAYOR",0.00247485800907022,0.00133765942594146,0.00190625871750584
"Héroes - Colmena Seguros","Universidades CityU",0.00109438815700432,0.00271785714907278,0.00190612265303855
"Suba - Calle 95","Centro Memoria",0.000881874330311378,0.0029252950637579,0.00190358469703464
"Banderas","Portal Tunal",0.00162051714455727,0.00218261164065195,0.00190156439260461
"Alcalá - Colegio S. Tomás Dominicos","Calle 76",0.00172094710771545,0.00207721656764181,0.00189908183767863
"Calle 146","Portal 80",0.00105158510597348,0.00274034882076913,0.00189596696337131
"Portal Sur - JFK Coop. Financiera","Comuneros",0.000592443774948559,0.00319752690856103,0.00189498534175479
"Modelia","Suba Calle 100",0.00309128308900744,0.000686066524242126,0.00188867480662478
"Cl38A sur - CENTRO MAYOR","Portal Usme",0.00138428297899548,0.00239162982725931,0.0018879564031274
"Parque","Avenida Jiménez",0.00102445618182668,0.00274338382413151,0.00188392000297909
"Biblioteca Tintal","Terreros - H. Cardiovascular",0.00121585715632176,0.00255154111661986,0.00188369913647081
"Modelia","Av. Eldorado",0.00212311944567772,0.0016351531650721,0.00187913630537491
"Mandalay","Fucha",0.00102708986167143,0.00271517978882738,0.00187113482524941
"Niza - Calle 127","El Tiempo - Cámara De Comercio De Bogotá",0.00108575819081337,0.00265027691132943,0.0018680175510714
"Banderas","Parque",0.00115450363118571,0.00257862992615729,0.0018665667786715
"Avenida Cali","Calle 76",0.00267632990056079,0.00105192764630967,0.00186412877343523
"Cl38A sur - CENTRO MAYOR","Calle 26 - Atrio",0.00266359273108454,0.00104864964989364,0.00185612119048909
"Ricaurte","Calle 76",0.00135021704310546,0.00235519158201494,0.0018527043125602
"Sevillana","Hortúa",0.00213828414217254,0.00155318600989227,0.00184573507603241
"Transversal 86","CAN - British Council",0.0034336381130263,0.000251173849553028,0.00184240598128967
"21 Ángeles","Carrera 53",0.00351470922518427,0.000168090810310304,0.00184140001774729
"Ciudad Jardín - UAN","Quinta Paredes",0.00281100379512994,0.000868895579940354,0.00183994968753515
"Calle 142","Carrera 90",0.00213069651371576,0.00153833657622608,0.00183451654497092
"Zona Industrial","Transversal 86",0.00274616257598715,0.000922741198666801,0.00183445188732698
"Tygua-San José","Parque",0.00272259348175272,0.000946247772144704,0.00183442062694871
"Quinta Paredes","Fucha",0.00312904058424375,0.000536385655985094,0.00183271312011442
"Calle 100 - Marketmedios","21 Ángeles",0.00272143030379599,0.000935260045055925,0.00182834517442596
"Banderas","Corferias",0.00286291743463747,0.000792165368542239,0.00182754140158985
"General Santander","Calle 22",0.00227503677361599,0.00136856076225361,0.0018217987679348
"Banderas","CAD",0.00147209026885023,0.00216632657393712,0.00181920842139368
"Puente Aranda","Calle 85 - Gato Dumas",0.00110447606901563,0.00253083960770273,0.00181765783835918
"Museo Nacional","Héroes - Colmena Seguros",0.00347782838307569,0.000156140827769037,0.00181698460542236
"Carrera 90","CAN - British Council",0.00224152998907568,0.00136881978161414,0.00180517488534491
"Avenida 68","Ciudad Universitaria- Lotería de Bogotá",0.00312236480415472,0.000485461996959647,0.00180391340055718
"Niza - Calle 127","Flores",0.00223785420144854,0.00136789289788654,0.00180287354966754
"Suba - Av. Boyacá","Normandia",0.000869285590439926,0.00273050625905952,0.00179989592474972
"Portal Américas","Distrito Grafiti",0.00150443288806628,0.00209393670725838,0.00179918479766233
"Humedal Córdoba","Av. Rojas - UNISALESIANA",0.00216113708692522,0.00143231822129036,0.00179672765410779
"Las Aguas - Centro Colombo Americano","7 de Agosto",0.00258560827326873,0.00100062677720722,0.00179311752523798
"Mandalay","CAD",0.00239525731913856,0.00118910073732559,0.00179217902823207
"Niza - Calle 127","Av. Rojas - UNISALESIANA",0.00144822496798145,0.00213285656746417,0.00179054076772281
"CDS Carrera 32","Transversal 86",0.0014493110237064,0.00213144280252375,0.00179037691311508
"Portal Norte - Unicervantes ","Humedal Córdoba",0.00312301363074418,0.000457466397238184,0.00179024001399118
"Minuto De Dios","Gobernacion",0.00335016038741765,0.00022869141788424,0.00178942590265095
"Zona Industrial","Portal Tunal",0.00111154369961351,0.00246290759630867,0.00178722564796109
"Distrito Grafiti","Santa Lucía",0.00184352412560758,0.00172719810528381,0.0017853611154457
"San Facon Carrera 22","Santa Lucía",0.00298652152322104,0.000563296027412239,0.00177490877531664
"Ferias","Quinta Paredes",0.00343590868812261,0.000113105193639132,0.00177450694088087
"NQS Calle 30 SUR","La Despensa",0.000569731338468639,0.0029765120870804,0.00177312171277452
"Puente Aranda","NQS Calle 75",0.00266470548237378,0.000880463987851041,0.00177258473511241
"Banderas","Calle 40 Sur",0.0013609210074662,0.00217898267400048,0.00176995184073334
"Portal El Dorado – C.C Nuestro Bogotá","Universidad Nacional",0.00144731160563337,0.00208555663163359,0.00176643411863348
"Av. Primero de Mayo","Ciudad Universitaria- Lotería de Bogotá",0.00304629527753405,0.000481368063770614,0.00176383167065233
"Mandalay","Olaya",0.00122721802642629,0.00229519484730918,0.00176120643686773
"Toberín- Foundever","Virrey - Cendiatra",0.000461571502679149,0.003058769579765,0.00176017054122208
"Puentelargo","Quinta Paredes",0.00144446937343132,0.00206079044014629,0.00175262990678881
"Distrito Grafiti","Parque",0.00110969965062001,0.00238873679281951,0.00174921822171976
"Ricaurte","Parque",0.00181709704408492,0.00166647713366138,0.00174178708887315
"Las Aguas - Centro Colombo Americano","CAN - British Council",0.00343320696042878,4.47843389364148e-05,0.0017389956496826
"San Diego","El Tiempo - Cámara De Comercio De Bogotá",0.00243012593568287,0.00103578411550646,0.00173295502559467
"Av. Rojas - UNISALESIANA","Tygua-San José",0.000928495268895413,0.00253556117941484,0.00173202822415512
"El Tiempo - Cámara De Comercio De Bogotá","Universidades CityU",0.00102159566727037,0.00243871637159234,0.00173015601943136
"Centro Memoria","Cl38A sur - CENTRO MAYOR",0.00299739482147892,0.000458389666865013,0.00172789224417197
"Avenida 68","Av. Eldorado",0.00290627633742996,0.000544776903697114,0.00172552662056354
"Marsella","Bosa",0.00167560617472971,0.00177189009612241,0.00172374813542606
"Calle 146","Carrera 53",0.00254327005116301,0.000898156795395508,0.00172071342327926
"CDS Carrera 32","Sevillana",0.00209301766326638,0.00133782584904855,0.00171542175615746
"Las Nieves","Socorro",0.000938916092278367,0.00248867522293403,0.0017137956576062
"Héroes - Colmena Seguros","Carrera 90",0.00245678719988522,0.00096948657069055,0.00171313688528789
"Distrito Grafiti","Biblioteca",0.0016624996283991,0.00176095712073808,0.00171172837456859
"De La Sabana","Héroes - Colmena Seguros",0.000799761201793857,0.00261826133285191,0.00170901126732289
"San Victorino","7 de Agosto",0.00230859844810689,0.00110729618434644,0.00170794731622666
"Héroes - Colmena Seguros","Avenida Jiménez",0.000636039451635838,0.00277484597808298,0.00170544271485941
"Suba - Calle 95","Corferias",0.00251073062044432,0.00089355480901618,0.00170214271473025
"Prado","7 de Agosto",0.00115299625738468,0.00224255892841565,0.00169777759290016
"San Victorino","Molinos",0.0014418104719966,0.00195296764034642,0.00169738905617151
"Biblioteca Tintal","El Tiempo - Cámara De Comercio De Bogotá",0.00252691682930209,0.000865876939693216,0.00169639688449766
"Mandalay","Concejo de Bogotá",0.00156550207055859,0.00182333394224257,0.00169441800640058
"Concejo de Bogotá","Quiroga",0.00180987713359882,0.0015788161899728,0.00169434666178581
"Tygua-San José","Portal Tunal",0.00213885076936496,0.00124608371812539,0.00169246724374517
"Policarpa","Portal Tunal",0.00316411416134503,0.000220428947716634,0.00169227155453083
"Molinos","Avenida Jiménez",0.00152275891333267,0.00185558748482363,0.00168917319907815
"General Santander","León XIII",0.00119788070086128,0.00217998031438592,0.0016889305076236
"Portal El Dorado – C.C Nuestro Bogotá","La Castellana",0.00242848728674532,0.000948770269598345,0.00168862877817183
"Puentelargo","Marly",0.00283990406058567,0.000536712705381616,0.00168830838298364
"Museo Del Oro","Flores",0.002887381861828,0.000486647587357453,0.00168701472459273
"Estación San Bernardo","Venecia",0.00204042501950686,0.00133276415733662,0.00168659458842174
"Suba - Calle 95","Portal El Dorado – C.C Nuestro Bogotá",0.001877688302161,0.00149084101754164,0.00168426465985132
"Calle 100 - Marketmedios","Normandia",0.00234001358073559,0.0010277697141253,0.00168389164743044
"Marsella","Calle 57",0.000798402157847811,0.00256557723146886,0.00168198969465833
"Bicentenario","Salitre El Greco - Vive Claro",0.00160485393192344,0.00174807056140208,0.00167646224666276
"Puente Aranda","Portal Tunal",0.00100563367984671,0.00232693314529431,0.00166628341257051
"Virrey - Cendiatra","Concejo de Bogotá",0.00282522079577704,0.000506715679815211,0.00166596823779613
"Av Américas - Av. Boyacá","Nariño",0.00165477014668672,0.00167575759917911,0.00166526387293291
"Concejo de Bogotá","Calle 40 Sur",0.00112440432321609,0.00220343023365828,0.00166391727843718
"Gobernacion","Cl38A sur - CENTRO MAYOR",0.00281995870885547,0.000498792856340423,0.00165937578259794
"Portal 80","Salitre El Greco - Vive Claro",0.00186309004792487,0.00142940319706136,0.00164624662249311
"Mandalay","Avenida Jiménez",0.000703610720507727,0.00256407225786813,0.00163384148918793
"El Tiempo - Cámara De Comercio De Bogotá","Nariño",0.00046776994761113,0.00279979827892602,0.00163378411326857
"Centro Memoria","Quiroga",0.0019308982865215,0.00133078358276874,0.00163084093464512
"Suba - Calle 95","Av. 39",0.00224066680099443,0.00101996735684016,0.0016303170789173
"CDS Carrera 32","Santa Lucía",0.00285044876112223,0.000409064363207731,0.00162975656216498
"San Victorino","Santa Lucía",0.00253721764692857,0.000703629531467974,0.00162042358919827
"Av Américas - Av. Boyacá","Movistar Arena",0.00196713668983033,0.00126601134830388,0.0016165740190671
"Country Sur","Puente Aranda",0.00272367919976473,0.00050788403783361,0.00161578161879917
"Ferias","Av. 39",0.000904558693779991,0.00232321129514557,0.00161388499446278
"Calle 100 - Marketmedios","CAD",0.000799706082875932,0.00242598898304023,0.00161284753295808
"Puente Aranda","Portal El Dorado – C.C Nuestro Bogotá",0.00177954816022128,0.0014451403771854,0.00161234426870334
"Héroes - Colmena Seguros","Paloquemao",0.0018302560668274,0.0013878124294051,0.00160903424811625
"Perdomo","Comuneros",0.000951372892638138,0.00226278426775493,0.00160707858019653
"Ciudad Jardín - UAN","Portal Usme",0.00228957501658294,0.000922178312959935,0.00160587666477144
"Venecia","Portal Usme",0.000717858675650979,0.00248210933907571,0.00159998400736335
"Av. Primero de Mayo","Av. 39",0.00268053730413916,0.000494270174403311,0.00158740373927124
"Puente Aranda","C.C Paseo Villa Del Rio - Madelena",0.00158179863099354,0.00159141783639987,0.0015866082336967
"Portal 80","Campin - UAN",0.000485151947107606,0.00268619206137321,0.00158567200424041
"Calle 85 - Gato Dumas","Calle 22",0.00147495976011554,0.00169454456381649,0.00158475216196602
"Cl38A sur - CENTRO MAYOR","Campin - UAN",0.00064107352064796,0.00252647828937926,0.00158377590501361
"Mandalay","Ciudad Universitaria- Lotería de Bogotá",0.0023027683290786,0.000859334172399146,0.00158105125073887
"Toberín- Foundever","Granja - cra 77",0.000577861486803491,0.00257736818704467,0.00157761483692408
"Av. Rojas - UNISALESIANA","Avenida Jiménez",0.00090234017505611,0.0022493093696389,0.00157582477234751
"San Diego","Quiroga",0.0027041970972731,0.000435248694121863,0.00156972289569748
"NQS Calle 75","Ricaurte",0.00114697824799209,0.00199077676588445,0.00156887750693827
"Portal 20  de Julio","Calle 26 - Atrio",0.00250889162473423,0.000625606743841533,0.00156724918428788
"Boyacá","Universidad Nacional",0.00237019670882155,0.000747924204993681,0.00155906045690762
"Normandia","Ricaurte",0.00168183546055959,0.0014301581528072,0.00155599680668339
"Banderas","Terreros - H. Cardiovascular",0.000679781052577804,0.00242601206062751,0.00155289655660266
"San Diego","Cl38A sur - CENTRO MAYOR",0.00267585668621672,0.000427282443283993,0.00155156956475036
"Policarpa","Campin - UAN",0.00175710646140762,0.0013455061785413,0.00155130631997446
"NQS Calle 30 SUR","Av. 39",0.00198901338544045,0.0011099661468947,0.00154948976616757
"Quinta Paredes","General Santander",0.00247015871943369,0.00062869887842682,0.00154942879893026
"Puente Aranda","Boyacá",0.000482674536888155,0.00261387092766949,0.00154827273227882
"Distrito Grafiti","NQS Calle 75",0.00193496985761955,0.00115761522745296,0.00154629254253626
"Quinta Paredes","Restrepo",0.0027576529160909,0.000328750610510923,0.00154320176330091
"Carrera 53","Concejo de Bogotá",0.00282994851780705,0.000238109591205182,0.00153402905450612
"Calle 100 - Marketmedios","CAN - British Council",0.00283243969429612,0.000234855039506694,0.00153364736690141
"Quiroga","Av. 39",0.000719442543779974,0.00234712616512033,0.00153328435445015
"Boyacá","Av. 39",0.000598178592333835,0.00246828867793242,0.00153323363513313
"Perdomo","Olaya",0.00182338517947269,0.00124296505275003,0.00153317511611136
"CAD","Calle 40 Sur",0.00193049168293042,0.00113479829772801,0.00153264499032922
"Ciudad Jardín - UAN","Pradera - Plaza Central",0.00281274725360114,0.00024603762573219,0.00152939243966667
"De La Sabana","Banderas",0.000570334206827164,0.00248778738493189,0.00152906079587953
"Portal 80","Movistar Arena",0.000710257107549,0.00234522086889231,0.00152773898822065
"Universidad Nacional","Fucha",0.00225060680803298,0.000801633001608988,0.00152611990482099
"CDS Carrera 32","Normandia",0.00274856171473493,0.000301837592200642,0.00152519965346779
"Calle 142","Polo - FINCOMERCIO",0.00224081878903124,0.000803098948875775,0.00152195886895351
"Normandia","Av. 39",0.00139495889478622,0.00164476168412034,0.00151986028945328
"Portal Sur - JFK Coop. Financiera","Danubio",0.000576641449188636,0.00245225195609389,0.00151444670264126
"Restrepo","Marly",0.000821302048378628,0.00219761486613431,0.00150945845725647
"Centro Memoria","La Castellana",0.00290719740612172,0.000111370347817585,0.00150928387696965
"Héroes - Colmena Seguros","Portal El Dorado – C.C Nuestro Bogotá",0.00129250271675876,0.00172451531239072,0.00150850901457474
"Calle 85 - Gato Dumas","Paloquemao",0.00134249749098035,0.00167229402798491,0.00150739575948263
"Salitre El Greco - Vive Claro","Hortúa",0.0015429965280757,0.00146482207937558,0.00150390930372564
"San Victorino","Flores",0.00243028113469703,0.000576374834889022,0.00150332798479303
"Terreros - H. Cardiovascular","Portal Tunal",0.0013465239474209,0.00165870975306553,0.00150261685024322
"Estación San Bernardo","Calle 57",0.00274998902069883,0.000252822535089351,0.00150140577789409
"De La Sabana","Mandalay",0.000910099188796901,0.00209135769751588,0.00150072844315639
"Mazurén","Portal 80",0.000828889064060891,0.00216417153546535,0.00149653029976312
"Nariño","Calle 57",0.00105161405003683,0.00194097811176284,0.00149629608089983
"Museo Nacional","El Tiempo - Cámara De Comercio De Bogotá",0.00263984806933113,0.000341991039563317,0.00149091955444722
"Museo Nacional","Polo - FINCOMERCIO",0.00293522181397205,4.65066779248616e-05,0.00149086424594846
"Avenida Cali","Universidad Nacional",0.000661054291439476,0.00231840793213623,0.00148973111178785
"Hortúa","Flores",0.000517558778772685,0.00245420755043553,0.00148588316460411
"Transversal 86","Gobernacion",0.00275861749546801,0.00020616975645856,0.00148239362596328
"Transversal 86","Paloquemao",0.000930948036197086,0.00203373658955887,0.00148234231287798
"Policarpa","Gobernacion",0.00252259677253,0.000441055496398445,0.00148182613446422
"Suba - Av. Boyacá","Calle 76",0.00181612475164483,0.00114338547367009,0.00147975511265746
"Cl38A sur - CENTRO MAYOR","Movistar Arena",0.00044511766123273,0.0025107915352763,0.00147795459825452
"Av. Suba - Calle 116","Ciudad Universitaria- Lotería de Bogotá",0.000584972351314172,0.00236541067628562,0.0014751915137999
"Country Sur","Centro Memoria",0.00283785703316046,0.00011225379851694,0.0014750554158387
"Ciudad Jardín - UAN","Sevillana",0.00179872930305586,0.00115019932362982,0.00147446431334284
"Gratamira","Portal El Dorado – C.C Nuestro Bogotá",0.000952295989153963,0.00199537423479336,0.00147383511197366
"Corferias","Olaya",0.00214606449054245,0.00080042944458339,0.00147324696756292
"Bosa","Biblioteca",0.00214080006761613,0.00080227571657619,0.00147153789209616
"Carrera 90","Campin - UAN",0.00108862475745986,0.00185382118228724,0.00147122296987355
"Policarpa","Marly",0.00273068426246759,0.000200601110430346,0.00146564268644897
"San Facon Carrera 22","Av. Rojas - UNISALESIANA",0.00245841306926402,0.000470421088179398,0.00146441707872171
"CDS Carrera 32","Calle 76",0.00210057389258419,0.000825430905763163,0.00146300239917368
"San Diego","Avenida Chile",0.00266142104924139,0.000261925969059365,0.00146167350915038
"Carrera 43 - Comapan","Biblioteca Tintal",0.00183924271695862,0.00107965150492419,0.0014594471109414
"Humedal Córdoba","Salitre El Greco - Vive Claro",0.00117647725095647,0.00174065858738806,0.00145856791917227
"Paloquemao","Consuelo",0.000877662014496933,0.00203822124191573,0.00145794162820633
"Guatoque - Veraguas","Flores",0.00158065697505958,0.00133035052924771,0.00145550375215365
"Carrera 43 - Comapan","NQS Calle 75",0.00250364362093848,0.000400790792526851,0.00145221720673267
"Portal 20  de Julio","Carrera 43 - Comapan",0.00236902135762438,0.000532887589192135,0.00145095447340826
"CAN - British Council","Hortúa",0.00248202964181249,0.000415063618742141,0.00144854663027732
"Polo - FINCOMERCIO","Universidades CityU",0.000789339794927616,0.00210605483743629,0.00144769731618195
"Las Nieves","General Santander",0.00235797452465583,0.000537331899395834,0.00144765321202583
"Transversal 86","CAD",0.000690770839312119,0.00220305776544563,0.00144691430237888
"Escuela Militar","Distrito Grafiti",0.00105880017594685,0.00183464342041617,0.00144672179818151
"Puentelargo","Universidad Nacional",0.00228218013750468,0.000605026158942692,0.00144360314822369
"Modelia","Concejo de Bogotá",0.00150786578450971,0.00136741591169093,0.00143764084810032
"Calle 142","Avenida Chile",0.000990672339732078,0.00188425936815766,0.00143746585394487
"Calle 146","Héroes - Colmena Seguros",0.00116910782926183,0.00169021917858323,0.00142966350392253
"Carrera 43 - Comapan","Carrera 53",0.00102301332196822,0.00182349309046446,0.00142325320621634
"Bicentenario","7 de Agosto",0.00108849627290477,0.00175328005298435,0.00142088816294456
"Suba - Av. Boyacá","Modelia",0.00129392636033348,0.00154473264776814,0.00141932950405081
"Héroes - Colmena Seguros","Portal 80",0.00100850761657293,0.00182759970447554,0.00141805366052424
"General Santander","Campin - UAN",0.000401721045637454,0.00242517624382976,0.00141344864473361
"Héroes - Colmena Seguros","Quirigua",0.00146347410770138,0.00135822841749244,0.00141085126259691
"Portal El Dorado – C.C Nuestro Bogotá","Suba Calle 100",0.00211512251650473,0.000700964042280412,0.00140804327939257
"Calle 106","Av. Rojas - UNISALESIANA",0.0014600403235235,0.00135364466130559,0.00140684249241455
"Calle 146","San Martín",0.00229883903189327,0.000511684061405439,0.00140526154664935
"Polo - FINCOMERCIO","Portal El Dorado – C.C Nuestro Bogotá",0.00198974904135848,0.000820245763789396,0.00140499740257394
"Granja - cra 77","Gobernacion",0.00239124150886592,0.00041577984189025,0.00140351067537809
"Calle 85 - Gato Dumas","Gratamira",0.00218986206041261,0.00061073047529464,0.00140029626785362
"Corferias","Suba Calle 100",0.00209034796881278,0.000705194635379513,0.00139777130209615
"Marsella","7 de Agosto",0.00168480708551156,0.00110735592327394,0.00139608150439275
"Santa Lucía","Calle 26 - Atrio",0.000580968082466891,0.00220393246955816,0.00139245027601252
"Las Aguas - Centro Colombo Americano","Pradera - Plaza Central",0.0023255673273677,0.000456542391708209,0.00139105485953795
"Ricaurte","Portal Tunal",0.00158856356861697,0.00118847889032186,0.00138852122946942
"Humedal Córdoba","Movistar Arena",0.00240426158098978,0.000364172280190026,0.0013842169305899
"Quirigua","Polo - FINCOMERCIO",0.00224031196407807,0.000522605192767189,0.00138145857842263
"Suba - Calle 95","Av. Eldorado",0.00248339141578633,0.000279183030632493,0.00138128722320941
"NQS Calle 75","Calle 22",0.00214203465509702,0.000614465421846402,0.00137825003847171
"Biblioteca Tintal","Santa Isabel",0.000775302262687028,0.00197891603272269,0.00137710914770486
"Consuelo","Avenida Jiménez",0.00161633738380774,0.00113709177639227,0.0013767145801
"Gobernacion","Fucha",0.00181855253156423,0.000933391049622995,0.00137597179059361
"Portal 20  de Julio","Museo Nacional",0.00247008048275777,0.000280716040441384,0.00137539826159957
"Carrera 90","Corferias",0.000453547291163758,0.00229478049246933,0.00137416389181655
"Restrepo","Calle 57",0.000450699543328979,0.00229725037611404,0.00137397495972151
"Calle 161","Portal 80",0.00046818189436687,0.00227788073160465,0.00137303131298576
"Pradera - Plaza Central","Avenida Chile",0.00195863711699822,0.000784950221350131,0.00137179366917417
"Zona Industrial","NQS Calle 75",0.00228266881267514,0.000458679807272124,0.00137067430997363
"Modelia","Marly",0.00113764038382127,0.00159879311327404,0.00136821674854765
"Granja - cra 77","Universidad Nacional",0.00097640089355745,0.0017581881359498,0.00136729451475363
"Banderas","Biblioteca",0.00127537524262574,0.00145302252572833,0.00136419888417704
"Portal El Dorado – C.C Nuestro Bogotá","Calle 76",0.0010817605494079,0.00164573106260134,0.00136374580600462
"Zona Industrial","Calle 85 - Gato Dumas",0.00108137986563393,0.00164522866515227,0.0013633042653931
"Virrey - Cendiatra","Portal El Dorado – C.C Nuestro Bogotá",0.0012799842161407,0.00144495029666337,0.00136246725640204
"Zona Industrial","Escuela Militar",0.00118721257885723,0.00153668609447469,0.00136194933666596
"Calle 85 - Gato Dumas","Ricaurte",0.000625695780228474,0.00209758016121808,0.00136163797072328
"La Campiña","Avenida 68",0.00225433059656178,0.000468373729453279,0.00136135216300753
"Av Américas - Av. Boyacá","Centro Memoria",0.00198230602006523,0.000735455256373105,0.00135888063821917
"Calle 100 - Marketmedios","Gobernacion",0.00247593172886351,0.00023960774880277,0.00135776973883314
"Rionegro","CAD",0.00166507729777291,0.00104776306378878,0.00135642018078084
"Av. Eldorado","Olaya",0.00214261395807008,0.000568380570086805,0.00135549726407844
"Ferias","Corferias",0.00252897430237259,0.000178281273006113,0.00135362778768935
"Paloquemao","Santa Lucía",0.00202169715543147,0.000685332823704658,0.00135351498956806
"Gratamira","Polo - FINCOMERCIO",0.00226159240284867,0.000441198578714953,0.00135139549078181
"Carrera 43 - Comapan","Calle 85 - Gato Dumas",0.0011112944406371,0.00158664843233461,0.00134897143648585
"CDS Carrera 32","Calle 85 - Gato Dumas",0.00098713500246153,0.00170885726217449,0.00134799613231801
"Mandalay","Av. 39",0.000417906708946171,0.00227781353566604,0.00134786012230611
"Boyacá","Quinta Paredes",0.00257421759347047,0.000118599713707667,0.00134640865358907
"Avenida 68","Concejo de Bogotá",0.00180592124413805,0.000882668040039418,0.00134429464208873
"Alquería","Calle 22",0.00140280453564889,0.00128393375688897,0.00134336914626893
"Calle 85 - Gato Dumas","Portal El Dorado – C.C Nuestro Bogotá",0.00130990200423889,0.00137480338143449,0.00134235269283669
"Universidad Nacional","Restrepo",0.0019030787308695,0.000776339244672486,0.001339708987771
"Avenida Chile","Comuneros",0.000686456396071332,0.00199136090345388,0.00133890864976261
"Estación San Bernardo","Parque",0.00254185882095831,0.000132498502485229,0.00133717866172177
"Calle 100 - Marketmedios","Corferias",0.00185720803828041,0.000814037576441052,0.00133562280736073
"Calle 127","Calle 57",0.0013531990245266,0.00131750428314885,0.00133535165383773
"Movistar Arena","Hortúa",0.00170656872102933,0.000956051113774811,0.00133130991740207
"Policarpa","Movistar Arena",0.0011236985694812,0.0015354850027457,0.00132959178611345
"Distrito Grafiti","Portal Tunal",0.00119233741895533,0.00145966533495512,0.00132600137695523
"San Facon Carrera 22","Mandalay",0.00183029728489992,0.000820321407386571,0.00132530934614324
"San Facon Carrera 22","Biblioteca",0.00204269439698467,0.000604261073362346,0.00132347773517351
"Av Américas - Av. Boyacá","Calle 57",0.000526735452321485,0.00211400957928406,0.00132037251580277
"Campin - UAN","Nariño",0.0014955545062547,0.00114323737143186,0.00131939593884328
"Biblioteca","Calle 22",0.00052975576907646,0.00210491965783419,0.00131733771345532
"Venecia","Avenida Jiménez",0.00115297711632079,0.00147689432917947,0.00131493572275013
"Country Sur","Distrito Grafiti",0.00188581564535358,0.000741973761711105,0.00131389470353234
"Policarpa","Sevillana",0.00136018850868413,0.00126705326577702,0.00131362088723058
"Universidades CityU","Cl38A sur - CENTRO MAYOR",0.00204153401567072,0.000578931599688608,0.00131023280767967
"Escuela Militar","Pradera - Plaza Central",0.000645812709982595,0.00197333573595751,0.00130957422297005
"CDS Carrera 32","NQS Calle 75",0.00187231455098808,0.000745382092713063,0.00130884832185057
"Fucha","Marly",0.000996281354686199,0.00160833600390666,0.00130230867929643
"21 Ángeles","Carrera 47",0.00218775445436433,0.000414673820824079,0.00130121413759421
"Centro Memoria","Calle 40 Sur",0.00115226471380582,0.00143534774851734,0.00129380623116158
"Av. Primero de Mayo","Pradera - Plaza Central",0.00208191895022251,0.000499975594451637,0.00129094727233707
"Museo Del Oro","Salitre El Greco - Vive Claro",0.00238254446907255,0.0001911407181836,0.00128684259362808
"Quinta Paredes","Alquería",0.00184218783060948,0.000721170500458633,0.00128167916553405
"Ciudad Universitaria- Lotería de Bogotá","General Santander",0.00194006976299297,0.000623139250668703,0.00128160450683084
"Perdomo","Ricaurte",0.000425576271839821,0.00213262499824726,0.00127910063504354
"Paloquemao","Molinos",0.000755088948054337,0.0018003163296953,0.00127770263887482
"Carrera 47","Centro Memoria",0.00221642476461522,0.00033777945025378,0.0012771021074345
"Portal Suba","Ferias",0.0022094875820061,0.000340692186478536,0.00127508988424232
"Escuela Militar","Paloquemao",0.00122496229255307,0.00132347881739415,0.00127422055497361
"Virrey - Cendiatra","Centro Memoria",0.00221172879024371,0.000334271091909785,0.00127299994107675
"Suba - Tv. 91","Portal El Dorado – C.C Nuestro Bogotá",0.000732762077007073,0.00180881317012152,0.0012707876235643
"San Facon Carrera 22","Venecia",0.00200705415119458,0.000529661477252635,0.00126835781422361
"Museo Nacional","Cl38A sur - CENTRO MAYOR",0.00206509646660697,0.000465347422792815,0.00126522194469989
"Calle 146","Carrera 90",0.00158352499260221,0.000946858419143428,0.00126519170587282
"De La Sabana","Venecia",0.00128855103552944,0.00123867156858978,0.00126361130205961
"Carrera 43 - Comapan","Portal Tunal",0.0010740294561937,0.00145306511993339,0.00126354728806354
"Granja - cra 77","Calle 57",0.000921283191028369,0.00160139334442698,0.00126133826772767
"Mandalay","La Despensa",0.00194881874260002,0.000573711630122486,0.00126126518636125
"Museo Nacional","San Martín",0.00155842802057661,0.000961600645509627,0.00126001433304312
"Avenida 68","Distrito Grafiti",0.000809478086739441,0.00171048914083058,0.00125998361378501
"Distrito Grafiti","Portal Sur - JFK Coop. Financiera",0.000984737062359354,0.00152975221956191,0.00125724464096063
"Mazurén","Avenida Cali",0.00161430186719251,0.000894001277580585,0.00125415157238655
"Alquería","Av. Eldorado",0.000993247285930041,0.00150650190878117,0.00124987459735561
"Concejo de Bogotá","General Santander",0.00201256255722645,0.000482409730045976,0.00124748614363621
"San Victorino","El Tiempo - Cámara De Comercio De Bogotá",0.00126498888879903,0.00122578740507144,0.00124538814693523
"Calle 161","Quirigua",0.00047900327709717,0.00201006428082226,0.00124453377895971
"21 Ángeles","Portal El Dorado – C.C Nuestro Bogotá",0.000787484380967172,0.0016959302666871,0.00124170732382713
"Venecia","San Mateo",0.00132440978256732,0.0011580634011632,0.00124123659186526
"CDS Carrera 32","Biblioteca",0.00210381769762532,0.000369199907702494,0.00123650880266391
"Calle 187","Niza - Calle 127",0.00185660084307418,0.000601515162798574,0.00122905800293638
"Héroes - Colmena Seguros","Ricaurte",0.000851422218240543,0.00160328349786183,0.00122735285805119
"Avenida Cali","Corferias",0.000640146921154664,0.00181377296677586,0.00122695994396526
"De La Sabana","Av. Rojas - UNISALESIANA",0.00125158163214728,0.00119571593390782,0.00122364878302755
"Calle 100 - Marketmedios","Portal El Dorado – C.C Nuestro Bogotá",0.00113206838424943,0.00131392529453764,0.00122299683939354
"San Diego","San Martín",0.00084685497340167,0.00159754501646469,0.00122219999493318
"Biblioteca Tintal","Salitre El Greco - Vive Claro",0.00198626329673125,0.000457430593849762,0.0012218469452905
"Mazurén","Carrera 53",0.00163941748372385,0.000802908156566631,0.00122116282014524
"Virrey - Cendiatra","Calle 26 - Atrio",0.00137595033716722,0.00106146372588299,0.00121870703152511
"CAN - British Council","Cl38A sur - CENTRO MAYOR",0.0020590073952859,0.000376491967544639,0.00121774968141527
"San Martín","Calle 26 - Atrio",0.00179776975961392,0.000633983015104862,0.00121587638735939
"Banderas","León XIII",0.00149643747209945,0.000931580817610792,0.00121400914485512
"Portal Norte - Unicervantes ","Av. Suba - Calle 116",0.00153912677415261,0.000878591964418706,0.00120885936928566
"Calle 106","Modelia",0.00112840015188396,0.00128808134850677,0.00120824075019536
"Modelia","Paloquemao",0.00092238319699123,0.00149268490723925,0.00120753405211524
"La Castellana","Paloquemao",0.00114151595846176,0.00127321529476492,0.00120736562661334
"De La Sabana","Calle 85 - Gato Dumas",0.000577333471694279,0.001834024213419,0.00120567884255664
"CAN - British Council","Nariño",0.00158883440758796,0.000816198059169694,0.00120251623337883
"Gobernacion","General Santander",0.00194627273499521,0.000457911617504621,0.00120209217624992
"Carrera 43 - Comapan","Escuela Militar",0.00131449098711026,0.00108786223632424,0.00120117661171725
"San Facon Carrera 22","Calle 76",0.00167567263847439,0.000713658718618441,0.00119466567854642
"Perdomo","Danubio",0.000921763122426412,0.00146728903967582,0.00119452608105111
"Estación San Bernardo","CAN - British Council",0.0020354001901072,0.000343223977661673,0.00118931208388444
"Calle 40 Sur","Av. 39",0.000423838454256216,0.00194096912334956,0.00118240378880289
"Modelia","Ricaurte",0.000640728232739492,0.00170501966097705,0.00117287394685827
"Modelia","Av. 39",0.000688321474037324,0.00165596142568125,0.00117214144985929
"De La Sabana","Socorro",0.00183705170171842,0.000506971001478665,0.00117201135159854
"Normandia","Guatoque - Veraguas",0.000762133413518942,0.00158169693484278,0.00117191517418086
"Héroes - Colmena Seguros","Gratamira",0.00161552955589579,0.000725263491691052,0.00117039652379342
"San Facon Carrera 22","Avenida Chile",0.00193791592814702,0.000396336528386727,0.00116712622826687
"Tygua-San José","Flores",0.00142710232494611,0.000905291059574369,0.00116619669226024
"Biblioteca Tintal","Ricaurte",0.000541597181223432,0.00178857908774701,0.00116508813448522
"Country Sur","Concejo de Bogotá",0.00223315352729587,9.08340844010018e-05,0.00116199380584844
"General Santander","Calle 26 - Atrio",0.00143287619171352,0.000883675162365441,0.00115827567703948
"Las Nieves","Calle 76",0.00175559974435922,0.000559685611840398,0.00115764267809981
"León XIII","Portal Tunal",0.00205694990165434,0.000256407511283821,0.00115667870646908
"Pepe Sierra - Utel Universidad","Marly",0.00151099274325786,0.000789314494967575,0.00115015361911272
"Museo Nacional","Calle 85 - Gato Dumas",0.0021971193293033,9.70056435949278e-05,0.00114706248644912
"San Diego","Héroes - Colmena Seguros",0.00210077330945351,0.000189396921183547,0.00114508511531853
"Biblioteca Tintal","Comuneros",0.000686561408621964,0.00160356005729833,0.00114506073296014
"Calle 142","Calle 76",0.00105421049949844,0.00123460974690463,0.00114441012320153
"Bicentenario","Sevillana",0.00101068379286093,0.00127812627827925,0.00114440503557009
"21 Ángeles","Normandia",0.000355554310062711,0.00192010751847561,0.00113783091426916
"La Campiña","NQS Calle 75",0.00030874224095794,0.00196368683564952,0.00113621453830373
"Portal 20  de Julio","Puente Aranda",0.00163934319062644,0.000624830083708759,0.0011320866371676
"Transversal 86","Terreros - H. Cardiovascular",0.000944581705400608,0.00130948105108628,0.00112703137824344
"Portal El Dorado – C.C Nuestro Bogotá","Ciudad Universitaria- Lotería de Bogotá",0.00114646692825433,0.001106600657578,0.00112653379291617
"Country Sur","Universidad Nacional",0.000643548477831697,0.0016085166965663,0.001126032587199
"Portal 80","Polo - FINCOMERCIO",0.00154003651456128,0.000710363381450155,0.00112519994800572
"Av. Rojas - UNISALESIANA","NQS Calle 30 SUR",0.000697330365015488,0.00155186794434433,0.00112459915467991
"La Despensa","Parque",0.00180394146977983,0.000445195080245305,0.00112456827501257
"Calle 161","Suba Calle 100",0.00206707070795689,0.000180911437511439,0.00112399107273417
"Estación San Bernardo","Sevillana",0.00120836198824978,0.0010380950591007,0.00112322852367524
"Banderas","Restrepo",0.000762657069690714,0.00147984999642527,0.00112125353305799
"Cl38A sur - CENTRO MAYOR","León XIII",0.000616713374909494,0.00162371072079093,0.00112021204785021
"San Facon Carrera 22","Banderas",0.00114220249896512,0.0010948382160504,0.00111852035750776
"Carrera 90","Calle 76",0.0015593400786833,0.000676278201422963,0.00111780914005313
"Mandalay","Nariño",0.000872612102773397,0.0013592882886989,0.00111595019573615
"C.C Paseo Villa Del Rio - Madelena","Paloquemao",0.000486435494806045,0.00174509681982323,0.00111576615731464
"Virrey - Cendiatra","Paloquemao",0.000786107806559564,0.00143798357622482,0.00111204569139219
"Transversal 86","Corferias",0.00141221081332416,0.00080231659310183,0.001107263703213
"Gobernacion","Alquería",0.00151765768601682,0.000696281548782379,0.0011069696173996
"Ciudad Universitaria- Lotería de Bogotá","Alquería",0.00133592845141884,0.000876916980175608,0.00110642271579722
"Carrera 53","CAD",0.00196589353409023,0.000246532421425014,0.00110621297775762
"Fucha","Calle 57",0.000544707632766703,0.00166736977366447,0.00110603870321558
"Transversal 86","Quinta Paredes",0.00202210907763966,0.000183177524161562,0.00110264330090061
"Ciudad Universitaria- Lotería de Bogotá","Quiroga",0.00136896594703465,0.000830114779457615,0.00109954036324613
"El Tiempo - Cámara De Comercio De Bogotá","NQS Calle 30 SUR",0.00117974359037425,0.00101492560588683,0.00109733459813054
"Puentelargo","Corferias",0.00120147105114547,0.000987130814975583,0.00109430093306053
"Calle 100 - Marketmedios","Quinta Paredes",0.00201412028851994,0.000169565796080586,0.00109184304230027
"C.C Paseo Villa Del Rio - Madelena","Nariño",0.00101104653303978,0.00116664770643631,0.00108884711973804
"Avenida Cali","Gobernacion",0.00175352166787706,0.000421772996726729,0.00108764733230189
"Calle 161","Boyacá",0.00116771377495825,0.0010071671707188,0.00108744047283852
"San Diego","NQS Calle 75",0.00178875034211361,0.000384005428114137,0.00108637788511387
"Sevillana","Portal Usme",0.000616812399604923,0.00154711758805233,0.00108196499382863
"Avenida 68","Calle 26 - Atrio",0.000595208181315331,0.00156662830867943,0.00108091824499738
"Universidades CityU","Biblioteca",0.000448553814782161,0.00170847585114555,0.00107851483296386
"Calle 146","NQS Calle 75",0.000977492205260807,0.00117530120717993,0.00107639670622037
"Av. Rojas - UNISALESIANA","Alquería",0.000421821575133015,0.00172482991436628,0.00107332574474965
"Bicentenario","Parque",0.00185889023355939,0.000287532855510533,0.00107321154453496
"Calle 100 - Marketmedios","Ciudad Universitaria- Lotería de Bogotá",0.0018607423759603,0.000284989994485381,0.00107286618522284
"Gobernacion","Restrepo",0.00162294663539424,0.00051939966246557,0.0010711731489299
"Ferias","Ciudad Universitaria- Lotería de Bogotá",0.00174870889795881,0.000393004757845918,0.00107085682790236
"Bosa","Santa Lucía",0.00140308707320848,0.000737567346869335,0.00107032721003891
"Carrera 47","Pradera - Plaza Central",0.000715521574708013,0.00142490844879422,0.00107021501175112
"Salitre El Greco - Vive Claro","Cl38A sur - CENTRO MAYOR",0.00154060582101868,0.000597960108807653,0.00106928296491317
"Mazurén","Quirigua",0.000875458644518738,0.00126210367540703,0.00106878115996288
"Av. Primero de Mayo","Quinta Paredes",0.00160731418657259,0.000518468529858097,0.00106289135821535
"Las Aguas - Centro Colombo Americano","Salitre El Greco - Vive Claro",0.00204805903768391,7.33556204694531e-05,0.00106070732907668
"General Santander","Terreros - H. Cardiovascular",0.000576630892152548,0.00154444324729927,0.00106053706972591
"Puente Aranda","Carrera 53",0.00119042299862989,0.000926821244428506,0.0010586221215292
"Prado","Flores",0.00144388524855324,0.000672138151406987,0.00105801169998011
"Polo - FINCOMERCIO","Distrito Grafiti",0.00105394379591743,0.00105785199801298,0.00105589789696521
"NQS Calle 75","Comuneros",0.000411103905230378,0.00170037762729701,0.00105574076626369
"Calle 100 - Marketmedios","La Campiña",0.000785419438636509,0.00132231436307394,0.00105386690085523
"Av. Eldorado","Suba Calle 100",0.0019820905641736,0.000125590008579532,0.00105384028637657
"Las Aguas - Centro Colombo Americano","Calle 40 Sur",0.0019450387197544,0.000161628659094653,0.00105333368942453
"Bicentenario","Marsella",0.00173163412768226,0.00037473573964955,0.00105318493366591
"Corferias","Venecia",0.000932773742959155,0.00116632891901425,0.0010495513309867
"Humedal Córdoba","Calle 57",0.00116471344175166,0.00093174971336236,0.00104823157755701
"Salitre El Greco - Vive Claro","Alquería",0.000965814508296046,0.00112589521099118,0.00104585485964362
"Quinta Paredes","Olaya",0.00168589985006211,0.000401467924953018,0.00104368388750756
"Perdomo","Restrepo",0.00101020354782626,0.00107612382745217,0.00104316368763922
"Boyacá","Corferias",0.00185058624979527,0.000235482210685651,0.00104303423024046
"Portal 20  de Julio","Centro Memoria",0.00194581361347765,0.000139876053172949,0.0010428448333253
"Calle 161","Avenida Cali",0.000820868787889451,0.00126385647327967,0.00104236263058456
"Paloquemao","Socorro",0.00122407282699367,0.000858837271364421,0.00104145504917904
"Avenida 68","Pradera - Plaza Central",0.000573025794963605,0.00150600794978928,0.00103951687237644
"Las Nieves","Alquería",0.00142415464022982,0.000652191853783914,0.00103817324700687
"Minuto De Dios","Universidad Nacional",0.00160428183252126,0.000466527500106309,0.00103540466631378
"Zona Industrial","Boyacá",0.000296752381810338,0.00177160776971429,0.00103418007576231
"Puente Aranda","Perdomo",0.000786536648810817,0.00127781141855717,0.001032174033684
"Museo Nacional","Quiroga",0.00189334807086135,0.000169766812434248,0.0010315574416478
"Transversal 86","Av. Eldorado",0.000451044896688656,0.00160998658121871,0.00103051573895368
"El Tiempo - Cámara De Comercio De Bogotá","Hortúa",0.000705894281378191,0.00135093613654955,0.00102841520896387
"Carrera 43 - Comapan","Minuto De Dios",0.000296571154847093,0.00175744763599667,0.00102700939542188
"Gratamira","Avenida Chile",0.001519375714521,0.000531990071548433,0.00102568289303472
"Centro Memoria","General Santander",0.00165828800791846,0.000387725428034586,0.00102300671797652
"Suba - Tv. 91","Escuela Militar",0.000810024672227266,0.00123569227714282,0.00102285847468504
"De La Sabana","Molinos",0.00135210395009425,0.000690386429760363,0.00102124518992731
"Puente Aranda","Minuto De Dios",0.000388386227977869,0.00165106241853605,0.00101972432325696
"Carrera 47","Calle 22",0.000868417867391471,0.00116685984520042,0.00101763885629595
"Portal Sur - JFK Coop. Financiera","Olaya",0.00107620465253704,0.0009541501614814,0.00101517740700922
"Niza - Calle 127","Movistar Arena",0.00133275227764585,0.00069600040467563,0.00101437634116074
"Banderas","Santa Lucía",0.000990531668277951,0.00103777638516384,0.0010141540267209
"Portal 20  de Julio","Distrito Grafiti",0.00112530802899489,0.000902380815390639,0.00101384442219277
"Mandalay","Tygua-San José",0.00138220809260108,0.000643766940094429,0.00101298751634776
"Suba - Tv. 91","Carrera 53",0.00195032363337025,7.53804287498877e-05,0.00101285203106007
"Guatoque - Veraguas","Portal Usme",0.000274188931823113,0.00174977920512515,0.00101198406847413
"Las Nieves","Santa Lucía",0.00136191442696854,0.000658540433872784,0.00101022743042066
"Calle 161","Suba - Calle 95",0.00164799388172737,0.000371843702535868,0.00100991879213162
"CDS Carrera 32","Héroes - Colmena Seguros",0.00133719223527707,0.000676440418666449,0.00100681632697176
"Av. Eldorado","Quiroga",0.00118225978999125,0.000820495146228753,0.00100137746811
"Quirigua","CAN - British Council",0.00166858138582125,0.000330062010692773,0.000999321698257012
"Puente Aranda","Ferias",0.000607228814311008,0.00139092425075626,0.000999076532533636
"Zona Industrial","Biblioteca Tintal",0.00123069532233741,0.000761633123439964,0.000996164222888687
"Corferias","Quiroga",0.00131726919443284,0.000673617880948094,0.000995443537690467
"San Facon Carrera 22","Socorro",0.00189103290925374,9.72560389610937e-05,0.000994144474107418
"Minuto De Dios","Quinta Paredes",0.00192347336714347,5.80063054124882e-05,0.00099073983627798
"Portal Usme","Hortúa",0.000919746839113051,0.00106096326140878,0.000990355050260914
"Polo - FINCOMERCIO","Paloquemao",0.00165656289262481,0.000322244830504021,0.000989403861564416
"La Castellana","Calle 26 - Atrio",0.00170623825667323,0.000269870084069254,0.00098805417037124
"Concejo de Bogotá","Santa Lucía",0.0005197085237353,0.0014563264156585,0.000988017469696902
"Av. Suba - Calle 116","Marly",0.00147825940576667,0.000496378318447137,0.000987318862106904
"Calle 161","Minuto De Dios",0.00110508926618038,0.00086713790333684,0.000986113584758611
"Calle 100 - Marketmedios","Suba - Tv. 91",0.00143312862155597,0.000536118450260269,0.000984623535908121
"Salitre El Greco - Vive Claro","Fucha",0.00070536743910454,0.00125810261311455,0.000981735026109544
"Policarpa","Portal Usme",0.00116872901322911,0.00079470634597002,0.000981717679599565
"Concejo de Bogotá","Alquería",0.00133760131584484,0.000622953833852715,0.000980277574848775
"Av Américas - Av. Boyacá","7 de Agosto",0.00116840911913015,0.000789782944671908,0.00097909603190103
"Calle 106","Av. Eldorado",0.000688956834879059,0.00126000081360682,0.000974478824242941
"Carrera 90","Gobernacion",0.00128993680190338,0.00065635745779691,0.000973147129850143
"Ricaurte","Danubio",0.000561587732156539,0.00138469117968804,0.00097313945592229
"General Santander","Movistar Arena",0.000283320107884222,0.00165916002657687,0.000971240067230548
"Pepe Sierra - Utel Universidad","Av. Rojas - UNISALESIANA",0.00107798450542645,0.00086163401882039,0.000969809262123421
"Mazurén","San Martín",0.00145144637122663,0.000487724540293573,0.000969585455760101
"Calle 161","Calle 85 - Gato Dumas",0.000468208201672181,0.00146772842002225,0.000967968310847216
"Estación San Bernardo","Portal Tunal",0.00183520989944236,9.99447591551953e-05,0.000967577329298777
"Banderas","Campin - UAN",0.000678593918042993,0.00125333836219629,0.00096596614011964
"CDS Carrera 32","Biblioteca Tintal",0.000644219594280698,0.00128420344436935,0.000964211519325023
"Carrera 43 - Comapan","C.C Paseo Villa Del Rio - Madelena",0.00132706251943788,0.00059548810577508,0.000961275312606478
"De La Sabana","Consuelo",0.00145918124284901,0.000457006218686505,0.000958093730767758
"Calle 106","El Tiempo - Cámara De Comercio De Bogotá",0.00142687672768922,0.00048780951570049,0.000957343121694855
"Suba Calle 100","Av. 39",0.00172415985182912,0.000190010706358843,0.000957085279093981
"Terreros - H. Cardiovascular","Parque",0.000798693722599317,0.0011095565279378,0.000954125125268557
"Rionegro","Calle 26 - Atrio",0.00111399604193488,0.000792788908529987,0.000953392475232432
"Museo Del Oro","Alquería",0.00129627706873335,0.000609674912363148,0.000952975990548251
"Transversal 86","Universidad Nacional",0.000423656697055582,0.00147952244134952,0.000951589569202552
"De La Sabana","Portal Tunal",0.000785443371430226,0.00111364059125815,0.000949541981344188
"La Campiña","Portal El Dorado – C.C Nuestro Bogotá",0.000727160658374506,0.00117112560762859,0.000949143133001546
"San Facon Carrera 22","Parque",0.00114262098020175,0.000752171821669421,0.000947396400935587
"Museo Nacional","Escuela Militar",0.00172465144443536,0.000169965368093736,0.000947308406264548
"Ferias","Concejo de Bogotá",0.000986728517178885,0.000905288446499509,0.000946008481839197
"Terminal","Niza - Calle 127",0.000993786942635311,0.000897991485355219,0.000945889213995265
"Bosa","Calle 40 Sur",0.00104768586582809,0.000839951414273907,0.000943818640051001
"Gratamira","Normandia",0.000544912478332477,0.00134247490837876,0.000943693693355617
"Bosa","Quiroga",0.00058663315491473,0.00128282591313758,0.000934729534026153
"Mazurén","La Castellana",0.00124188555917945,0.000615963712469083,0.000928924635824265
"Calle 146","Polo - FINCOMERCIO",0.00132289783000437,0.000534400278538744,0.000928649054271557
"Boyacá","Pradera - Plaza Central",0.000381042432452079,0.00147524917186738,0.000928145802159728
"Humedal Córdoba","Campin - UAN",0.00153755596999634,0.000315007713976308,0.000926281841986325
"Escuela Militar","Avenida Jiménez",0.000329537779942024,0.00152016295365437,0.000924850366798196
"Mandalay","Av. Eldorado",0.00151804274091171,0.00032902335896343,0.000923533049937569
"Mazurén","Calle 76",0.000390371171453964,0.00145519063985595,0.000922780905654957
"Las Aguas - Centro Colombo Americano","General Santander",0.00128000485208904,0.000565263413048038,0.000922634132568538
"Virrey - Cendiatra","Distrito Grafiti",0.000472684485103851,0.00136960220679535,0.000921143345949601
"San Victorino","Biblioteca",0.00160903350414304,0.000226264336746278,0.000917648920444661
"Transversal 86","Guatoque - Veraguas",0.00092862445911701,0.000906327178901366,0.000917475819009188
"Alquería","Universidad Nacional",0.000592001508342391,0.00124181103370698,0.000916906271024683
"Mazurén","Polo - FINCOMERCIO",0.000832530774311302,0.000999097298909925,0.000915814036610614
"Country Sur","C.C Paseo Villa Del Rio - Madelena",0.00106234985077035,0.000766074487871835,0.000914212169321093
"Zona Industrial","Socorro",0.00144627012619205,0.000382101577942631,0.000914185852067341
"Banderas","Hortúa",0.000587260880316683,0.00123667444107455,0.000911967660695615
"Portal 20  de Julio","Universidad Nacional",0.000371191537558319,0.00145137652959583,0.000911284033577073
"CDS Carrera 32","Socorro",0.00169667514859774,0.000125574394690962,0.000911124771644353
"Virrey - Cendiatra","Ricaurte",0.000367533920950617,0.00145458968251942,0.000911061801735017
"Portal 20  de Julio","C.C Paseo Villa Del Rio - Madelena",0.000783693245567912,0.00103841011925377,0.000911051682410839
"CAN - British Council","General Santander",0.00148661995024952,0.000335311306762751,0.000910965628506133
"Calle 106","Normandia",0.00134934555971971,0.000467199581243909,0.00090827257048181
"Portal El Dorado – C.C Nuestro Bogotá","CAD",0.000584411695218741,0.00123035829646369,0.000907384995841214
"Calle 100 - Marketmedios","Portal Suba",0.000428857811634051,0.00138391448401824,0.000906386147826143
"De La Sabana","Avenida Chile",0.00130374757418134,0.000505816011992783,0.00090478179308706
"Zona Industrial","Carrera 53",0.000866322502020254,0.000942893497394121,0.000904607999707187
"Paloquemao","Biblioteca",0.0014565978553804,0.000352197037782431,0.000904397446581416
"Salitre El Greco - Vive Claro","General Santander",0.00115414459534426,0.000654190232873699,0.00090416741410898
"Avenida 68","CAD",0.00128616407795175,0.000516147649754766,0.000901155863853257
"Mandalay","Campin - UAN",0.00107558168873426,0.000726371757840308,0.000900976723287283
"Estación San Bernardo","Marsella",0.00164078184967873,0.00016000377088473,0.000900392810281732
"Museo Del Oro","Avenida Chile",0.000849209411636065,0.000949167737540064,0.000899188574588065
"Portal 80","Calle 76",0.000640899424251135,0.00115639275771329,0.000898646090982211
"Mazurén","Carrera 90",0.0011965671125753,0.000599363978726614,0.000897965545650956
"Suba - Av. Boyacá","7 de Agosto",0.00107549164963866,0.000720087100025776,0.000897789374832217
"Banderas","Olaya",0.000893499272320364,0.000897945923027432,0.000895722597673898
"De La Sabana","Carrera 47",0.000346246513365387,0.00144346364303698,0.000894855078201183
"Gobernacion","Olaya",0.0010345843418068,0.000752083960129873,0.000893334150968336
"Quirigua","Calle 76",0.000938153663220063,0.00084822050461134,0.000893187083915701
"Zona Industrial","C.C Paseo Villa Del Rio - Madelena",0.00110723181113867,0.000679079918295977,0.000893155864717324
"Avenida Cali","Flores",0.00149325618985389,0.000291884567152186,0.000892570378503036
"Policarpa","CAN - British Council",0.00142684683915215,0.00035600919696795,0.00089142801806005
"Country Sur","Corferias",0.00112737878681432,0.000651363858502085,0.000889371322658201
"Museo Del Oro","Santa Lucía",0.00156332188905002,0.00021266269879483,0.000887992293922424
"Mandalay","Universidad Nacional",0.00136865045299297,0.000399242829733535,0.000883946641363255
"Portal Américas","NQS Calle 30 SUR",0.000989677675145091,0.000773679498011214,0.000881678586578152
"Carrera 43 - Comapan","Boyacá",0.000378144553558514,0.00137964786852777,0.000878896211043143
"Portal El Dorado – C.C Nuestro Bogotá","Flores",0.000929004116892796,0.000828000487915191,0.000878502302403993
"Biblioteca Tintal","CAN - British Council",0.00163045766452959,0.000121225468260229,0.000875841566394911
"Ferias","Av. Eldorado",0.00158151158783903,0.000169270785510689,0.000875391186674859
"Polo - FINCOMERCIO","Pradera - Plaza Central",0.000603735661278052,0.00114689116403143,0.00087531341265474
"Banderas","Ciudad Universitaria- Lotería de Bogotá",0.00141873363935518,0.000329062815742955,0.000873898227549065
"Niza - Calle 127","CAN - British Council",0.000546345265073136,0.00119824354513553,0.000872294405104334
"Av. Suba - Calle 116","Universidad Nacional",0.00127872489100957,0.000463279014741146,0.000871001952875356
"Bosa","Consuelo",0.000618165051373492,0.00112207673284069,0.000870120892107091
"Country Sur","Pradera - Plaza Central",0.00141970940252264,0.00031877095241996,0.000869240177471299
"Pepe Sierra - Utel Universidad","Modelia",0.000909748708346932,0.000828120014951641,0.000868934361649287
"Pradera - Plaza Central","Socorro",0.00108737396573417,0.000648567973691488,0.000867970969712831
"Prado","Movistar Arena",0.000588346885234183,0.00114513209976005,0.000866739492497118
"Pepe Sierra - Utel Universidad","Av. Eldorado",0.000441489843061474,0.00129095636602159,0.000866223104541533
"Las Aguas - Centro Colombo Americano","Avenida Chile",0.000951642017737328,0.000779676605444925,0.000865659311591127
"Avenida Chile","Santa Isabel",0.000460097393651226,0.00126499296385103,0.00086254517875113
"Escuela Militar","Ricaurte",0.000590248759904833,0.00112840378770633,0.000859326273805581
"Alquería","Calle 26 - Atrio",0.000897409023423421,0.000821045038487906,0.000859227030955663
"C.C Paseo Villa Del Rio - Madelena","Tygua-San José",0.000613646947851289,0.00110417910983084,0.000858913028841065
"Concejo de Bogotá","Suba Calle 100",0.0012337467855058,0.000483359408475351,0.000858553096990575
"C.C Paseo Villa Del Rio - Madelena","Portal Usme",0.000334863804039386,0.00137880342953593,0.000856833616787658
"San Victorino","Marsella",0.00153257038177908,0.000179837228314162,0.000856203805046622
"Portal El Dorado – C.C Nuestro Bogotá","Av. Eldorado",0.000833774325107851,0.00087553867088145,0.00085465649799465
"Av. Primero de Mayo","C.C Paseo Villa Del Rio - Madelena",0.000789752924661954,0.000916343760750602,0.000853048342706278
"San Diego","Calle 40 Sur",0.00150999209641477,0.000195818508450207,0.00085290530243249
"Boyacá","Distrito Grafiti",0.00048393917978874,0.00122102486315548,0.000852482021472111
"Av. Suba - Calle 116","Quinta Paredes",0.000895731794057456,0.000807976400604103,0.00085185409733078
"CDS Carrera 32","Parque",0.00122665445119679,0.00047601681609137,0.00085133563364408
"CDS Carrera 32","Virrey - Cendiatra",0.000583519561937867,0.00111527767929354,0.000849398620615705
"CAN - British Council","Alquería",0.00120509169741284,0.000491006976364938,0.000848049336888891
"Avenida Chile","Guatoque - Veraguas",0.00082354654547757,0.000872175964990994,0.000847861255234282
"Biblioteca","Calle 26 - Atrio",0.000339906172009742,0.00135544425061304,0.000847675211311389
"CDS Carrera 32","Carrera 47",0.000863596750470333,0.000831050466253084,0.000847323608361709
"Quirigua","Universidad Nacional",0.000295362217455369,0.00139669023627118,0.000846026226863276
"Ciudad Jardín - UAN","Gobernacion",0.0015379256824786,0.000153393606852265,0.000845659644665432
"Museo Del Oro","Marsella",0.000981880434860615,0.000705224564437116,0.000843552499648866
"San Martín","Paloquemao",0.0010078680839615,0.000678753951575541,0.000843311017768519
"Pradera - Plaza Central","NQS Calle 75",0.00115029490689931,0.000531281667344485,0.0008407882871219
"San Diego","General Santander",0.00141179924744247,0.000262382207894252,0.000837090727668359
"Normandia","Calle 26 - Atrio",0.000765294099883671,0.000902592700636741,0.000833943400260206
"Bicentenario","Portal Tunal",0.00136207995846934,0.000305248448220257,0.000833664203344801
"NQS Calle 30 SUR","7 de Agosto",0.000302107652230452,0.00136384254922061,0.000832975100725533
"Bosa","Socorro",0.000961818615813491,0.000689136106849093,0.000825477361331292
"San Diego","Polo - FINCOMERCIO",0.00158108698935673,6.88071252383393e-05,0.000824947057297536
"Gratamira","Modelia",0.00074613750435951,0.000897820588837283,0.000821979046598396
"Niza - Calle 127","Gobernacion",0.0003770890146464,0.00126531158260521,0.000821200298625805
"Biblioteca Tintal","San Mateo",0.000645226492203876,0.000993968491847951,0.000819597492025913
"Carrera 53","Distrito Grafiti",0.00100361978199851,0.000635219258925843,0.000819419520462174
"Zona Industrial","Ferias",0.00038936105552739,0.0012482542064811,0.000818807631004244
"Virrey - Cendiatra","21 Ángeles",0.00122339923174869,0.000413850716829667,0.000818624974289181
"Escuela Militar","Universidades CityU",0.000454248304814892,0.00118249693344215,0.00081837261912852
"Estación San Bernardo","7 de Agosto",0.000771791096956981,0.000862160872972923,0.000816975984964952
"Alcalá - Colegio S. Tomás Dominicos","7 de Agosto",0.000525668977737043,0.00110453142069996,0.000815100199218503
"San Facon Carrera 22","Héroes - Colmena Seguros",0.00103345562609793,0.000593607072625094,0.000813531349361509
"Puente Aranda","Virrey - Cendiatra",0.000690397448896336,0.000933464704366977,0.000811931076631657
"Las Nieves","Marsella",0.00144145759418074,0.000181782338963026,0.000811619966571884
"San Facon Carrera 22","Calle 85 - Gato Dumas",0.000750901868261132,0.000870409873800828,0.00081065587103098
"Comuneros","Flores",0.00115819433248738,0.000462574912469747,0.000810384622478565
"Banderas","San Mateo",0.000345790997397083,0.00127467846997343,0.000810234733685256
"San Diego","Av. Rojas - UNISALESIANA",0.00120642437317132,0.000412952084135519,0.000809688228653422
"Cl38A sur - CENTRO MAYOR","Av. 39",0.00108875121839618,0.000528165371157542,0.000808458294776859
"La Campiña","Suba Calle 100",0.0014647900050597,0.00015057904547994,0.000807684525269818
"Normandia","Tygua-San José",0.000389689998344776,0.00122089158516025,0.000805290791752515
"Banderas","Universidad Nacional",0.000849008741142051,0.000760863209100633,0.000804935975121342
"Policarpa","Calle 57",0.00145358596309693,0.000155604708897821,0.000804595335997376
"Calle 106","Portal El Dorado – C.C Nuestro Bogotá",0.000832128379246337,0.000776424136504925,0.000804276257875631
"Banderas","Fucha",0.000713157655330298,0.000893554493194933,0.000803356074262616
"Carrera 43 - Comapan","Ferias",0.000486831178528091,0.00111401133898862,0.000800421258758354
"San Diego","Calle 85 - Gato Dumas",0.00151001598698021,8.49154901234871e-05,0.000797465738551851
"Santa Isabel","Portal Usme",0.000461969142216771,0.00112974142991893,0.000795855286067852
"Museo Nacional","La Castellana",0.0015013741290088,8.75768673599747e-05,0.000794475498184385
"Banderas","Av. Eldorado",0.000934488901914555,0.00065064092332993,0.000792564912622242
"Las Nieves","Avenida Chile",0.0014497271916569,0.000130519881313909,0.000790123536485404
"Calle 161","Rionegro",0.00097897485459236,0.000600835669417455,0.000789905262004908
"San Facon Carrera 22","Carrera 47",0.000518872472984493,0.00106091845097108,0.000789895461977786
"Centro Memoria","Alquería",0.0010673983563057,0.000507484702397158,0.000787441529351428
"Suba - Av. Boyacá","Av. Rojas - UNISALESIANA",0.000600046151241238,0.000974576897129659,0.000787311524185448
"Suba - Tv. 91","Normandia",0.000323874934195963,0.00124581336509001,0.000784844149642989
"El Tiempo - Cámara De Comercio De Bogotá","Fucha",0.000340260323724668,0.00122683658898927,0.000783548456356968
"Guatoque - Veraguas","Calle 76",0.00062120030339051,0.000945019742989355,0.000783110023189932
"Calle 106","Salitre El Greco - Vive Claro",0.0012804376417351,0.000284503950400105,0.000782470796067601
"Normandia","Comuneros",0.000891157163660085,0.000672907656828558,0.000782032410244322
"De La Sabana","Polo - FINCOMERCIO",0.000651970483199141,0.000908766470962382,0.000780368477080761
"C.C Paseo Villa Del Rio - Madelena","Hortúa",0.000720639372286068,0.000839961620359457,0.000780300496322763
"Carrera 43 - Comapan","Portal El Dorado – C.C Nuestro Bogotá",0.00115808580712743,0.00040166192880883,0.000779873867968132
"Las Aguas - Centro Colombo Americano","Calle 76",0.00134976165471715,0.000203680425435807,0.00077672104007648
"Museo Nacional","Av. Rojas - UNISALESIANA",0.00131819034452914,0.000234113183922098,0.000776151764225621
"Portal Sur - JFK Coop. Financiera","Guatoque - Veraguas",0.000331443740701297,0.00121984379692421,0.000775643768812755
"Campin - UAN","Fucha",0.000847787011583276,0.000699837651513444,0.00077381233154836
"Bosa","Santa Isabel",0.0002147023882977,0.00132610292315797,0.000770402655727837
"El Tiempo - Cámara De Comercio De Bogotá","Alquería",0.000634517870915672,0.000906088222087065,0.000770303046501368
"Universidades CityU","General Santander",0.00105896215098495,0.000476931219542804,0.000767946685263879
"Country Sur","Ciudad Universitaria- Lotería de Bogotá",0.0014487469926832,8.55452749193647e-05,0.000767146133801281
"Ciudad Universitaria- Lotería de Bogotá","Calle 40 Sur",0.000885250969981708,0.000648448934530427,0.000766849952256068
"San Facon Carrera 22","Consuelo",0.00142441153216956,0.000108127639053252,0.000766269585611408
"Calle 161","Ferias",0.00110577320235885,0.000426484513690369,0.000766128858024611
"Tygua-San José","Portal Usme",0.000335452041236067,0.00119675575534188,0.000766103898288972
"Salitre El Greco - Vive Claro","Olaya",0.00043361534738063,0.00109702222822556,0.000765318787803095
"Polo - FINCOMERCIO","Avenida Jiménez",0.000510031791764553,0.00101932007719282,0.000764675934478689
"Av Américas - Av. Boyacá","La Despensa",0.00105148149405548,0.000477503957522692,0.000764492725789086
"Prado","Campin - UAN",0.000383149001380439,0.00114425004534381,0.000763699523362125
"Calle 100 - Marketmedios","Concejo de Bogotá",0.00128944124662434,0.000236135298218222,0.000762788272421279
"San Mateo","Portal Tunal",0.000805965099491298,0.000718168288629686,0.000762066694060493
"Boyacá","Ciudad Universitaria- Lotería de Bogotá",0.00123317436709477,0.00028980992609058,0.000761492146592673
"Carrera 53","Centro Memoria",0.00145046480017804,6.72078820235541e-05,0.000758836341100798
"Mandalay","Marly",0.0002879594256745,0.0012267549373832,0.000757357181528848
"Calle 146","Avenida Chile",0.000589788830377843,0.000921621134377201,0.000755704982377522
"Granja - cra 77","Distrito Grafiti",0.000334654764129566,0.00117301718274823,0.000753835973438896
"Las Nieves","San Martín",0.000442746809685465,0.00106434055396174,0.000753543681823603
"Movistar Arena","Nariño",0.000961668168040509,0.000545203418425509,0.000753435793233009
"Las Nieves","Av. Rojas - UNISALESIANA",0.000884475995183638,0.000617505138065456,0.000750990566624547
"San Facon Carrera 22","Sevillana",0.00118526689060566,0.00031643184798388,0.000750849369294771
"Terminal","Humedal Córdoba",0.00060481886234042,0.000893113881015226,0.000748966371677823
"21 Ángeles","La Castellana",0.00135399264687029,0.00014374447217049,0.000748868559520388
"Portal Suba","Avenida 68",0.00113398574616409,0.00036110670588826,0.000747546226026173
"Museo Del Oro","Calle 76",0.00108102810211039,0.00041289114412015,0.000746959623115269
"Granja - cra 77","Quinta Paredes",0.00132504195440591,0.000167691919322185,0.000746366936864045
"Normandia","Calle 22",0.000646929971984963,0.000844597400900234,0.000745763686442598
"Marsella","Universidades CityU",0.000636073778181251,0.000853786472010257,0.000744930125095754
"Perdomo","Fucha",0.000841402031746941,0.000647715788402067,0.000744558910074504
"21 Ángeles","Modelia",0.000541414693964491,0.000947558839203994,0.000744486766584243
"Portal Sur - JFK Coop. Financiera","Ricaurte",0.000271039466457196,0.00121721557585984,0.00074412752115852
"Ciudad Jardín - UAN","Marly",0.00141619538120411,6.95617684380085e-05,0.000742878574821059
"Calle 127","Modelia",0.000610849876818312,0.000871339094364552,0.000741094485591432
"Zona Industrial","Minuto De Dios",0.000227867189522571,0.00125354313043439,0.000740705159978478
"Paloquemao","Danubio",0.000266355340240388,0.00121489759843268,0.000740626469336533
"Minuto De Dios","Distrito Grafiti",0.000409974842257949,0.00106696020909182,0.000738467525674884
"Policarpa","Marsella",0.00133557151669247,0.000140903357042451,0.000738237436867463
"Minuto De Dios","Corferias",0.00134791578486392,0.000128539869220146,0.000738227827042032
"Portal Tunal","Calle 22",0.000232815155243908,0.00124135211501146,0.000737083635127685
"Bicentenario","Av Américas - Av. Boyacá",0.00118732948120751,0.000286834736206816,0.000737082108707165
"CDS Carrera 32","Polo - FINCOMERCIO",0.00124958260694043,0.000224246108704565,0.000736914357822498
"Mandalay","Calle 57",0.000238158973362442,0.00122935085820564,0.000733754915784043
"Virrey - Cendiatra","Calle 22",0.000841207309999813,0.000625286640223237,0.000733246975111525
"Carrera 43 - Comapan","Socorro",0.00125714273718352,0.000207281531771194,0.000732212134477355
"Puente Aranda","La Castellana",0.0011439593642822,0.000319209035473612,0.000731584199877904
"Ciudad Jardín - UAN","Campin - UAN",0.000958945443166441,0.000503251151403321,0.000731098297284881
"Calle 161","La Castellana",0.000649137125086757,0.000811938356528143,0.00073053774080745
"Mandalay","Centro Memoria",0.000868973903761216,0.000588342458818095,0.000728658181289656
"Alquería","Campin - UAN",0.000290511273276769,0.00115942978799148,0.000724970530634125
"Puente Aranda","Socorro",0.00104935099141367,0.000398762318590447,0.000724056655002058
"Calle 127","Universidad Nacional",0.000452711105057272,0.000995087355713369,0.00072389923038532
"Portal Norte - Unicervantes ","Calle 100 - Marketmedios",0.000449538170499709,0.000992626135495703,0.000721082152997706
"Calle 161","Avenida 68",0.000866528786441391,0.000571426476904002,0.000718977631672697
"Estación San Bernardo","Salitre El Greco - Vive Claro",0.0012430298897359,0.000194290405407832,0.000718660147571865
"Av. Rojas - UNISALESIANA","General Santander",0.000463064654967824,0.000967722515429849,0.000715393585198837
"Universidades CityU","Avenida Chile",0.00123313833572355,0.000195924545070656,0.000714531440397104
"Portal 80","CAN - British Council",0.00115912266509813,0.000269532394486113,0.000714327529792121
"CAN - British Council","Fucha",0.00109280313919504,0.000334686090108604,0.00071374461465182
"La Campiña","Carrera 53",0.00133818341288369,8.88120899782406e-05,0.000713497751430963
"San Mateo","Parque",0.000482279936040464,0.000943686208035609,0.000712983072038036
"Bosa","Molinos",0.000430478256662727,0.000992829325310977,0.000711653790986852
"NQS Calle 75","Guatoque - Veraguas",0.000499651460753588,0.000920226627240299,0.000709939043996944
"CDS Carrera 32","Modelia",0.00104260193167806,0.000376136882341891,0.000709369407009977
"León XIII","Parque",0.00120929012700193,0.00020725940036341,0.00070827476368267
"Perdomo","Guatoque - Veraguas",0.000533597131941491,0.000881943773143845,0.000707770452542668
"San Facon Carrera 22","Molinos",0.00126979601577679,0.000144816301101464,0.000707306158439128
"Campin - UAN","Restrepo",0.000721182979609696,0.000692911349065562,0.000707047164337629
"Gratamira","Calle 76",0.000903504333495799,0.000510372405119852,0.000706938369307826
"Calle 127","Marly",0.000711625582605925,0.000698966349964424,0.000705295966285174
"Universidad Nacional","Olaya",0.00102832269082202,0.000378851451092806,0.000703587070957412
"Carrera 47","Paloquemao",0.00106401821083282,0.000342656735178666,0.000703337473005741
"Suba - Av. Boyacá","Salitre El Greco - Vive Claro",0.00026346146357282,0.00113976967523666,0.000701615569404739
"Parque","Calle 22",0.000291256793041526,0.00111049365454699,0.000700875223794259
"Portal 20  de Julio","Concejo de Bogotá",0.00130305288085677,9.8121219590668e-05,0.000700587050223719
"Suba - Av. Boyacá","El Tiempo - Cámara De Comercio De Bogotá",0.000421354334994827,0.000977012858171526,0.000699183596583177
"Venecia","Av. Eldorado",0.000464900915300216,0.0009334338197395,0.000699167367519858
"Las Aguas - Centro Colombo Americano","La Castellana",0.000393569115669346,0.0010036133453629,0.000698591230516121
"Carrera 53","Calle 26 - Atrio",0.000974242736505779,0.000421747245077358,0.000697994990791568
"Calle 146","Calle 76",0.000621234465693164,0.000773952973542124,0.000697593719617644
"Distrito Grafiti","Socorro",0.00102545258634646,0.000369082884280511,0.000697267735313487
"Granja - cra 77","Corferias",0.000901155062420217,0.000491642704160279,0.000696398883290248
"Toberín- Foundever","Calle 85 - Gato Dumas",0.000262785155298911,0.0011267283587355,0.000694756757017204
"Centro Memoria","Santa Lucía",0.000530723921677351,0.000851272075743831,0.000690997998710591
"Calle 85 - Gato Dumas","Pradera - Plaza Central",0.000411381638358507,0.000969679839982165,0.000690530739170336
"CDS Carrera 32","Consuelo",0.0011891774982007,0.000190272310280415,0.000689724904240558
"La Despensa","Biblioteca",0.00116748159779923,0.000207340542525371,0.0006874110701623
"Granja - cra 77","Marly",0.000551998086907411,0.000822728715592752,0.000687363401250082
"De La Sabana","Sevillana",0.000757221128982412,0.000617255261924887,0.000687238195453649
"Modelia","Guatoque - Veraguas",0.000293005482734386,0.00107926493527601,0.000686135209005199
"Toberín- Foundever","Portal 80",0.000328105951416384,0.00104200410372271,0.000685055027569546
"Banderas","Avenida Jiménez",0.000442596983247925,0.000926224944217084,0.000684410963732504
"San Facon Carrera 22","NQS Calle 75",0.00120232104457695,0.000164214351657166,0.000683267698117056
"Country Sur","Av. 39",0.00117881614793956,0.000186617265771953,0.000682716706855757
"Calle 127","Av. Rojas - UNISALESIANA",0.000632570383996493,0.000732452357423939,0.000682511370710216
"Salitre El Greco - Vive Claro","Restrepo",0.000640610646159354,0.00072124979941605,0.000680930222787702
"San Martín","Calle 22",0.000988965736505761,0.000371999537033654,0.000680482636769707
"Avenida Cali","Quinta Paredes",0.000955290067361846,0.000405097925666113,0.00068019399651398
"Banderas","Concejo de Bogotá",0.000961842501207854,0.000398246644023816,0.000680044572615835
"Suba - Tv. 91","Carrera 47",0.00117386101105532,0.000186203466680517,0.000680032238867917
"Toberín- Foundever","Boyacá",0.000705920281740272,0.000653410755151349,0.000679665518445811
"Boyacá","Av. Eldorado",0.0010945705557068,0.00026337903996972,0.00067897479783826
"Calle 127","Terminal",0.000833661335084977,0.000521151038545761,0.000677406186815369
"Carrera 47","Marsella",0.000299701273992469,0.00105460909252043,0.000677155183256449
"Corferias","Sevillana",0.000587588918015474,0.000766231205836526,0.000676910061926
"Biblioteca Tintal","Gobernacion",0.00124887911403645,0.000103782754983752,0.000676330934510101
"Calle 161","Carrera 90",0.000632243495919924,0.000718408696519784,0.000675326096219854
"Pepe Sierra - Utel Universidad","Normandia",0.00104073641422457,0.000307541607096952,0.00067413901066076
"Las Nieves","Consuelo",0.000774340681061136,0.000573591301140238,0.000673965991100687
"Portal El Dorado – C.C Nuestro Bogotá","Calle 57",0.00062783615973822,0.000720093740857746,0.000673964950297983
"Minuto De Dios","Av. 39",0.000387444801537603,0.000959167496486348,0.000673306149011976
"Calle 187","Humedal Córdoba",0.00114120982708949,0.000205049880961519,0.000673129854025502
"El Tiempo - Cámara De Comercio De Bogotá","Olaya",0.00021969743586301,0.00112263761582085,0.000671167525841928
"Banderas","Tygua-San José",0.000884554339796786,0.000456452446005694,0.00067050339290124
"Av. Rojas - UNISALESIANA","Venecia",0.000326265796462376,0.0010127978660128,0.00066953183123759
"Las Nieves","Molinos",0.000738680825456367,0.000593736458404534,0.000666208641930451
"El Tiempo - Cámara De Comercio De Bogotá","Cl38A sur - CENTRO MAYOR",0.000912324088372364,0.000419910355151602,0.000666117221761983
"Puente Aranda","San Martín",0.00109615976130729,0.000235939856717479,0.000666049809012385
"Pepe Sierra - Utel Universidad","Portal El Dorado – C.C Nuestro Bogotá",0.00070441443324671,0.000626020702285249,0.000665217567765979
"Calle 85 - Gato Dumas","Universidades CityU",0.000786497441022425,0.000543802758861778,0.000665150099942101
"Las Nieves","Héroes - Colmena Seguros",0.00106258037663452,0.00026687669568937,0.000664728536161944
"Museo Nacional","Virrey - Cendiatra",0.00125181828089208,7.66888284239851e-05,0.00066425355465803
"Museo Nacional","General Santander",0.00110055250660618,0.000227299603719454,0.000663926055162815
"Avenida Cali","Av. Eldorado",0.000316396429148723,0.00101115183634151,0.000663774132745119
"Museo Nacional","Marsella",0.00129030895557741,3.71367433168622e-05,0.000663722849447136
"San Diego","Marsella",0.00126591313216288,6.13014847468825e-05,0.000663607308454884
"Toberín- Foundever","Minuto De Dios",0.00068296715511553,0.000642198300889353,0.000662582728002441
"Portal Norte - Unicervantes ","Puentelargo",0.000940174179373493,0.000384706918668369,0.000662440549020931
"La Despensa","Consuelo",0.000355956580141933,0.000965760975622225,0.000660858777882079
"Av. Suba - Calle 116","Corferias",0.000720889932314656,0.000593769552506959,0.000657329742410807
"San Victorino","San Martín",0.000236221825712011,0.00107833884043992,0.000657280333075964
"Av. Rojas - UNISALESIANA","Cl38A sur - CENTRO MAYOR",0.000560578983028871,0.000753164332161463,0.000656871657595167
"CDS Carrera 32","Portal Tunal",0.00110138129552718,0.000209795686715402,0.000655588491121293
"Carrera 43 - Comapan","La Castellana",0.0010960564877583,0.000208827224878769,0.000652441856318532
"Distrito Grafiti","La Castellana",0.00081424430951601,0.000490574178854078,0.000652409244185044
"Pepe Sierra - Utel Universidad","El Tiempo - Cámara De Comercio De Bogotá",0.00102114342911884,0.000283095114028378,0.000652119271573606
"Museo Nacional","Carrera 47",0.00128521265806215,1.74989765924679e-05,0.000651355817327308
"Avenida Chile","Avenida Jiménez",0.000992811750143294,0.000309463218736214,0.000651137484439754
"Bicentenario","Flores",0.00103628967998325,0.000265653481215944,0.000650971580599596
"Marsella","Socorro",0.000972285383179548,0.000327552329230684,0.000649918856205116
"Bicentenario","Portal Usme",0.000414170339903193,0.00088238477230052,0.000648277556101857
"Transversal 86","Portal Tunal",0.00105928151527941,0.000236632759725378,0.000647957137502396
"Toberín- Foundever","Quirigua",0.000328580288694409,0.000966309468001147,0.000647444878347778
"Mandalay","Movistar Arena",0.000926230420315881,0.000367872581761231,0.000647051501038556
"Carrera 90","Quinta Paredes",0.00068917512239373,0.000604758227148197,0.000646966674770964
"Niza - Calle 127","Campin - UAN",0.000851626696284012,0.000442097694859132,0.000646862195571572
"21 Ángeles","NQS Calle 75",0.000859378697598673,0.000433103745468643,0.000646241221533658
"Museo Nacional","Rionegro",0.000976963532040341,0.000310026864607777,0.000643495198324059
"Museo Del Oro","Calle 85 - Gato Dumas",0.000469711971175252,0.000815322052228411,0.000642517011701832
"Sevillana","Avenida Jiménez",0.000676891287056922,0.000607065462174434,0.000641978374615678
"Bicentenario","El Tiempo - Cámara De Comercio De Bogotá",0.000711380046766473,0.000572303453337453,0.000641841750051963
"NQS Calle 75","Santa Isabel",0.00027455264696576,0.00100478585937866,0.00063966925317221
"Pradera - Plaza Central","Bosa",0.000559725696744993,0.000719264951360856,0.000639495324052924
"Quinta Paredes","Venecia",0.00100117913209899,0.000277140351253542,0.000639159741676264
"San Victorino","Venecia",0.000850112991951062,0.000424321904474904,0.000637217448212983
"La Campiña","Suba - Calle 95",0.0010777095962286,0.000192527042504897,0.000635118319366749
"Quinta Paredes","Quiroga",0.00108107467905262,0.000187977542990848,0.000634526111021735
"Calle 161","Escuela Militar",0.000488724301870684,0.000780174185251194,0.000634449243560939
"Ferias","Pradera - Plaza Central",0.000439238534752907,0.000824297958528877,0.000631768246640892
"Avenida 68","Marsella",0.000281318071792776,0.000979478832330951,0.000630398452061864
"Av. Rojas - UNISALESIANA","Universidades CityU",0.000506612141311057,0.000752996222369905,0.000629804181840481
"Normandia","Santa Isabel",0.00070333212075079,0.000548928496144029,0.00062613030844741
"Estación San Bernardo","Av Américas - Av. Boyacá",0.00113892103039844,0.000112344289869578,0.000625632660134011
"Hortúa","Calle 76",0.000196328714952554,0.00105451986541938,0.000625424290185969
"CDS Carrera 32","Escuela Militar",0.000965037212107244,0.000284678385957474,0.000624857799032359
"Puentelargo","Av. Eldorado",0.00103961260205099,0.000209158408860534,0.000624385505455764
"Minuto De Dios","Pradera - Plaza Central",0.000339025781634293,0.000909329581633667,0.00062417768163398
"Ferias","Calle 26 - Atrio",0.000310800762180586,0.000935257069068149,0.000623028915624368
"Biblioteca Tintal","Paloquemao",0.000415672211636799,0.000830358301667775,0.000623015256652287
"Av Américas - Av. Boyacá","Socorro",0.000886521083762391,0.000359415549887562,0.000622968316824977
"Carrera 90","Universidad Nacional",0.000438893890156245,0.000806717804329858,0.000622805847243052
"Av. Primero de Mayo","Campin - UAN",0.00050639212723632,0.000737953557386024,0.000622172842311172
"Portal Suba","La Castellana",0.00024232936333222,0.000999484552386752,0.000620906957859486
"Carrera 43 - Comapan","Virrey - Cendiatra",0.000681277948212843,0.000559292132809726,0.000620285040511284
"Ciudad Jardín - UAN","Marsella",0.00115557137237398,8.41680465769404e-05,0.000619869709475459
"Portal El Dorado – C.C Nuestro Bogotá","Paloquemao",0.000362381332862976,0.000877024491714667,0.000619702912288822
"Mandalay","León XIII",0.00105635099086991,0.000182157464515738,0.000619254227692824
"CAD","Santa Lucía",0.000894326294034849,0.000343483702710438,0.000618904998372644
"El Tiempo - Cámara De Comercio De Bogotá","General Santander",0.000722572413672456,0.000512423655783011,0.000617498034727733
"Portal 20  de Julio","Pradera - Plaza Central",0.000846241504370563,0.000387730382065689,0.000616985943218126
"Transversal 86","Campin - UAN",0.000356246561073786,0.000876231236638158,0.000616238898855972
"Toberín- Foundever","Suba Calle 100",0.00116651884285771,6.57322582592337e-05,0.00061612555055847
"Carrera 43 - Comapan","Perdomo",0.000645347804906341,0.000586382012691717,0.000615864908799029
"Calle 106","Av. 39",0.000688655317074604,0.00054166832847025,0.000615161822772427
"Danubio","Avenida Jiménez",0.000631493603455049,0.000596976560675675,0.000614235082065362
"Zona Industrial","Virrey - Cendiatra",0.000652646886969492,0.000573420955215403,0.000613033921092448
"Universidades CityU","Portal Tunal",0.000182572291390978,0.00104165955124059,0.000612115921315784
"Museo Del Oro","Socorro",0.00112206789146845,0.000100312001689129,0.000611189946578791
"Calle 106","CAN - British Council",0.00114436802810992,7.72738467718711e-05,0.000610820937440896
"La Castellana","Calle 22",0.00105905708196931,0.000161993917185056,0.000610525499577184
"Portal Norte - Unicervantes ","Quirigua",0.000167458107446372,0.0010520449012264,0.000609751504336386
"Humedal Córdoba","CAN - British Council",0.000906742746884897,0.000310810690072162,0.00060877671847853
"Suba - Tv. 91","Modelia",0.000463644669435181,0.000752847538335396,0.000608246103885288
"CDS Carrera 32","Molinos",0.00100462722632627,0.000211231550222226,0.000607929388274246
"Zona Industrial","La Castellana",0.00102099857866504,0.000190778814653346,0.000605888696659191
"Mandalay","Terreros - H. Cardiovascular",0.000476682329064714,0.000733940935006734,0.000605311632035724
"Modelia","Centro Memoria",0.000672462729784647,0.000534560016754887,0.000603511373269767
"San Facon Carrera 22","Portal Tunal",0.000948880859094657,0.00025658011352756,0.000602730486311109
"Centro Memoria","Suba Calle 100",0.000692279545725083,0.00051159484564832,0.000601937195686702
"Suba - Calle 95","CAD",0.000987428211470014,0.000214205390909379,0.000600816801189696
"Banderas","Movistar Arena",0.000589947027693561,0.000611601876982818,0.00060077445233819
"Ferias","Distrito Grafiti",0.000581958134488106,0.000618236352985043,0.000600097243736574
"La Campiña","Avenida Chile",0.000225080239179747,0.000974989840478639,0.000600035039829193
"Puentelargo","Concejo de Bogotá",0.00064454476356701,0.000550963666303724,0.000597754214935367
"Museo Del Oro","Molinos",0.000940343948588805,0.000254776005318245,0.000597559976953525
"San Facon Carrera 22","Polo - FINCOMERCIO",0.000887464481530228,0.00030221479444843,0.000594839637989329
"Zona Industrial","Consuelo",0.000974123406550761,0.00021497390648,0.00059454865651538
"Cl38A sur - CENTRO MAYOR","7 de Agosto",0.000191938904034952,0.000994441461525968,0.00059319018278046
"Ciudad Jardín - UAN","Movistar Arena",0.000613959035886122,0.000568917170158045,0.000591438103022083
"Portal Sur - JFK Coop. Financiera","Restrepo",0.000598109566185008,0.00058196571224482,0.000590037639214914
"CAN - British Council","Restrepo",0.000984895545314675,0.000194920250501568,0.000589907897908122
"Suba - Av. Boyacá","Flores",0.000738222334461235,0.000441056252314239,0.000589639293387737
"Avenida 68","Calle 22",0.000346151658018253,0.00083280467759549,0.000589478167806872
"Zona Industrial","Portal El Dorado – C.C Nuestro Bogotá",0.000778880098261996,0.000396725156458026,0.000587802627360011
"Museo Del Oro","Consuelo",0.000960604816315424,0.000209643786269907,0.000585124301292665
"San Victorino","Av Américas - Av. Boyacá",0.00102198940654129,0.000141535251177675,0.00058176232885948
"Museo Del Oro","La Castellana",0.000326463043623749,0.000836804010454271,0.00058163352703901
"Museo Del Oro","El Tiempo - Cámara De Comercio De Bogotá",0.00103286951740426,0.00012963389447279,0.000581251705938526
"CDS Carrera 32","C.C Paseo Villa Del Rio - Madelena",0.000789818134017433,0.000372029916366014,0.000580924025191724
"Gobernacion","Venecia",0.00088869893202483,0.000273142268380549,0.00058092060020269
"Boyacá","Concejo de Bogotá",0.000685614804438179,0.000472433157545213,0.000579023980991696
"Avenida 68","Centro Memoria",0.000906241850912217,0.000251782780270315,0.000579012315591266
"C.C Paseo Villa Del Rio - Madelena","CAD",0.000248031978207307,0.000909754362821288,0.000578893170514298
"San Victorino","Calle 76",0.000909999106250901,0.000243905122302536,0.000576952114276719
"Pepe Sierra - Utel Universidad","Terminal",0.000830968903421189,0.000322378337571166,0.000576673620496177
"Salitre El Greco - Vive Claro","Venecia",0.000639500978077459,0.000512362626332861,0.00057593180220516
"Av. Primero de Mayo","Movistar Arena",0.000324808050471345,0.000826365389290012,0.000575586719880679
"San Victorino","Av. Rojas - UNISALESIANA",0.000628271488849361,0.00052199194733433,0.000575131718091846
"Biblioteca Tintal","CAD",0.000277662301900319,0.000872198867335715,0.000574930584618017
"Polo - FINCOMERCIO","Ricaurte",0.00078034602347226,0.000367499229881864,0.000573922626677062
"Calle 187","Calle 100 - Marketmedios",0.000180051439715933,0.00096656308750236,0.000573307263609146
"San Diego","Escuela Militar",0.000946404483694401,0.00019843815097452,0.00057242131733446
"Puentelargo","Av. 39",0.000838585405903961,0.000304408837920568,0.000571497121912265
"21 Ángeles","Polo - FINCOMERCIO",0.000804402366271583,0.000337615962365964,0.000571009164318773
"Modelia","Calle 26 - Atrio",0.000370201495307352,0.000770013755037877,0.000570107625172615
"Av. Primero de Mayo","Marsella",0.000946733946568592,0.000192431631190145,0.000569582788879368
"La Campiña","Rionegro",0.000740243813189021,0.000398576351228013,0.000569410082208517
"Quirigua","Gobernacion",0.000945408322758406,0.000193328007648185,0.000569368165203295
"San Victorino","Danubio",0.000626366267368443,0.000512019528455954,0.000569192897912198
"San Diego","Alquería",0.000865459394252914,0.000271844676284704,0.000568652035268809
"Universidad Nacional","Quiroga",0.000581595781807608,0.000554494093946543,0.000568044937877076
"Paloquemao","Parque",0.000838118171137222,0.000296627625395098,0.00056737289826616
"Boyacá","Marsella",0.000221588773904263,0.000912410197676899,0.000566999485790581
"Portal Norte - Unicervantes ","Avenida Cali",0.000252809327644438,0.000880950784641168,0.000566880056142803
"Las Nieves","NQS Calle 75",0.000955513593006657,0.000177609503204151,0.000566561548105404
"Museo Del Oro","Biblioteca",0.000982586503504972,0.000149581423532936,0.000566083963518954
"De La Sabana","NQS Calle 75",0.000828463654138763,0.000300347460086984,0.000564405557112873
"Sevillana","Av. Eldorado",0.000284380350276625,0.000841766070808179,0.000563073210542402
"Universidades CityU","Alquería",0.000635036440397568,0.000490129060877418,0.000562582750637493
"Carrera 43 - Comapan","San Martín",0.00102966089144392,9.46126262582797e-05,0.000562136758851098
"Puente Aranda","Portal Américas",0.000681836502316636,0.000441812908495635,0.000561824705406135
"Toberín- Foundever","Avenida Cali",0.000535456797913334,0.000586308299337841,0.000560882548625588
"Banderas","Calle 22",0.00037840986603037,0.000742876624675338,0.000560643245352854
"Museo Nacional","Calle 40 Sur",0.00106737354273891,5.31710554007385e-05,0.000560272299069822
"Corferias","Calle 40 Sur",0.000901891652400905,0.000215176699971571,0.000558534176186238
"Av Américas - Av. Boyacá","Universidades CityU",0.000416869828648627,0.000697215777962058,0.000557042803305342
"Carrera 90","Flores",0.000890142423303429,0.000218841176506356,0.000554491799904892
"La Castellana","Ricaurte",0.000540655823414851,0.000565230442922247,0.000552943133168549
"San Facon Carrera 22","Normandia",0.00101730818007273,8.8550882962512e-05,0.000552929531517619
"Venecia","Universidad Nacional",0.000291526076161405,0.000812646530800895,0.00055208630348115
"Calle 127","Portal El Dorado – C.C Nuestro Bogotá",0.000511061124235469,0.000589154246979168,0.000550107685607318
"Granja - cra 77","Av. Eldorado",0.000462949373403236,0.000635720723424108,0.000549335048413672
"Zona Industrial","Molinos",0.000798105061535262,0.000299866363946118,0.00054898571274069
"Las Nieves","Av Américas - Av. Boyacá",0.00094805527461454,0.000146401814491678,0.000547228544553109
"Minuto De Dios","Marsella",0.000213329812120029,0.000880992368654088,0.000547161090387058
"Bosa","Danubio",0.00022178347074641,0.000870997807760826,0.000546390639253618
"Comuneros","Portal Usme",0.00031945251512677,0.000771668968136264,0.000545560741631517
"Calle 100 - Marketmedios","Calle 26 - Atrio",0.000613452368086758,0.000474782124645615,0.000544117246366186
"Banderas","Nariño",0.000587889151144237,0.000500021557892572,0.000543955354518404
"San Facon Carrera 22","Carrera 53",0.000361274873116017,0.000726478835421822,0.000543876854268919
"Normandia","Avenida Jiménez",0.000371115923902472,0.00071540781305173,0.000543261868477101
"Las Nieves","Biblioteca",0.000874556415998779,0.00021152165033716,0.000543039033167969
"Santa Isabel","Flores",0.000752116662840772,0.000331699672722148,0.00054190816778146
"San Diego","La Castellana",0.00104806362654267,3.52807162332479e-05,0.00054167217138796
"La Campiña","La Castellana",0.000438129115480841,0.000641915244699163,0.000540022180090002
"Zona Industrial","San Martín",0.000942241008810157,0.000136384386636132,0.000539312697723145
"Humedal Córdoba","Gobernacion",0.000639449379540902,0.000437861758970353,0.000538655569255628
"Marsella","La Despensa",0.000747910798440608,0.000327682335355462,0.000537796566898035
"Zona Industrial","Perdomo",0.000529665160839059,0.00054512047409042,0.000537392817464739
"Marsella","Flores",0.000409288323240359,0.000664878559679904,0.000537083441460132
"Rionegro","Calle 22",0.000608787371736201,0.000464223889900619,0.00053650563081841
"Policarpa","Salitre El Greco - Vive Claro",0.000879359312097803,0.000192917639878515,0.000536138475988159
"Toberín- Foundever","Suba - Calle 95",0.000928042237540808,0.00014213682138353,0.000535089529462169
"Venecia","Calle 22",0.000567181797828141,0.000497666920726384,0.000532424359277263
"Rionegro","Paloquemao",0.000598808209654428,0.000464730938600328,0.000531769574127378
"General Santander","Av. 39",0.00060499707749386,0.000457893643220575,0.000531445360357218
"Calle 85 - Gato Dumas","Avenida Jiménez",0.000458424919492733,0.000603899008066977,0.000531161963779855
"Pepe Sierra - Utel Universidad","Salitre El Greco - Vive Claro",0.00088713025720403,0.000174247465615052,0.000530688861409541
"Venecia","Campin - UAN",0.000152247352711292,0.000907362094344093,0.000529804723527692
"Mandalay","Socorro",0.0007011650147088,0.000356796138845431,0.000528980576777116
"Transversal 86","Quiroga",0.000585165448405713,0.000470657344399002,0.000527911396402358
"Mazurén","NQS Calle 75",0.000618347552114208,0.000430755055685838,0.000524551303900023
"Policarpa","Av Américas - Av. Boyacá",0.000944238698526419,0.000102704766164826,0.000523471732345623
"Av. Rojas - UNISALESIANA","Hortúa",0.000362075952855288,0.000683744908448032,0.00052291043065166
"Transversal 86","Movistar Arena",0.000317397810303543,0.000728306380047535,0.000522852095175539
"Humedal Córdoba","Concejo de Bogotá",0.00015670304802017,0.000888081525666587,0.000522392286843379
"Museo Del Oro","Av Américas - Av. Boyacá",0.000650593077597657,0.000393726202980463,0.00052215964028906
"Universidades CityU","NQS Calle 75",0.000847749322440083,0.000191432672163687,0.000519590997301885
"Portal 20  de Julio","Corferias",0.000623159096641979,0.000415206919483037,0.000519183008062508
"Boyacá","Calle 26 - Atrio",0.000209784658767164,0.000826482565291398,0.000518133612029281
"Av. Primero de Mayo","Gobernacion",0.00089851514096988,0.000137647947128052,0.000518081544048966
"Puente Aranda","Portal Sur - JFK Coop. Financiera",0.000541295256495086,0.00049473547155586,0.000518015364025473
"7 de Agosto","Hortúa",0.000649629695337441,0.000386225440929187,0.000517927568133314
"De La Sabana","Escuela Militar",0.000428543344667141,0.000605665534004904,0.000517104439336022
"San Diego","Rionegro",0.000527130984383955,0.000505761742033303,0.000516446363208629
"Calle 142","7 de Agosto",0.000326405730241279,0.000706462180730165,0.000516433955485722
"Country Sur","Perdomo",0.000531926780142956,0.000499795050184272,0.000515860915163614
"Banderas","Calle 26 - Atrio",0.000328220759084203,0.000698511007608039,0.000513365883346121
"Calle 106","Gobernacion",0.0009496697437017,7.36190875286132e-05,0.000511644415615157
"El Tiempo - Cámara De Comercio De Bogotá","Restrepo",0.000312407862375512,0.000709086908463522,0.000510747385419517
"Pradera - Plaza Central","Consuelo",0.000657879176364952,0.000363198506629227,0.00051053884149709
"Calle 85 - Gato Dumas","21 Ángeles",0.000748504952137842,0.000271322247317329,0.000509913599727586
"Granja - cra 77","Pradera - Plaza Central",0.000295198661084749,0.000724598827090533,0.000509898744087641
"Marsella","Avenida Chile",0.000728649282839792,0.000284008543266512,0.000506328913053152
"Ciudad Jardín - UAN","CAN - British Council",0.000883745534257984,0.000128846260586652,0.000506295897422318
"Boyacá","Av Américas - Av. Boyacá",0.00017998944328424,0.000828886578719615,0.000504438011001928
"Carrera 53","Pradera - Plaza Central",0.000675151304657992,0.000333071225776532,0.000504111265217262
"Ciudad Universitaria- Lotería de Bogotá","Socorro",0.000216115830377242,0.000790664228906005,0.000503390029641623
"Calle 100 - Marketmedios","Centro Memoria",0.000874100306293322,0.000132435791783397,0.000503268049038359
"Gratamira","7 de Agosto",0.00052503688571133,0.00048070032475294,0.000502868605232135
"Tygua-San José","Calle 76",0.000544799936397426,0.000456198215120893,0.00050049907575916
"Calle 106","CAD",0.000270384704335816,0.000729730116309006,0.000500057410322411
"Puentelargo","Centro Memoria",0.000400044442910044,0.000596513487389254,0.000498278965149649
"Carrera 47","Ricaurte",0.000522485182187022,0.00047352225391025,0.000498003718048636
"Suba - Calle 95","Calle 26 - Atrio",0.000669040112643254,0.000326449409243502,0.000497744760943378
"Paloquemao","Portal Tunal",0.000737050591320289,0.00025745662234594,0.000497253606833114
"Parque","Calle 26 - Atrio",0.000187963625819975,0.00080579257693508,0.000496878101377528
"Héroes - Colmena Seguros","21 Ángeles",0.000556781144488053,0.00043638970528395,0.000496585424886002
"Gratamira","Av. Rojas - UNISALESIANA",0.000362290813249037,0.00063079657353659,0.000496543693392814
"La Campiña","Carrera 47",0.000791491199728921,0.000201451558983328,0.000496471379356125
"Nariño","Flores",0.000279092378000806,0.00071195066661339,0.000495521522307098
"San Diego","Socorro",0.00047598173395196,0.000514438966214589,0.000495210350083274
"Universidades CityU","Socorro",0.00051153077000118,0.000478834461030884,0.000495182615516032
"Las Aguas - Centro Colombo Americano","Calle 85 - Gato Dumas",0.000587285561188762,0.000400716073693199,0.000494000817440981
"Calle 161","Carrera 47",0.000546667940177462,0.000439191573846889,0.000492929757012176
"Las Nieves","Normandia",0.000361619092252296,0.000624231990344736,0.000492925541298516
"San Martín","Distrito Grafiti",0.000802900423666694,0.000182040032502014,0.000492470228084354
"Minuto De Dios","Ciudad Universitaria- Lotería de Bogotá",0.000861691428139654,0.000120203801297806,0.00049094761471873
"Las Aguas - Centro Colombo Americano","Santa Lucía",0.000929517261474396,4.98715549810746e-05,0.000489694408227735
"Alcalá - Colegio S. Tomás Dominicos","Flores",0.000644184767463836,0.000333793275746506,0.000488989021605171
"Avenida 68","Av Américas - Av. Boyacá",0.000217176784740744,0.000755711305457905,0.000486444045099324
"San Victorino","Parque",0.000872094930367245,0.000100247338693596,0.00048617113453042
"Las Aguas - Centro Colombo Americano","Héroes - Colmena Seguros",0.00081740233324056,0.00015296650708489,0.000485184420162725
"Portal El Dorado – C.C Nuestro Bogotá","Concejo de Bogotá",0.000589639891649329,0.000379555151896276,0.000484597521772803
"NQS Calle 30 SUR","Marly",0.000707750081804049,0.00025852363097355,0.0004831368563888
"Museo Del Oro","Héroes - Colmena Seguros",0.000653768248834684,0.000312150175802965,0.000482959212318825
"Portal 20  de Julio","Av. 39",0.00073498305403182,0.000229947503198883,0.000482465278615352
"CAN - British Council","Venecia",0.000754462187230773,0.000207495816433682,0.000480979001832228
"Virrey - Cendiatra","La Campiña",0.000370559427358451,0.000591114234877954,0.000480836831118203
"Transversal 86","Calle 40 Sur",0.000738698103958275,0.000222044486221581,0.000480371295089928
"Modelia","Comuneros",0.000349049360308155,0.000610648407071881,0.000479848883690018
"Transversal 86","Parque",0.00072802347276308,0.000231517476857719,0.0004797704748104
"San Victorino","Avenida Chile",0.000798131244264118,0.000158376557035567,0.000478253900649842
"Las Nieves","Polo - FINCOMERCIO",0.000815941246735095,0.000138193250414292,0.000477067248574693
"Policarpa","7 de Agosto",0.000425970254459428,0.000528156723160893,0.00047706348881016
"Carrera 43 - Comapan","Consuelo",0.000828069491323123,0.000125992307682686,0.000477030899502905
"Pradera - Plaza Central","Molinos",0.00049178905875726,0.000461754767454307,0.000476771913105783
"CDS Carrera 32","Carrera 53",0.000640639262960035,0.000312896826464537,0.000476768044712286
"La Despensa","Santa Lucía",0.000746081790416997,0.000207346408835169,0.000476714099626083
"Biblioteca Tintal","Quinta Paredes",0.000876870407638566,7.09335523274192e-05,0.000473901979982993
"Centro Memoria","Socorro",0.000334536424354568,0.000612365551405962,0.000473450987880265
"Distrito Grafiti","Consuelo",0.00063820323332682,0.000306995986471421,0.000472599609899121
"Banderas","Av. 39",0.000256783086769755,0.000683197830919877,0.000469990458844816
"Calle 100 - Marketmedios","Paloquemao",0.000320483047362418,0.000619271702818319,0.000469877375090368
"El Tiempo - Cámara De Comercio De Bogotá","Venecia",0.000458407048002029,0.000481296171978445,0.000469851609990237
"Granja - cra 77","CAD",0.000233418448663918,0.000705676219996835,0.000469547334330377
"Niza - Calle 127","Calle 57",0.000628597959123666,0.000309595505098981,0.000469096732111323
"Alquería","Movistar Arena",0.000207886713641506,0.000728868069297305,0.000468377391469406
"Las Aguas - Centro Colombo Americano","Alquería",0.000763501518175829,0.000173030586389977,0.000468266052282903
"Calle 127","Normandia",0.000652470011978624,0.000282273446998379,0.000467371729488501
"Las Aguas - Centro Colombo Americano","El Tiempo - Cámara De Comercio De Bogotá",0.000887197104177114,4.72046437594942e-05,0.000467200873968304
"Av. Eldorado","Calle 40 Sur",0.000745252034739447,0.000189115849524084,0.000467183942131765
"De La Sabana","Virrey - Cendiatra",0.000330630786707523,0.000602751503695691,0.000466691145201607
"CAN - British Council","Olaya",0.000649241968060843,0.00028161899299752,0.000465430480529181
"Portal Sur - JFK Coop. Financiera","Fucha",0.000498783125442388,0.000431917722062875,0.000465350423752632
"Marsella","Calle 76",0.000230707472682394,0.000697739785447021,0.000464223629064707
"Ciudad Universitaria- Lotería de Bogotá","Venecia",0.00064097462310914,0.00028634926530798,0.00046366194420856
"Terreros - H. Cardiovascular","Biblioteca",0.0004875471998439,0.00043891578213761,0.000463231490990755
"Gobernacion","Quiroga",0.00069570436002752,0.000230724116863257,0.000463214238445388
"Portal Tunal","Calle 26 - Atrio",0.000152839722320522,0.000773214693039359,0.000463027207679941
"Toberín- Foundever","La Castellana",0.000365136254546629,0.000560910781079163,0.000463023517812896
"Sevillana","Universidad Nacional",0.000181327996965726,0.000744233478467839,0.000462780737716783
"CDS Carrera 32","Perdomo",0.000370550495244451,0.000553825895544259,0.000462188195394355
"La Campiña","Escuela Militar",0.000537368672156074,0.000386516858604383,0.000461942765380229
"La Despensa","Socorro",0.000538607840153091,0.000382341065615483,0.000460474452884287
"Minuto De Dios","Av. Eldorado",0.00074836796897548,0.000171450600045675,0.000459909284510578
"Humedal Córdoba","Marly",0.000624422282144769,0.000295134545235358,0.000459778413690063
"Héroes - Colmena Seguros","Guatoque - Veraguas",0.000387783654149506,0.000529747225146443,0.000458765439647975
"Toberín- Foundever","Ferias",0.000657057060443417,0.000260094755359739,0.000458575907901578
"Escuela Militar","Guatoque - Veraguas",0.000256830822416003,0.000659866564460567,0.000458348693438285
"Puente Aranda","Rionegro",0.000648161526109807,0.000268416893646923,0.000458289209878365
"Estación San Bernardo","Portal Usme",0.00060733600741818,0.000308755283195109,0.000458045645306644
"Puente Aranda","Consuelo",0.000676054003118359,0.000239920708843877,0.000457987355981118
"Calle 187","Granja - cra 77",0.000136963745628279,0.00077851305228404,0.000457738398956159
"San Diego","Virrey - Cendiatra",0.000860129641649668,5.50657559869311e-05,0.000457597698818299
"Calle 106","Corferias",0.000658842579746964,0.00025517920156154,0.000457010890654252
"Virrey - Cendiatra","Suba - Tv. 91",0.000665129974554056,0.000243213441153708,0.000454171707853882
"Transversal 86","San Mateo",0.000487563661682682,0.000418778596201635,0.000453171128942159
"Country Sur","Marsella",0.000731303850438091,0.000174327221001899,0.000452815535719995
"NQS Calle 75","Avenida Jiménez",0.000635552844873479,0.000269351607144883,0.000452452226009181
"Museo Del Oro","NQS Calle 75",0.000564365233676765,0.000339878339949857,0.000452121786813311
"Avenida Chile","Tygua-San José",0.000613364145650773,0.000290646028735034,0.000452005087192903
"Portal 20  de Julio","Ciudad Universitaria- Lotería de Bogotá",0.000825291175365444,7.8551997069231e-05,0.000451921586217337
"Héroes - Colmena Seguros","Marsella",0.000177831875167577,0.00072570605479653,0.000451768964982054
"Las Aguas - Centro Colombo Americano","NQS Calle 75",0.000648471050236036,0.000251896869891398,0.000450183960063717
"Ciudad Jardín - UAN","Av Américas - Av. Boyacá",0.00083819854595508,6.16308559165197e-05,0.0004499147009358
"Ferias","CAD",0.000723588776103884,0.000175713919291908,0.000449651347697896
"Socorro","Calle 22",0.000535253119636192,0.000362951144160732,0.000449102131898462
"La Campiña","Modelia",0.000432186983017386,0.000465585642513209,0.000448886312765297
"Country Sur","Quinta Paredes",0.000825684134486378,7.06323523052439e-05,0.000448158243395811
"Transversal 86","Biblioteca",0.000764353341823273,0.000131613215885794,0.000447983278854533
"Olaya","Marly",0.000412427712431234,0.000481514940504648,0.000446971326467941
"Portal El Dorado – C.C Nuestro Bogotá","Guatoque - Veraguas",0.000117696525787467,0.000776109300280094,0.000446902913033781
"Las Nieves","Rionegro",0.000273207688152763,0.000616046352394102,0.000444627020273432
"General Santander","7 de Agosto",0.000125453186934559,0.000761337340875069,0.000443395263904814
"Toberín- Foundever","Avenida 68",0.00050415432037096,0.000382296602078778,0.000443225461224869
"CAD","Consuelo",0.00034373784714896,0.000541924495135654,0.000442831171142307
"Av Américas - Av. Boyacá","Terreros - H. Cardiovascular",0.00025338554364228,0.000632082355107582,0.000442733949374931
"Biblioteca Tintal","Guatoque - Veraguas",0.000407385922471575,0.000477588938833518,0.000442487430652547
"Museo Del Oro","Virrey - Cendiatra",0.00026742904232731,0.000614762046307401,0.000441095544317356
"Portal 20  de Julio","Perdomo",0.000310852888953447,0.000564868770497953,0.0004378608297257
"Ciudad Jardín - UAN","C.C Paseo Villa Del Rio - Madelena",0.000608815896838807,0.00026630844986295,0.000437562173350878
"San Diego","Suba Calle 100",0.00024475003429394,0.000629582641684315,0.000437166337989128
"CAD","Suba Calle 100",0.000793956504756596,7.91466293356088e-05,0.000436551567046102
"Carrera 47","Av Américas - Av. Boyacá",0.000221005947369882,0.000651620226970672,0.000436313087170277
"Biblioteca Tintal","Corferias",0.000599303287315125,0.000272984005303891,0.000436143646309508
"San Diego","Av Américas - Av. Boyacá",0.000824254010234605,4.71812411581713e-05,0.000435717625696388
"Suba - Tv. 91","La Castellana",0.000768958155991603,0.000100733385465896,0.00043484577072875
"Las Nieves","Suba - Calle 95",0.00016379808157008,0.000705394460647458,0.000434596271108769
"Comuneros","Calle 76",0.000465653628907787,0.000399772619837852,0.000432713124372819
"Puente Aranda","Granja - cra 77",0.00029679067843786,0.000567253706015228,0.000432022192226544
"Distrito Grafiti","Molinos",0.000489778864958411,0.000373304578134931,0.000431541721546671
"Museo Nacional","Av Américas - Av. Boyacá",0.000836264748836622,2.67835922177531e-05,0.000431524170527188
"Portal Norte - Unicervantes ","Granja - cra 77",0.000263892313822787,0.000598036375568906,0.000430964344695846
"Calle 161","Héroes - Colmena Seguros",0.000336326621266364,0.000525147368814083,0.000430736995040224
"Quinta Paredes","Calle 40 Sur",0.000766825133103278,9.23779332475826e-05,0.00042960153317543
"Alquería","San Mateo",0.000512909430755037,0.00034419943661936,0.000428554433687198
"Puente Aranda","Molinos",0.000534536720867956,0.000320252450867509,0.000427394585867732
"Minuto De Dios","Av Américas - Av. Boyacá",0.000177464332601804,0.000676942247546608,0.000427203290074206
"Portal Sur - JFK Coop. Financiera","Paloquemao",0.000147323316611322,0.000706682380324515,0.000427002848467919
"Movistar Arena","Fucha",0.000548398872283037,0.000304221205979089,0.000426310039131063
"Museo Nacional","Alquería",0.000682739799594083,0.000169175681581721,0.000425957740587902
"De La Sabana","Danubio",0.000542904316311864,0.00030865475748253,0.000425779536897197
"Av. Rojas - UNISALESIANA","Nariño",0.000243389057795765,0.000607901970793634,0.0004256455142947
"Av. Primero de Mayo","Av Américas - Av. Boyacá",0.000706581060653569,0.000144450407969578,0.000425515734311573
"Modelia","Calle 22",0.000273961841437827,0.000575188573409467,0.000424575207423647
"Museo Del Oro","Venecia",0.000497534305802386,0.00035020827007254,0.000423871287937463
"Las Nieves","Calle 85 - Gato Dumas",0.000763979006411201,8.29621125173015e-05,0.000423470559464251
"Bicentenario","Av. Rojas - UNISALESIANA",0.000357286122680245,0.00048712575128529,0.000422205936982767
"CAD","Molinos",0.000297663955253307,0.000544892482095107,0.000421278218674207
"Virrey - Cendiatra","Portal Suba",0.000203251325151141,0.000636777424364489,0.000420014374757815
"Bicentenario","C.C Paseo Villa Del Rio - Madelena",0.000341402071658517,0.000498545410172783,0.00041997374091565
"Calle 100 - Marketmedios","Distrito Grafiti",0.000221855053806267,0.000616815470688342,0.000419335262247305
"Las Aguas - Centro Colombo Americano","Marsella",0.000654795452585093,0.000183730354270462,0.000419262903427777
"Calle 161","San Martín",0.000587610089227315,0.000250336275389686,0.0004189731823085
"Carrera 43 - Comapan","Molinos",0.000666594823050337,0.000170034792091956,0.000418314807571147
"La Despensa","Molinos",0.000250567472752976,0.000586012341500878,0.000418289907126927
"Pepe Sierra - Utel Universidad","CAN - British Council",0.00077937521339015,5.55243035883145e-05,0.000417449758489232
"Concejo de Bogotá","Biblioteca",0.000326059771967177,0.000508422084753686,0.000417240928360432
"Av Américas - Av. Boyacá","Flores",0.000276584245438132,0.000557802714320508,0.00041719347987932
"León XIII","Biblioteca",0.000760800184112615,7.19505102328866e-05,0.000416375347172751
"Portal 80","Gobernacion",0.00065371811481577,0.00017900752208926,0.000416362818452515
"Banderas","Socorro",0.000587574162142194,0.000243455584371749,0.000415514873256971
"San Facon Carrera 22","La Castellana",0.000602022727959723,0.000225875249515808,0.000413948988737766
"Carrera 53","Paloquemao",0.000764901109651914,6.15537554686687e-05,0.000413227432560291
"Concejo de Bogotá","Venecia",0.000607077136060915,0.000218557734921777,0.000412817435491346
"CDS Carrera 32","San Martín",0.000782613678528012,4.28037125747184e-05,0.000412708695551365
"Alcalá - Colegio S. Tomás Dominicos","Movistar Arena",0.000266718861663206,0.000557332858205719,0.000412025859934463
"Calle 161","Carrera 53",0.000683972336533142,0.000138382133764633,0.000411177235148888
"Av. Suba - Calle 116","Concejo de Bogotá",0.000358907204725099,0.000461733061174492,0.000410320132949796
"Portal El Dorado – C.C Nuestro Bogotá","Ricaurte",0.000255086720836745,0.000563910440411655,0.0004094985806242
"Calle 106","Terminal",0.000528489441517759,0.000289664152383227,0.000409076796950493
"Mandalay","Universidades CityU",0.000186920092279591,0.000630792528837776,0.000408856310558684
"Alquería","Av. 39",0.000392031357519955,0.000424526845228812,0.000408279101374383
"Calle 127","El Tiempo - Cámara De Comercio De Bogotá",0.000572040576586423,0.000244439414759931,0.000408239995673177
"Santa Lucía","Av. 39",0.000195154060010991,0.000618373375701562,0.000406763717856277
"Cl38A sur - CENTRO MAYOR","Terreros - H. Cardiovascular",0.000296816094949279,0.000516408155123991,0.000406612125036635
"Mandalay","7 de Agosto",0.000571751725821186,0.000240312616564211,0.000406032171192699
"Modelia","Santa Isabel",0.000279488917205343,0.000531782199889745,0.000405635558547544
"Av. Primero de Mayo","Marly",0.000712573567658769,9.71511422796071e-05,0.000404862354969188
"Universidades CityU","Parque",0.000242554471326268,0.000566548709856678,0.000404551590591473
"Ciudad Jardín - UAN","Calle 57",0.000755648100823172,5.17304074707231e-05,0.000403689254146948
"Niza - Calle 127","Ciudad Universitaria- Lotería de Bogotá",0.000144659603212678,0.000659986964410953,0.000402323283811815
"San Victorino","Portal Tunal",0.000660751611694029,0.000143690066874921,0.000402220839284475
"La Campiña","San Martín",0.000534741785739967,0.000269333207469961,0.000402037496604964
"San Facon Carrera 22","Virrey - Cendiatra",0.000433912219570483,0.000368952516427336,0.00040143236799891
"Museo Nacional","Carrera 53",0.000799662557219167,2.58407781009402e-06,0.00040112331751463
"Quinta Paredes","Sevillana",0.000642460184110401,0.000157479228682027,0.000399969706396214
"Portal Américas","Portal Tunal",0.000650976899842989,0.000145796418760903,0.000398386659301946
"San Martín","Tygua-San José",0.000164638885484922,0.000630516860031299,0.00039757787275811
"San Diego","Santa Lucía",0.000702881702633417,8.69632294212711e-05,0.000394922466027344
"Calle 106","Quinta Paredes",0.00073663529195025,5.22384893599069e-05,0.000394436890655078
"Boyacá","CAD",0.000513067746143005,0.00027350148249406,0.000393284614318533
"Portal El Dorado – C.C Nuestro Bogotá","Marly",0.000468346162761061,0.000317769944253601,0.000393058053507331
"Calle 187","Av. Suba - Calle 116",0.000553182185947527,0.000228693625495631,0.000390937905721579
"Portal Suba","Carrera 53",0.000667447883479921,0.000113029762783522,0.000390238823131721
"Carrera 53","Calle 22",0.000559242113315584,0.000221061102987321,0.000390151608151453
"Las Nieves","Escuela Militar",0.000501109976982723,0.000278673651448542,0.000389891814215633
"San Diego","Normandia",0.000494121509652051,0.000284504832298877,0.000389313170975464
"Portal Américas","Santa Isabel",0.000295643167469949,0.000482583975503419,0.000389113571486684
"San Facon Carrera 22","Escuela Militar",0.000618641862739304,0.000158108097308212,0.000388374980023758
"Toberín- Foundever","Rionegro",0.000551334096008057,0.000222279116988461,0.000386806606498259
"Banderas","7 de Agosto",0.000371523484586816,0.000401889510928256,0.000386706497757536
"Marsella","Consuelo",0.000567868017170359,0.000205416752270974,0.000386642384720667
"Policarpa","C.C Paseo Villa Del Rio - Madelena",0.000457781798759844,0.000314345579221251,0.000386063688990547
"Quirigua","Flores",0.00054611203298212,0.000225246916966099,0.000385679474974109
"Avenida Cali","Calle 57",0.000593624025837944,0.000177034265424755,0.00038532914563135
"Portal Suba","Portal El Dorado – C.C Nuestro Bogotá",0.000469076671761155,0.00030131066279585,0.000385193667278503
"Suba - Tv. 91","NQS Calle 75",0.000458227906195615,0.000307746845647522,0.000382987375921569
"Av Américas - Av. Boyacá","León XIII",0.000565402164579609,0.000199184741772612,0.00038229345317611
"De La Sabana","Normandia",0.000514933561356064,0.00024889952027599,0.000381916540816027
"Universidades CityU","Molinos",0.00043250777582246,0.000331000379889808,0.000381754077856134
"Fucha","Flores",0.000146742936949658,0.000616547483940761,0.000381645210445209
"Calle 100 - Marketmedios","Ricaurte",0.000150665204829903,0.000612118349795104,0.000381391777312503
"Transversal 86","Ciudad Universitaria- Lotería de Bogotá",0.000686762381650154,7.13707481693465e-05,0.00037906656490975
"Estación San Bernardo","Flores",0.000713946452982024,4.34746238110735e-05,0.000378710538396549
"Portal Norte - Unicervantes ","Portal 80",0.000172638488275845,0.000583907044555043,0.000378272766415444
"Av. Rojas - UNISALESIANA","Sevillana",0.000242552664625786,0.000512771024352511,0.000377661844489148
"Perdomo","Nariño",0.000472148270741486,0.000283141539590598,0.000377644905166042
"Calle 161","NQS Calle 75",0.000251136720837755,0.000503988161399064,0.00037756244111841
"Av Américas - Av. Boyacá","Calle 76",0.000158995779459199,0.000594464723455937,0.000376730251457568
"21 Ángeles","Avenida Chile",0.000596199203315316,0.000155953668878231,0.000376076436096774
"Campin - UAN","Quiroga",0.000231455663396565,0.000520060118514485,0.000375757890955525
"NQS Calle 75","Tygua-San José",0.000380611673911171,0.000367121761546637,0.000373866717728904
"La Despensa","Calle 40 Sur",0.000530932664988581,0.000216073420389273,0.000373503042688927
"Movistar Arena","Restrepo",0.000467556075125476,0.000279259204667251,0.000373407639896364
"La Despensa","Danubio",0.000138554155386117,0.000608237997505092,0.000373396076445604
"San Facon Carrera 22","Transversal 86",0.000521045949242037,0.000225611458682489,0.000373328703962263
"Alcalá - Colegio S. Tomás Dominicos","Campin - UAN",0.000173274993813377,0.000572722644598171,0.000372998819205774
"Olaya","Calle 57",0.000229034500772075,0.000513047290100483,0.000371040895436279
"San Victorino","NQS Calle 75",0.000518246291717839,0.000223278823051642,0.000370762557384741
"Portal Américas","Modelia",0.000443706873106859,0.000297053338732949,0.000370380105919904
"CAD","Socorro",0.000476687823534683,0.000263095112755885,0.000369891468145284
"Distrito Grafiti","Bosa",0.000282484438207886,0.000457292401998361,0.000369888420103123
"Ciudad Universitaria- Lotería de Bogotá","Santa Lucía",0.000412561066681549,0.000327073099590948,0.000369817083136249
"Toberín- Foundever","Carrera 90",0.000423330377091775,0.000314223635123585,0.00036877700610768
"Quirigua","Corferias",0.000322813096860893,0.000414713263260521,0.000368763180060707
"Av. Suba - Calle 116","Av. Eldorado",0.000579851605322865,0.000156001349226883,0.000367926477274874
"San Diego","Carrera 47",0.000715715714733005,1.57789563844246e-05,0.000365747335558715
"CAD","Biblioteca",0.000565873384439008,0.000164582273184084,0.000365227828811546
"Las Nieves","Venecia",0.000557935726462117,0.000172206182245889,0.000365070954354003
"Campin - UAN","Olaya",0.000397982918871347,0.00033035865868564,0.000364170788778493
"Pepe Sierra - Utel Universidad","CAD",0.000173591920594976,0.000554028825300131,0.000363810372947553
"Portal Suba","Suba Calle 100",0.000706412708485927,2.07508490937876e-05,0.000363581778789857
"Av. Suba - Calle 116","Av. 39",0.000440264396720091,0.000284246037705453,0.000362255217212772
"Ferias","Calle 22",0.000183636896280616,0.00053819768015608,0.000360917288218348
"Gobernacion","Sevillana",0.00058629275336326,0.000135470215557537,0.000360881484460399
"Av Américas - Av. Boyacá","Consuelo",0.000513812095651091,0.00020745892484711,0.0003606355102491
"Av. Rojas - UNISALESIANA","C.C Paseo Villa Del Rio - Madelena",0.000150702335659594,0.000569027006606662,0.000359864671133128
"Ferias","Centro Memoria",0.000484582369880303,0.00023342261283031,0.000359002491355307
"Normandia","NQS Calle 30 SUR",0.000345578270479509,0.000372320517666392,0.000358949394072951
"Prado","Calle 57",0.000373004141248866,0.000343107106234769,0.000358055623741818
"Carrera 43 - Comapan","Rionegro",0.000607406945148324,0.000108666200920907,0.000358036573034616
"21 Ángeles","Av. Rojas - UNISALESIANA",0.000214645920369392,0.00049995091772025,0.000357298419044821
"Zona Industrial","Rionegro",0.000555738032097404,0.000158691868696671,0.000357214950397037
"Sevillana","Campin - UAN",9.68380187151765e-05,0.000616149725996789,0.000356493872355983
"Calle 106","Ciudad Universitaria- Lotería de Bogotá",0.000635295154004366,7.70823107700822e-05,0.000356188732387224
"Puente Aranda","Calle 100 - Marketmedios",0.000309470199815846,0.000402754284441728,0.000356112242128787
"Av Américas - Av. Boyacá","Avenida Chile",0.000518442659252092,0.00019359861552019,0.000356020637386141
"Restrepo","Flores",0.000122084814524079,0.000584863309056335,0.000353474061790207
"Granja - cra 77","Ciudad Universitaria- Lotería de Bogotá",0.000547772882390147,0.000158419580997803,0.000353096231693975
"Venecia","Calle 26 - Atrio",0.000372075424759016,0.000332443619296555,0.000352259522027785
"Museo Del Oro","Parque",0.000531149286233611,0.000173023172316801,0.000352086229275206
"Portal Américas","Av. Rojas - UNISALESIANA",0.000451106121499054,0.000252908513086634,0.000352007317292844
"Las Aguas - Centro Colombo Americano","Socorro",0.000674661690445273,2.79665413893063e-05,0.00035131411591729
"San Martín","Ricaurte",0.000481545034279437,0.000218935172183208,0.000350240103231323
"San Victorino","Sevillana",0.000499001457905554,0.000201431756637543,0.000350216607271548
"Perdomo","Hortúa",0.000332921541740421,0.000365990252871327,0.000349455897305874
"Escuela Militar","Marsella",0.00025441645337849,0.000440645625676564,0.000347531039527527
"Banderas","Marly",0.000178436659060602,0.000516347093820287,0.000347391876440444
"Salitre El Greco - Vive Claro","Sevillana",0.000443391671737177,0.000250411720235644,0.00034690169598641
"Molinos","Calle 22",0.000397711601662489,0.000296058706777227,0.000346885154219858
"Museo Nacional","Suba - Calle 95",0.000590250095448775,0.000102086469182515,0.000346168282315645
"Bicentenario","Mandalay",0.000572980265868231,0.000119244825504627,0.000346112545686429
"Gobernacion","Calle 40 Sur",0.000513629602037044,0.000178245633592113,0.000345937617814579
"21 Ángeles","El Tiempo - Cámara De Comercio De Bogotá",0.000137967139590675,0.000553814619056904,0.00034589087932379
"Country Sur","Av Américas - Av. Boyacá",0.000565868381023285,0.000124949322163977,0.000345408851593631
"CDS Carrera 32","Calle 100 - Marketmedios",0.000241284848657449,0.000448765061837785,0.000345024955247617
"Gratamira","El Tiempo - Cámara De Comercio De Bogotá",0.000248680473187035,0.000440632466442346,0.00034465646981469
"Banderas","Centro Memoria",0.000533861147799251,0.000155242243824484,0.000344551695811867
"Portal Norte - Unicervantes ","Carrera 90",0.000207892151924056,0.000480021298544667,0.000343956725234362
"Perdomo","Paloquemao",0.000227806805155908,0.000459203804294238,0.000343505304725073
"Pepe Sierra - Utel Universidad","Gobernacion",0.000635699980551581,4.80007227821112e-05,0.000341850351666846
"San Diego","Consuelo",0.000386903539691421,0.000296546663795825,0.000341725101743623
"Museo Del Oro","Av. Rojas - UNISALESIANA",0.000511458222001286,0.000171878473181931,0.000341668347591608
"NQS Calle 30 SUR","León XIII",0.000322720648296016,0.00035888678108974,0.000340803714692878
"Héroes - Colmena Seguros","Hortúa",0.000120067415059903,0.000561530115480148,0.000340798765270025
"Virrey - Cendiatra","Pradera - Plaza Central",0.0002717711427071,0.000409321545025409,0.000340546343866255
"Mandalay","Flores",0.000130103994018282,0.000550121856978642,0.000340112925498462
"Centro Memoria","Biblioteca",0.000366010208505046,0.00031059297316604,0.000338301590835543
"Portal 80","Flores",0.000369860897000094,0.000306181937687519,0.000338021417343807
"Granja - cra 77","Marsella",0.000206402604687717,0.00046938099149492,0.000337891798091319
"CDS Carrera 32","Portal Américas",0.000175980051529266,0.00049905845280142,0.000337519252165343
"Biblioteca Tintal","Portal Tunal",0.000496774843900207,0.000178195787012654,0.000337485315456431
"Transversal 86","Santa Lucía",0.000565503883335975,0.000108989454044888,0.000337246668690432
"Portal 80","Universidad Nacional",0.000200056286632608,0.000473622205544281,0.000336839246088444
"San Victorino","Héroes - Colmena Seguros",0.000551136273350657,0.000120187922308782,0.000335662097829719
"Rionegro","Distrito Grafiti",0.000478442740197918,0.000190938266487205,0.000334690503342561
"Carrera 43 - Comapan","Portal Américas",0.000458857316252805,0.000209364760939044,0.000334111038595924
"NQS Calle 30 SUR","Calle 57",0.000428298119046421,0.000239380886389779,0.0003338395027181
"Transversal 86","7 de Agosto",0.000209639052396214,0.000457550085369434,0.000333594568882824
"Av. Primero de Mayo","Perdomo",0.000381652360776155,0.000285012551625673,0.000333332456200914
"Pepe Sierra - Utel Universidad","Av. 39",0.000437986280774153,0.000225173350702292,0.000331579815738222
"Salitre El Greco - Vive Claro","Quiroga",0.000312448632016864,0.00034793603862438,0.000330192335320622
"Suba - Av. Boyacá","Movistar Arena",0.000407702747658036,0.000252671767267038,0.000330187257462537
"Avenida 68","Paloquemao",0.000514614489735134,0.000145745060763475,0.000330179775249305
"Minuto De Dios","Concejo de Bogotá",0.000471528997964777,0.000188821062908915,0.000330175030436846
"Virrey - Cendiatra","Universidades CityU",0.000448288287698341,0.000210540386989045,0.000329414337343693
"Las Aguas - Centro Colombo Americano","Virrey - Cendiatra",0.000334572490126117,0.000322757558113863,0.00032866502411999
"Estación San Bernardo","Avenida Chile",0.000260059960355058,0.00039706714311344,0.000328563551734249
"CDS Carrera 32","Avenida 68",0.000442288547197728,0.000214155655702659,0.000328222101450193
"Las Aguas - Centro Colombo Americano","Molinos",0.000579077260224675,7.72863890654126e-05,0.000328181824645044
"De La Sabana","Avenida 68",0.000149076072357281,0.000506543800796437,0.000327809936576859
"Portal 20  de Julio","Marsella",0.000440895653081592,0.000214421072036087,0.00032765836255884
"Av. Suba - Calle 116","Centro Memoria",0.000217880823461742,0.000436883191449649,0.000327382007455695
"Las Aguas - Centro Colombo Americano","Consuelo",0.000585217938937089,6.89652329038594e-05,0.000327091585920474
"Marsella","Molinos",0.000408907489889719,0.000244485710341651,0.000326696600115685
"Ferias","Marsella",0.000238700424819753,0.000413309322737379,0.000326004873778566
"Quiroga","Marly",0.000215771972935866,0.000435948941970657,0.000325860457453262
"Biblioteca Tintal","Quiroga",0.000286666044665477,0.000362443261019255,0.000324554652842366
"San Martín","Pradera - Plaza Central",0.000483757438059606,0.000165248265341001,0.000324502851700303
"Country Sur","Portal Sur - JFK Coop. Financiera",0.00031354552429484,0.000334809295177378,0.000324177409736109
"Bicentenario","Avenida Chile",0.000368656189659932,0.000279058411467346,0.000323857300563639
"Pepe Sierra - Utel Universidad","Corferias",0.00042973927804812,0.000217958984430469,0.000323849131239294
"Quirigua","CAD",7.98479849235674e-05,0.000567044979659672,0.00032344648229162
"Estación San Bernardo","C.C Paseo Villa Del Rio - Madelena",0.000406986531590679,0.000239721709581675,0.000323354120586177
"Boyacá","Mandalay",0.000115914039248889,0.000530706527405176,0.000323310283327033
"Corferias","Consuelo",0.000148530149889885,0.000496265742261186,0.000322397946075535
"Quirigua","Av. Eldorado",0.000145459663080143,0.000499137258153687,0.000322298460616915
"Biblioteca Tintal","Universidad Nacional",0.000182795265682494,0.000459811047684536,0.000321303156683515
"Museo Nacional","Normandia",0.000542841421858606,9.84148745958765e-05,0.000320628148227241
"Normandia","Alquería",0.000239086768857333,0.000399150521838367,0.00031911864534785
"21 Ángeles","Calle 76",0.000316488889009275,0.000321691496148872,0.000319090192579073
"Toberín- Foundever","Carrera 47",0.000310968705126989,0.000326638116585254,0.000318803410856121
"Universidades CityU","Consuelo",0.000439613193801133,0.000196947642358412,0.000318280418079773
"Humedal Córdoba","Ciudad Universitaria- Lotería de Bogotá",0.000259189848811081,0.000376341342484137,0.000317765595647609
"Terminal","Av. Suba - Calle 116",0.000290501361998246,0.000342012819466797,0.000316257090732521
"Estación San Bernardo","El Tiempo - Cámara De Comercio De Bogotá",0.000555432598927492,7.63041285618958e-05,0.000315868363744694
"Las Aguas - Centro Colombo Americano","Polo - FINCOMERCIO",0.000594784776600324,3.47785738226083e-05,0.000314781675211466
"Pradera - Plaza Central","La Castellana",0.00048041138840686,0.000147583080224047,0.000313997234315454
"Museo Nacional","Suba Calle 100",0.000453482577659494,0.00017366618903559,0.000313574383347542
"Av. Primero de Mayo","CAN - British Council",0.000525209059470759,0.000100771972947418,0.000312990516209088
"Biblioteca Tintal","Campin - UAN",0.000162712366546483,0.000461423993755339,0.000312068180150911
"Bicentenario","NQS Calle 75",0.000235123676657693,0.000388715103890171,0.000311919390273932
"CAN - British Council","Sevillana",0.000511074814290418,0.000112198502431326,0.000311636658360872
"Carrera 43 - Comapan","Portal Sur - JFK Coop. Financiera",0.000435008882842321,0.000186330349002458,0.000310669615922389
"Centro Memoria","Venecia",0.000461179481660326,0.000159303875982056,0.000310241678821191
"Calle 85 - Gato Dumas","Guatoque - Veraguas",0.000283589741182825,0.000336836648238883,0.000310213194710854
"Museo Del Oro","Danubio",0.000425251622879755,0.000194965787608226,0.000310108705243991
"Ciudad Jardín - UAN","Salitre El Greco - Vive Claro",0.00055150076850302,6.86361670975156e-05,0.000310068467800268
"Mazurén","Avenida Chile",0.000373778117282087,0.000245675422534228,0.000309726769908158
"Suba - Tv. 91","Av. Rojas - UNISALESIANA",0.000183731899068881,0.000434881321636545,0.000309306610352713
"Prado","Modelia",0.000263610162053486,0.000354079818464223,0.000308844990258854
"Las Aguas - Centro Colombo Americano","Biblioteca",0.000581644970168198,3.45418018017414e-05,0.00030809338598497
"Concejo de Bogotá","Socorro",0.000279091866705122,0.000335854216049047,0.000307473041377084
"Av Américas - Av. Boyacá","Molinos",0.00036635254093849,0.000247980336951373,0.000307166438944931
"Toberín- Foundever","Escuela Militar",0.000276205687275595,0.000337202843381645,0.00030670426532862
"Portal Américas","Comuneros",0.0002423227856746,0.000370304794784708,0.000306313790229654
"Granja - cra 77","Av. 39",0.0002239389937399,0.000388618766025925,0.000306278879882913
"Quirigua","Quinta Paredes",0.000497699425437928,0.000114206622821979,0.000305953024129954
"Humedal Córdoba","Universidad Nacional",0.000559388355049231,5.18505538130616e-05,0.000305619454431146
"De La Sabana","La Castellana",0.000436952285944006,0.000173698696146909,0.000305325491045457
"San Martín","Universidades CityU",0.000414162012815499,0.000195937021791127,0.000305049517303313
"Consuelo","Calle 22",0.000426675652359065,0.000183232776828342,0.000304954214593704
"Biblioteca Tintal","Av. Eldorado",0.000187433503826372,0.00041920480867472,0.000303319156250546
"Calle 127","Salitre El Greco - Vive Claro",0.000473833471671382,0.000131485520942468,0.000302659496306925
"Av. Rojas - UNISALESIANA","Fucha",0.000181196847301266,0.000421889058915073,0.000301542953108169
"Portal Américas","Portal El Dorado – C.C Nuestro Bogotá",0.000378103025958962,0.000224574197763682,0.000301338611861322
"Mandalay","San Mateo",0.000241308147731573,0.000361041354450121,0.000301174751090847
"San Victorino","Normandia",0.000257796107055492,0.000343770396453162,0.000300783251754327
"Calle 127","Av. Eldorado",0.000210257849394979,0.000390834778952038,0.000300546314173508
"Marsella","NQS Calle 75",0.000433744437067857,0.000167004181006438,0.000300374309037148
"Marsella","Terreros - H. Cardiovascular",0.000179417512308303,0.00041988573751721,0.000299651624912756
"La Despensa","Quiroga",0.000292210733439298,0.000304715840802223,0.000298463287120761
"Gratamira","Salitre El Greco - Vive Claro",0.000152293172173539,0.000444599523810807,0.000298446347992173
"Avenida Cali","CAD",0.000163222118265624,0.0004324752907209,0.000297848704493262
"Suba - Av. Boyacá","CAN - British Council",0.000192144898564262,0.000403456050292148,0.000297800474428205
"Estación San Bernardo","Mandalay",0.000560923477886322,3.4475491931413e-05,0.000297699484908867
"Museo Nacional","Calle 100 - Marketmedios",0.000557256803703862,3.70124395350071e-05,0.000297134621619435
"Calle 142","Flores",0.000394452203441517,0.00019824975858183,0.000296350981011673
"Portal Suba","Carrera 47",0.000391430357773748,0.000200478222169805,0.000295954289971777
"San Diego","Suba - Calle 95",0.000317349368314596,0.000274462317775206,0.000295905843044901
"Portal El Dorado – C.C Nuestro Bogotá","Av. 39",0.000273867132852824,0.000317374622357175,0.000295620877604999
"7 de Agosto","Nariño",0.000367327032471071,0.000220123549200463,0.000293725290835767
"Venecia","Movistar Arena",0.000111798835278757,0.000474709767141572,0.000293254301210165
"Modelia","Avenida Jiménez",0.000138667612207652,0.000445472878573823,0.000292070245390737
"Carrera 47","Universidades CityU",0.000335336514362172,0.000248767431362599,0.000292051972862385
"Calle 85 - Gato Dumas","Marsella",0.000144618085654483,0.000439471570151829,0.000292044827903156
"C.C Paseo Villa Del Rio - Madelena","Avenida Jiménez",0.000233861343848049,0.000346576447526349,0.000290218895687199
"Granja - cra 77","Av Américas - Av. Boyacá",0.000177330115581688,0.000401190957553193,0.000289260536567441
"21 Ángeles","Salitre El Greco - Vive Claro",7.88969209495269e-05,0.000498844954130897,0.000288870937540212
"San Diego","Molinos",0.000365966145867751,0.000210915858707269,0.00028844100228751
"Suba Calle 100","Calle 26 - Atrio",0.000517808691557433,5.90538457806829e-05,0.000288431268669058
"Boyacá","Calle 22",0.000125423779443466,0.000449055302232325,0.000287239540837896
"Universidades CityU","La Castellana",0.000522267873947385,5.20069453320804e-05,0.000287137409639733
"Puentelargo","CAD",0.000424322601967178,0.000145607670453669,0.000284965136210423
"Escuela Militar","Av Américas - Av. Boyacá",0.000184469722120734,0.000385279998071664,0.000284874860096199
"Normandia","Universidades CityU",0.000207345396664728,0.000362157002173459,0.000284751199419094
"Calle 100 - Marketmedios","Calle 22",0.000329768181995953,0.000239560666943438,0.000284664424469695
"Av. Primero de Mayo","Portal Sur - JFK Coop. Financiera",0.000225320760446963,0.000343982005753137,0.00028465138310005
"Corferias","C.C Paseo Villa Del Rio - Madelena",0.000251815321419971,0.000317330030336837,0.000284572675878404
"Polo - FINCOMERCIO","Marsella",0.000217666769057015,0.000349835416690043,0.000283751092873529
"El Tiempo - Cámara De Comercio De Bogotá","Sevillana",0.000330199713953501,0.000236399811465695,0.000283299762709598
"Héroes - Colmena Seguros","Tygua-San José",0.000334332738038032,0.000231873900980335,0.000283103319509184
"Museo Del Oro","Polo - FINCOMERCIO",0.000492494807391915,7.37026891608883e-05,0.000283098748276402
"Portal Américas","Normandia",0.000468768988934889,9.71947217674004e-05,0.000282981855351145
"Transversal 86","Olaya",0.000447191258155635,0.000118421969321171,0.000282806613738403
"Terreros - H. Cardiovascular","Santa Lucía",0.00026478243568879,0.000299695760907392,0.000282239098298091
"Calle 85 - Gato Dumas","Suba - Tv. 91",0.000414278572199988,0.000150041444106559,0.000282160008153273
"Carrera 53","Marsella",0.000306476227916975,0.000257064438253043,0.000281770333085009
"Ferias","Av Américas - Av. Boyacá",0.000189967215717952,0.000372243240160101,0.000281105227939027
"Normandia","Nariño",0.00010518024827912,0.000456401299672633,0.000280790773975876
"CAN - British Council","Quiroga",0.000453735169954662,0.000107376636810267,0.000280555903382465
"Las Nieves","La Castellana",0.00054181898011942,1.89467910191437e-05,0.000280382885569282
"Biblioteca Tintal","Calle 40 Sur",0.000375048897617066,0.000185655547959018,0.000280352222788042
"Suba - Calle 95","Calle 22",0.000364527247561514,0.000195319652169905,0.000279923449865709
"Transversal 86","Tygua-San José",0.000403739376166202,0.000151758973486986,0.000277749174826594
"Portal Suba","Suba - Calle 95",0.000519613342462505,3.50293269684118e-05,0.000277321334715459
"Marsella","León XIII",0.000401148312127544,0.000153488131062163,0.000277318221594854
"Portal Américas","Parque",0.000403996634120383,0.000149509806204422,0.000276753220162402
"Prado","Av. Rojas - UNISALESIANA",0.000260373284164982,0.00029250876475558,0.000276441024460281
"Socorro","Calle 26 - Atrio",0.00033455694303493,0.000217728176466769,0.00027614255975085
"Cl38A sur - CENTRO MAYOR","Marly",0.00040024655371381,0.000151727125484291,0.000275986839599051
"Las Nieves","Parque",0.00047604600126101,7.52601700312925e-05,0.000275653085646151
"Ferias","Mandalay",0.000118014135644815,0.000431919583438365,0.00027496685954159
"Héroes - Colmena Seguros","Comuneros",0.000294640292362528,0.000255080027355909,0.000274860159859218
"Museo Del Oro","Sevillana",0.000291997226299427,0.000257296565987616,0.000274646896143522
"San Facon Carrera 22","Danubio",0.000474429205525753,7.28106049252661e-05,0.00027361990522551
"Banderas","Calle 57",0.000148714465939699,0.000398327481904406,0.000273520973922053
"Zona Industrial","Portal Sur - JFK Coop. Financiera",0.000351075196530453,0.000194975623395938,0.000273025409963195
"San Victorino","Mandalay",0.000471178095440512,7.48597375768753e-05,0.000273018916508694
"Av Américas - Av. Boyacá","San Mateo",0.000127604289450125,0.000417798992423888,0.000272701640937006
"Portal Norte - Unicervantes ","Virrey - Cendiatra",0.000175719882950356,0.00036917242472538,0.000272446153837868
"Bicentenario","Calle 76",0.000388658405752335,0.000155524180169635,0.000272091292960985
"Sevillana","Calle 22",0.000334483337951897,0.000209480705545104,0.0002719820217485
"Carrera 47","Avenida Jiménez",0.000263479963285808,0.00027984970105293,0.000271664832169369
"Rionegro","Tygua-San José",9.87060628798136e-05,0.00044314994671222,0.000270928004796017
"Salitre El Greco - Vive Claro","Calle 40 Sur",0.000244772317451994,0.000296333668050802,0.000270552992751398
"Carrera 90","Av. Eldorado",0.000213154871273122,0.000327761558057687,0.000270458214665404
"San Mateo","Biblioteca",0.000288445746285799,0.000252372671013858,0.000270409208649829
"Calle 146","7 de Agosto",0.000194140652793288,0.000346518872719633,0.000270329762756461
"Mandalay","Consuelo",0.000402434035806192,0.000137340681129701,0.000269887358467946
"Terreros - H. Cardiovascular","Quiroga",9.37728611303306e-05,0.000445779158693485,0.000269776009911908
"Bosa","Olaya",0.000294129567013433,0.000244946139598008,0.00026953785330572
"Calle 85 - Gato Dumas","Comuneros",0.000216981484258702,0.000322014356173662,0.000269497920216182
"General Santander","San Mateo",0.000304573713562008,0.000232148372768635,0.000268361043165322
"San Facon Carrera 22","San Martín",0.00051915865651393,1.69162669594982e-05,0.000268037461736714
"Minuto De Dios","CAD",0.00036170297772643,0.000172719902014559,0.000267211439870494
"Avenida 68","Mandalay",0.000127914604851509,0.000406230112712035,0.000267072358781772
"Gratamira","Flores",0.00036434511842179,0.000169773986206123,0.000267059552313957
"León XIII","Santa Lucía",0.000478212545252678,5.56542977460847e-05,0.000266933421499381
"Las Aguas - Centro Colombo Americano","Av Américas - Av. Boyacá",0.000431155655452161,0.000101790010960754,0.000266472833206457
"Carrera 43 - Comapan","Calle 100 - Marketmedios",0.000296896804187447,0.000231981613085049,0.000264439208636248
"San Facon Carrera 22","C.C Paseo Villa Del Rio - Madelena",0.000423541600968028,0.000104057462264889,0.000263799531616459
"Pepe Sierra - Utel Universidad","Quinta Paredes",0.000485398398811932,4.0717039319863e-05,0.000263057719065897
"Portal 20  de Julio","Portal Sur - JFK Coop. Financiera",0.000183455810054561,0.000342559618193339,0.00026300771412395
"Av. Rojas - UNISALESIANA","Restrepo",0.000167665558527322,0.000357969449399398,0.00026281750396336
"Suba - Tv. 91","Polo - FINCOMERCIO",0.000405979380591909,0.000119534758946286,0.000262757069769098
"Las Nieves","Mandalay",0.000427342944994286,9.72896801977896e-05,0.000262316312596038
"CDS Carrera 32","Portal El Dorado – C.C Nuestro Bogotá",0.000413262379605136,0.000109515104879596,0.000261388742242366
"Ciudad Universitaria- Lotería de Bogotá","Sevillana",0.00039489992590567,0.000126031562561331,0.0002604657442335
"De La Sabana","C.C Paseo Villa Del Rio - Madelena",0.000264200352166722,0.000256605850469083,0.000260403101317902
"Quiroga","Calle 57",0.000121719479154488,0.000399028543280676,0.000260374011217582
"Calle 187","Portal 80",0.000100256578055707,0.000417714216871637,0.000258985397463672
"Banderas","Consuelo",0.000336207387726894,0.000181693677659096,0.000258950532692995
"Rionegro","Universidades CityU",0.000261796777024825,0.00025435015255472,0.000258073464789772
"Héroes - Colmena Seguros","Suba - Tv. 91",0.000311120700766463,0.00020489215124671,0.000258006426006586
"Portal Sur - JFK Coop. Financiera","Nariño",0.000281463450161624,0.000233917285994481,0.000257690368078052
"Museo Nacional","Santa Lucía",0.0004950142537977,2.02467513975234e-05,0.000257630502597612
"Policarpa","Mandalay",0.000479518876859396,3.43530292423024e-05,0.000256935953050849
"Prado","Portal El Dorado – C.C Nuestro Bogotá",0.000245439057272834,0.000267652849202497,0.000256545953237666
"Zona Industrial","Calle 100 - Marketmedios",0.000278072517284406,0.000234066970966389,0.000256069744125398
"Country Sur","Campin - UAN",0.000238576034201813,0.000272765927920465,0.000255670981061139
"Niza - Calle 127","Quinta Paredes",0.00024253137894661,0.000267893287420277,0.000255212333183444
"Biblioteca Tintal","Parque",0.000330263697513624,0.000180019725370329,0.000255141711441977
"Modelia","Alquería",0.000116049041757275,0.000392565033856673,0.000254307037806974
"Escuela Militar","Tygua-San José",0.000195802038182856,0.000310582761976732,0.000253192400079794
"Universidad Nacional","Calle 40 Sur",0.000375015895960113,0.000131003921540784,0.000253009908750448
"Las Aguas - Centro Colombo Americano","Av. Rojas - UNISALESIANA",0.000439343631978711,6.53572004585302e-05,0.00025235041621862
"Virrey - Cendiatra","Avenida Jiménez",0.000261988319069574,0.000242531432160906,0.00025225987561524
"Corferias","Santa Lucía",0.0004279487594702,7.61561589490251e-05,0.000252052459209613
"Toberín- Foundever","Carrera 53",0.000393039769646639,0.000111034649801998,0.000252037209724319
"Las Nieves","Suba Calle 100",0.000127025455901171,0.000376635243320642,0.000251830349610906
"San Martín","Guatoque - Veraguas",0.000210933929744153,0.0002919296807828,0.000251431805263477
"Transversal 86","Restrepo",0.000369123385438537,0.000133275613684715,0.000251199499561626
"CDS Carrera 32","Rionegro",0.000463057652859977,3.83497529249573e-05,0.000250703702892467
"Portal Norte - Unicervantes ","Suba Calle 100",0.000447398079899238,5.33710988704629e-05,0.000250384589384851
"Transversal 86","Concejo de Bogotá",0.000456511382297792,4.27333371545578e-05,0.000249622359726175
"Las Nieves","Portal Tunal",0.000368035009254677,0.000131057804376764,0.00024954640681572
"Portal 20  de Julio","Av Américas - Av. Boyacá",0.000343235509066316,0.000155087024026267,0.000249161266546291
"Country Sur","Gobernacion",0.000474251305154618,2.34017010836643e-05,0.000248826503119141
"Suba - Av. Boyacá","Gobernacion",0.000128239941282331,0.000368587142145903,0.000248413541714117
"Portal 20  de Julio","Quinta Paredes",0.000450570466827803,4.57796673350707e-05,0.000248175067081437
"Calle 106","Concejo de Bogotá",0.000432250236238302,6.24998026094702e-05,0.000247375019423886
"Biblioteca","Av. 39",0.000117253630849622,0.000377170896763952,0.000247212263806787
"Portal Américas","El Tiempo - Cámara De Comercio De Bogotá",0.000411319468044969,8.25525756367258e-05,0.000246936021840848
"Concejo de Bogotá","Portal Tunal",0.000164569636877777,0.000327940302682467,0.000246254969780122
"El Tiempo - Cámara De Comercio De Bogotá","Quiroga",0.000165519812989555,0.000325182541943025,0.00024535117746629
"La Campiña","7 de Agosto",8.49616899913388e-05,0.000405706297678145,0.000245333993834742
"Transversal 86","Avenida Chile",0.000105104686404309,0.000384698620794923,0.000244901653599616
"Museo Nacional","Avenida 68",0.000482450042969026,7.22876861761415e-06,0.00024483940579332
"Bicentenario","Banderas",0.000369329621352439,0.000120209530667087,0.000244769576009763
"Estación San Bernardo","NQS Calle 75",0.000165023308598292,0.000324130278387492,0.000244576793492892
"Humedal Córdoba","Centro Memoria",9.39930135173626e-05,0.000394397969265807,0.000244195491391585
"Polo - FINCOMERCIO","Guatoque - Veraguas",0.000347401666982464,0.000139651867279883,0.000243526767131174
"Portal El Dorado – C.C Nuestro Bogotá","Comuneros",0.000142544664749605,0.00034391556283591,0.000243230113792757
"Carrera 90","Calle 57",0.000366404088427296,0.000119655309657265,0.00024302969904228
"San Diego","Biblioteca",0.000456934650841056,2.83513368104953e-05,0.000242642993825776
"Puente Aranda","Suba - Calle 95",0.000391882082840999,9.31607308178634e-05,0.000242521406829431
"Portal 20  de Julio","Transversal 86",7.46461754818788e-05,0.000409513214064877,0.000242079694773378
"San Facon Carrera 22","Modelia",0.000381724918873115,0.000101001695758669,0.000241363307315892
"Santa Isabel","La Despensa",9.56947108433678e-05,0.000386982062898887,0.000241338386871128
"Terreros - H. Cardiovascular","Calle 40 Sur",0.000174589498123108,0.000307763330705135,0.000241176414414121
"Rionegro","Pradera - Plaza Central",0.000290997551987773,0.000190086554202733,0.000240542053095253
"Rionegro","Ricaurte",0.000285355226038047,0.000195035127686841,0.000240195176862444
"Las Nieves","Virrey - Cendiatra",0.000435268321507395,4.46408817693856e-05,0.00023995460163839
"Granja - cra 77","Banderas",0.000100466851648805,0.000379269197169695,0.00023986802440925
"Humedal Córdoba","Quinta Paredes",0.000419545504813284,5.98003832003825e-05,0.000239672944006833
"Avenida Cali","Ciudad Universitaria- Lotería de Bogotá",0.000379473532404131,9.96050473481892e-05,0.00023953928987616
"CAD","Parque",0.000326024590752374,0.000151463765262688,0.000238744178007531
"Portal Sur - JFK Coop. Financiera","Portal Usme",0.000121617392906133,0.000353449924168113,0.000237533658537123
"Sevillana","Movistar Arena",7.18138979503825e-05,0.000401943180193533,0.000236878539071958
"San Victorino","Polo - FINCOMERCIO",0.000430319160394429,4.28731790129838e-05,0.000236596169703706
"San Victorino","Rionegro",0.000144798447006305,0.000327146904374824,0.000235972675690565
"Policarpa","El Tiempo - Cámara De Comercio De Bogotá",0.000397952127837563,7.36840312295267e-05,0.000235818079533545
"San Facon Carrera 22","Avenida 68",0.00023752908682198,0.000233653955513971,0.000235591521167976
"Portal Américas","Ricaurte",0.000160286339300066,0.000309960943295209,0.000235123641297637
"Carrera 53","Ricaurte",0.000384113046567001,8.58355014648829e-05,0.000234974274015942
"Toberín- Foundever","Héroes - Colmena Seguros",0.000188754267089547,0.000281135229870506,0.000234944748480026
"Avenida 68","Ricaurte",0.000263705800160285,0.000205264025983849,0.000234484913072067
"Museo Del Oro","Portal Tunal",0.000398032198331261,6.95550400855781e-05,0.00023379361920842
"Boyacá","Centro Memoria",0.000332228687329637,0.000134473128780096,0.000233350908054866
"Calle 85 - Gato Dumas","La Campiña",0.000233095592220382,0.000233493264610608,0.000233294428415495
"Calle 161","Polo - FINCOMERCIO",0.000335471654012252,0.000130968270498069,0.00023321996225516
"Salitre El Greco - Vive Claro","C.C Paseo Villa Del Rio - Madelena",0.000236134581165619,0.000229555240314193,0.000232844910739906
"El Tiempo - Cámara De Comercio De Bogotá","Calle 40 Sur",0.000134803548433895,0.000330241877816475,0.000232522713125185
"Ciudad Jardín - UAN","Mandalay",0.000444503407538281,2.03155516873951e-05,0.000232409479612838
"Prado","Universidad Nacional",0.000144522424466331,0.000319306108437975,0.000231914266452153
"De La Sabana","Carrera 53",0.000232782927460337,0.000229330209502332,0.000231056568481335
"CDS Carrera 32","Danubio",0.000344114407461168,0.00011616853589456,0.000230141471677864
"Escuela Militar","Comuneros",0.000211915904625379,0.000248331613098688,0.000230123758862033
"Zona Industrial","Portal Américas",0.000318733547281815,0.000141126726197403,0.000229930136739609
"Minuto De Dios","Calle 26 - Atrio",0.00013961046926468,0.000319853937772865,0.000229732203518773
"Marsella","San Mateo",9.02102302225743e-05,0.000368518430293058,0.000229364330257816
"Concejo de Bogotá","Sevillana",0.000367894106889152,8.98550000439202e-05,0.000228874553466536
"CAD","Danubio",0.000106520971184575,0.000351113467702129,0.000228817219443352
"Normandia","General Santander",0.000251637271011437,0.000204650864952307,0.000228144067981872
"San Diego","Carrera 53",0.000451677177957943,2.41006167171678e-06,0.00022704361981483
"Av. Rojas - UNISALESIANA","Quiroga",9.43768213900376e-05,0.000359487616574299,0.000226932218982168
"Pepe Sierra - Utel Universidad","Ciudad Universitaria- Lotería de Bogotá",0.000409084080627826,4.45701750624359e-05,0.000226827127845131
"De La Sabana","Modelia",0.000192436391909835,0.000260387672001496,0.000226412031955665
"Av. Primero de Mayo","Calle 57",0.000381291518215148,7.07056575495272e-05,0.000225998587882338
"Calle 161","Avenida Chile",0.000152250648033783,0.000299668114435099,0.000225959381234441
"Biblioteca Tintal","Movistar Arena",0.000149028116012811,0.000302429218516374,0.000225728667264593
"Las Nieves","Danubio",0.000316303835715826,0.000134805807355158,0.000225554821535492
"San Victorino","Calle 85 - Gato Dumas",0.000396487843260108,5.3488951215557e-05,0.000224988397237833
"Mandalay","Molinos",0.000282499370574205,0.000167090697482156,0.00022479503402818
"Perdomo","Tygua-San José",0.000281073191127371,0.00016839255576697,0.000224732873447171
"Suba - Calle 95","Paloquemao",0.000354991874669973,9.22290895938489e-05,0.000223610482131911
"Normandia","Cl38A sur - CENTRO MAYOR",0.000290294606772019,0.000156678747216544,0.000223486676994281
"Country Sur","Transversal 86",0.000119272919467274,0.000327084507544142,0.000223178713505708
"San Martín","Avenida Jiménez",0.000284687864583588,0.000159941654322696,0.000222314759453142
"Portal El Dorado – C.C Nuestro Bogotá","Centro Memoria",0.000262816139541852,0.000180673567924324,0.000221744853733088
"Alquería","7 de Agosto",9.43552313892009e-05,0.000349010663976915,0.000221682947683058
"Calle 40 Sur","Marly",0.000131059830769261,0.000311685359405241,0.000221372595087251
"Av. Primero de Mayo","Mandalay",0.0003934814778664,4.86762611282981e-05,0.000221078869497349
"Polo - FINCOMERCIO","Av Américas - Av. Boyacá",0.000153998798324025,0.000287509114542801,0.000220753956433413
"De La Sabana","Transversal 86",0.000259753866268478,0.000181641812302874,0.000220697839285676
"Calle 187","Virrey - Cendiatra",7.03692202395107e-05,0.000370870355783924,0.000220619788011717
"Portal Suba","Modelia",0.000265763318770226,0.000174597154172224,0.000220180236471225
"Calle 127","CAN - British Council",0.000405975234036982,3.35817200326835e-05,0.000219778477034833
"Portal Norte - Unicervantes ","Suba - Calle 95",0.000354909041618502,8.37735018714648e-05,0.000219341271744983
"Transversal 86","Fucha",0.000342371481204268,9.55821860527806e-05,0.000218976833628524
"Av. Rojas - UNISALESIANA","Olaya",0.000121230064702776,0.000316348008411405,0.000218789036557091
"Suba - Tv. 91","Avenida Chile",0.000327764078148782,0.00010941837117409,0.000218591224661436
"Banderas","Molinos",0.000234275904756744,0.00020245007955406,0.000218362992155402
"Normandia","Venecia",0.00020036218808056,0.000236360219759837,0.000218361203920199
"Minuto De Dios","Mandalay",0.000119205031994824,0.000316705159651397,0.000217955095823111
"El Tiempo - Cámara De Comercio De Bogotá","C.C Paseo Villa Del Rio - Madelena",0.000191339925545419,0.000244477591950073,0.000217908758747746
"Avenida Cali","Marly",0.000358971545778166,7.55263599474418e-05,0.000217248952862804
"Perdomo","Portal Usme",0.000188618135224029,0.000244866485030842,0.000216742310127436
"Portal 80","Corferias",0.000221412724795745,0.000210302381821832,0.000215857553308789
"Av Américas - Av. Boyacá","NQS Calle 75",0.000310224511283763,0.00012119294004499,0.000215708725664377
"Terreros - H. Cardiovascular","Socorro",0.000237435927401726,0.000193327742999565,0.000215381835200646
"Portal Sur - JFK Coop. Financiera","CAD",6.80281245882303e-05,0.000361663442824924,0.000214845783706577
"Gobernacion","Socorro",0.000125278624685314,0.000304046574023471,0.000214662599354393
"De La Sabana","San Martín",0.000367714052250508,6.05417814439741e-05,0.000214127916847241
"Carrera 43 - Comapan","Granja - cra 77",0.000219588013979623,0.000208402673330065,0.000213995343654844
"Ciudad Jardín - UAN","7 de Agosto",0.000233100834179485,0.000194325677758958,0.000213713255969221
"Portal Suba","Rionegro",0.000358606927917511,6.84032781944729e-05,0.000213505103055992
"Suba - Tv. 91","El Tiempo - Cámara De Comercio De Bogotá",0.000113142630137488,0.000313207816949404,0.000213175223543446
"Gratamira","Movistar Arena",0.000226509545282991,0.000199642396401382,0.000213075970842186
"Molinos","Calle 26 - Atrio",0.000243683756081506,0.000182027751772501,0.000212855753927003
"Portal 20  de Julio","Campin - UAN",0.000136605398254367,0.000288557754783856,0.000212581576519111
"Estación San Bernardo","Banderas",0.000365321064685457,5.93212419014854e-05,0.000212321153293471
"Niza - Calle 127","Marly",0.000337436863218517,8.66999181120314e-05,0.000212068390665274
"Perdomo","CAD",0.000103371342480848,0.000320750031834372,0.00021206068715761
"Biblioteca Tintal","Biblioteca",0.000329540430462392,9.39850335660345e-05,0.000211762732014213
"Portal Suba","Avenida Chile",0.000112490276312682,0.000310865896227464,0.000211678086270073
"NQS Calle 30 SUR","Terreros - H. Cardiovascular",0.000154829817923949,0.000268490105291401,0.000211659961607675
"La Castellana","Comuneros",0.000190662179498474,0.000231464194946881,0.000211063187222677
"San Diego","Venecia",0.000347144980639264,7.48645824045796e-05,0.000211004781521922
"Portal Norte - Unicervantes ","Boyacá",0.000298489063483265,0.000123384554158302,0.000210936808820783
"Toberín- Foundever","San Martín",0.00033125299321452,9.01491323793569e-05,0.000210701062796939
"Modelia","Tygua-San José",0.000147929559620869,0.000272900104916051,0.00021041483226846
"Calle 187","Puentelargo",0.00033412826579666,8.64293889708155e-05,0.000210278827383738
"Transversal 86","Socorro",0.000343347924617105,7.64368609700971e-05,0.000209892392793601
"CAN - British Council","Calle 40 Sur",0.000346212159751173,7.23145831011038e-05,0.000209263371426138
"Portal 80","Quinta Paredes",0.000342716238727613,7.57867390258864e-05,0.00020925148887675
"Corferias","Socorro",0.000218205802607328,0.000199315090858525,0.000208760446732926
"Suba - Av. Boyacá","Campin - UAN",0.000260443280001356,0.000156618976500133,0.000208531128250745
"Calle 187","Quirigua",9.48214431382005e-05,0.000321960770956904,0.000208391107047552
"Portal Américas","Biblioteca",0.000351783703990108,6.47843900995894e-05,0.000208284047044849
"León XIII","Socorro",0.000359261402536262,5.71399973656766e-05,0.000208200699950969
"Prado","Normandia",0.000292519499931749,0.000122632888069572,0.000207576194000661
"Av. Primero de Mayo","Salitre El Greco - Vive Claro",0.000332250541505258,8.24509739144602e-05,0.000207350757709859
"Movistar Arena","Olaya",0.00026010609656614,0.000154585003541028,0.000207345550053584
"Modelia","Venecia",0.000104220284140752,0.000310052109230006,0.000207136196685379
"Granja - cra 77","Ricaurte",6.04613410527833e-05,0.0003537085036559,0.000207084922354342
"Universidades CityU","Venecia",0.000246425767060741,0.000166035692776569,0.000206230729918655
"Modelia","NQS Calle 30 SUR",0.000149837106739935,0.000262181174894494,0.000206009140817214
"Portal Usme","Avenida Jiménez",0.000161812107879764,0.000248361803190475,0.000205086955535119
"Portal Sur - JFK Coop. Financiera","Tygua-San José",0.000172261014582599,0.00023740446172838,0.000204832738155489
"Las Nieves","Carrera 47",0.000386589624957054,2.29177448312496e-05,0.000204753684894152
"Quinta Paredes","Santa Lucía",0.000369141946821571,3.98005334861246e-05,0.000204471240153848
"La Castellana","Avenida Jiménez",0.000340806537876314,6.75368508450124e-05,0.000204171694360663
"San Victorino","Escuela Militar",0.000270144207451012,0.000136923638126161,0.000203533922788587
"Virrey - Cendiatra","Comuneros",0.000127909413296282,0.000278802524635915,0.000203355968966098
"Policarpa","Flores",0.000378005806717019,2.80324369270836e-05,0.000203019121822051
"Av. Primero de Mayo","7 de Agosto",0.000123650982686801,0.00028220171535674,0.000202926349021771
"CAD","Portal Tunal",0.000288435287731095,0.000116936844823867,0.000202686066277481
"Carrera 43 - Comapan","Suba - Calle 95",0.000364367886085395,4.0580086571313e-05,0.000202473986328354
"Portal Norte - Unicervantes ","Minuto De Dios",0.000298025787128031,0.000106185674582607,0.000202105730855319
"Niza - Calle 127","Universidad Nacional",0.000309436448520743,9.46308944697626e-05,0.000202033671495253
"Calle 40 Sur","Calle 57",7.49931564188666e-05,0.000329038974142343,0.000202016065280605
"Quirigua","Distrito Grafiti",0.000178127120431975,0.000225038478611711,0.000201582799521843
"Bosa","Ricaurte",7.02582358455682e-05,0.000332782993829021,0.000201520614837294
"Av. Eldorado","Santa Lucía",0.000345332016007634,5.7371203431205e-05,0.00020135160971942
"Las Nieves","Sevillana",0.000327683283957035,7.38629354196945e-05,0.000200773109688365
"Portal El Dorado – C.C Nuestro Bogotá","Santa Isabel",0.000115673166761756,0.000285694743047319,0.000200683954904537
"Calle 127","Av. 39",0.000206154614433135,0.000194891971668296,0.000200523293050716
"Granja - cra 77","Concejo de Bogotá",0.000294442223573564,0.00010585423139599,0.000200148227484777
"Carrera 53","Av Américas - Av. Boyacá",0.000231233445868846,0.000166606240741913,0.000198919843305379
"Biblioteca Tintal","Santa Lucía",0.000301618313395597,9.55516743413892e-05,0.000198584993868493
"Salitre El Greco - Vive Claro","Socorro",6.09573541912747e-05,0.00033548277473538,0.000198220064463328
"San Facon Carrera 22","Biblioteca Tintal",0.000229876727246715,0.000165106520212384,0.00019749162372955
"Carrera 90","Ciudad Universitaria- Lotería de Bogotá",0.000260337382408879,0.000134600328852452,0.000197468855630665
"Quirigua","Calle 57",0.000231710049673682,0.00016227782039133,0.000196993935032506
"Las Aguas - Centro Colombo Americano","Venecia",0.000293809762429192,9.94544150265623e-05,0.000196632088727877
"Portal 80","Distrito Grafiti",0.000128201026569665,0.000264338501781424,0.000196269764175545
"Zona Industrial","Suba - Calle 95",0.000331602741568793,6.08625218448959e-05,0.000196232631706844
"San Diego","Puentelargo",0.000136508029078648,0.000255139784826688,0.000195823906952668
"Museo Del Oro","Escuela Militar",0.000297198280879137,9.38847371135109e-05,0.000195541508996324
"Avenida Cali","Distrito Grafiti",0.000266521261355608,0.000124445629507568,0.000195483445431588
"Las Aguas - Centro Colombo Americano","Escuela Militar",0.000345864282456004,4.50202043883749e-05,0.00019544224342219
"San Diego","Mandalay",0.000365453755790933,2.46473355724613e-05,0.000195050545681697
"Portal Américas","Calle 40 Sur",0.000299389578807639,9.04145552244714e-05,0.000194902067016055
"CDS Carrera 32","Portal Sur - JFK Coop. Financiera",0.000240065493067325,0.000149457836768343,0.000194761664917834
"Museo Del Oro","Carrera 47",0.0002269733352138,0.000161725801687042,0.000194349568450421
"Portal Suba","Escuela Militar",0.000263725843927609,0.000124451771558408,0.000194088807743008
"León XIII","Calle 40 Sur",0.000328355946384755,5.94634244044671e-05,0.000193909685394611
"Calle 142","Movistar Arena",0.000127380609290331,0.00026021852424122,0.000193799566765775
"Portal Sur - JFK Coop. Financiera","Hortúa",0.000200014995724934,0.000185444494290477,0.000192729745007705
"Mazurén","Flores",0.000146002148054681,0.000239255211470368,0.000192628679762525
"Museo Nacional","Socorro",0.000290810785255337,9.38885205106412e-05,0.000192349652882989
"Portal Américas","Salitre El Greco - Vive Claro",0.000338766149341208,4.57745967838662e-05,0.000192270373062537
"Normandia","Hortúa",0.000153972486671588,0.000230383001159531,0.00019217774391556
"Alcalá - Colegio S. Tomás Dominicos","Modelia",0.000152168528142174,0.000231909488917947,0.00019203900853006
"Calle 161","Calle 76",0.000156937914707713,0.000226947266915843,0.000191942590811778
"Pradera - Plaza Central","La Despensa",0.000245707897304019,0.000137673395547695,0.000191690646425857
"Virrey - Cendiatra","Guatoque - Veraguas",0.000165454336397395,0.000217416583383715,0.000191435459890555
"Polo - FINCOMERCIO","Mandalay",7.82558063501031e-05,0.000303720422623921,0.000190988114487012
"Museo Nacional","Consuelo",0.000233846581871354,0.00014801184220796,0.000190929212039657
"Calle 85 - Gato Dumas","Santa Isabel",0.000142185000576976,0.000239321115901577,0.000190753058239276
"Gobernacion","C.C Paseo Villa Del Rio - Madelena",0.000279395726516582,0.000102030375356771,0.000190713050936677
"Héroes - Colmena Seguros","Santa Isabel",0.000192750209672796,0.000187692811963534,0.000190221510818165
"Centro Memoria","Molinos",0.000226466266813586,0.000153697061958187,0.000190081664385887
"Country Sur","Movistar Arena",0.000153499845117367,0.000226321903520248,0.000189910874318807
"Mandalay","Calle 76",7.73164957586264e-05,0.000302139245532186,0.000189727870645406
"Prado","Marly",0.00019606183589969,0.000182992334461523,0.000189527085180606
"Museo Nacional","Mandalay",0.000367930624928915,1.04430677731228e-05,0.000189186846351019
"Portal Suba","NQS Calle 75",0.000152730364759927,0.000225564039473773,0.00018914720211685
"La Campiña","Normandia",0.000252537351247855,0.000125065267613795,0.000188801309430825
"Consuelo","Calle 26 - Atrio",0.000263411193159363,0.00011353020967929,0.000188470701419326
"Centro Memoria","Portal Tunal",0.00017436484924117,0.000201680363881909,0.00018802260656154
"Comuneros","La Despensa",6.74018762259868e-05,0.000308632589164467,0.000188017232695227
"Calle 85 - Gato Dumas","Av Américas - Av. Boyacá",0.000101697047465719,0.000274253276019593,0.000187975161742656
"Museo Del Oro","Mandalay",0.000296973391412216,7.87349377065204e-05,0.000187854164559368
"León XIII","Consuelo",0.000242871347175471,0.000132806628819328,0.0001878389879974
"Quinta Paredes","C.C Paseo Villa Del Rio - Madelena",0.000287375488175003,8.79567676538346e-05,0.000187666127914419
"Estación San Bernardo","Av. Rojas - UNISALESIANA",0.000280493936967272,9.4305417321614e-05,0.000187399677144443
"Quirigua","Biblioteca Tintal",9.83725605465602e-05,0.000275511634996473,0.000186942097771517
"Portal 80","Calle 57",0.000156200378302477,0.000216970588397583,0.00018658548335003
"Museo Del Oro","Banderas",0.000186195483921419,0.000186288871311059,0.000186242177616239
"Policarpa","Banderas",0.000317244183618446,5.52067933369983e-05,0.000186225488477722
"Country Sur","Mandalay",0.00033556461608974,3.68537907576193e-05,0.000186209203423679
"Centro Memoria","Consuelo",0.00025251122355136,0.000119361214856349,0.000185936219203854
"Bosa","Guatoque - Veraguas",8.4998541488304e-05,0.000286348442774517,0.00018567349213141
"De La Sabana","Perdomo",0.0001211522750894,0.000250130241379327,0.000185641258234364
"Ciudad Universitaria- Lotería de Bogotá","Biblioteca",0.000268095161757637,0.000103154425498838,0.000185624793628237
"Humedal Córdoba","Corferias",0.000329958140498022,4.11318574380093e-05,0.000185544998968016
"Rionegro","Guatoque - Veraguas",0.000125259000135278,0.000245327582291273,0.000185293291213276
"Transversal 86","Hortúa",0.000271572837891134,9.88504053068217e-05,0.000185211621598978
"Avenida Cali","Paloquemao",7.6484095581723e-05,0.000293814535931233,0.000185149315756478
"Portal 80","Pradera - Plaza Central",0.000131683256768904,0.000238578215293072,0.000185130736030988
"21 Ángeles","7 de Agosto",0.00021289771025126,0.000156681546876521,0.000184789628563891
"Ricaurte","Portal Usme",0.000118593824943357,0.000250679302482773,0.000184636563713065
"Rionegro","Avenida Jiménez",0.000173158393063336,0.000194517414545987,0.000183837903804661
"Quirigua","Transversal 86",9.55311232535847e-05,0.000271502750478377,0.000183516936865981
"Polo - FINCOMERCIO","Hortúa",0.000100533104708026,0.000266315751620335,0.000183424428164181
"Cl38A sur - CENTRO MAYOR","Calle 57",0.000246301834820661,0.000120400655052178,0.00018335124493642
"Calle 85 - Gato Dumas","Portal Suba",0.000128309387486121,0.000237611891534883,0.000182960639510502
"Av. Primero de Mayo","Banderas",0.000273156909896466,9.25767651834274e-05,0.000182866837539947
"Ciudad Jardín - UAN","Perdomo",0.000287784208101866,7.73991943626346e-05,0.00018259170123225
"Portal El Dorado – C.C Nuestro Bogotá","Alquería",5.80342075068116e-05,0.000306617740101951,0.000182325973804381
"Corferias","Molinos",0.000123144943811932,0.000241292549459482,0.000182218746635707
"Movistar Arena","Quiroga",0.000152905361269617,0.000211208283509,0.000182056822389309
"Terreros - H. Cardiovascular","Consuelo",0.000165168083812456,0.000198781943314987,0.000181975013563722
"Las Nieves","Puentelargo",7.17301974972664e-05,0.000292049105118829,0.000181889651308048
"Country Sur","Marly",0.00031613187848627,4.61778940026934e-05,0.000181154886244482
"Sevillana","Calle 26 - Atrio",0.000220493121785535,0.000141792194904649,0.000181142658345092
"General Santander","Marly",0.00023100222986243,0.00013115404321709,0.00018107813653976
"Biblioteca Tintal","7 de Agosto",0.000118288084850568,0.000243847558217045,0.000181067821533807
"Av. Suba - Calle 116","CAD",0.000241002208191049,0.00012088043475725,0.000180941321474149
"Polo - FINCOMERCIO","Tygua-San José",0.000283254122900567,7.67630631071739e-05,0.00018000859300387
"Quinta Paredes","Socorro",0.000185739251218484,0.000173803983660563,0.000179771617439524
"Portal Norte - Unicervantes ","Rionegro",0.000210920138741222,0.000148266951023462,0.000179593544882342
"San Diego","Calle 100 - Marketmedios",0.000336408939408859,2.23891256451522e-05,0.000179399032527005
"Venecia","Av. 39",0.000171867547291177,0.000186728639667224,0.000179298093479201
"De La Sabana","Calle 100 - Marketmedios",0.000130514230933548,0.000227193154805911,0.00017885369286973
"Puente Aranda","Suba Calle 100",0.000337347849287872,2.00830246507987e-05,0.000178715436969335
"Zona Industrial","Granja - cra 77",0.000164391662082426,0.000192946996872079,0.000178669329477253
"Calle 146","Flores",0.000232379703686849,0.000124881416486487,0.000178630560086668
"San Victorino","Portal Usme",0.000169154317952567,0.000187729974170977,0.000178442146061772
"Zona Industrial","Danubio",0.000262033603904587,9.47044798659466e-05,0.000178369041885267
"Ferias","Paloquemao",0.000299815651860322,5.57807504423727e-05,0.000177798201151347
"Portal Américas","Quiroga",0.000203074565663279,0.000152329125459446,0.000177701845561363
"Las Aguas - Centro Colombo Americano","Parque",0.000314042409705087,4.00404326374314e-05,0.000177041421171259
"Calle 127","Gobernacion",0.000322905215013888,3.10367890860834e-05,0.000176971002049986
"Bicentenario","San Martín",0.000105073649920592,0.000247702626867879,0.000176388138394235
"Modelia","General Santander",0.000117871389032492,0.00023379665252962,0.000175834020781056
"Calle 85 - Gato Dumas","Tygua-San José",0.000242338505823876,0.000107430931214778,0.000174884718519327
"Toberín- Foundever","NQS Calle 75",0.000141908703722685,0.000207535148510029,0.000174721926116357
"La Castellana","Guatoque - Veraguas",0.00023896005824256,0.000110424694567892,0.000174692376405226
"Suba - Calle 95","Distrito Grafiti",0.000293801975565183,5.48291472660766e-05,0.00017431556141563
"Puentelargo","Calle 26 - Atrio",0.000255364187350751,9.28918886869224e-05,0.000174128038018837
"Quirigua","Pradera - Plaza Central",0.000179330153024393,0.000167857448352358,0.000173593800688376
"Terreros - H. Cardiovascular","Molinos",0.000118887099641122,0.000227202024840618,0.00017304456224087
"Calle 142","Campin - UAN",8.2630540731316e-05,0.00026171049172378,0.000172170516227548
"Parque","Av. 39",6.57552920791911e-05,0.000278290826123961,0.000172023059101576
"San Facon Carrera 22","Perdomo",0.000195234563199507,0.000148707412976741,0.000171970988088124
"Gobernacion","Santa Lucía",0.000252074943491188,9.14930690865824e-05,0.000171784006288885
"Gratamira","CAN - British Council",0.000109973217513679,0.000233555162832037,0.000171764190172858
"San Victorino","Banderas",0.000296827393188548,4.6447016928911e-05,0.00017163720505873
"Museo Del Oro","Calle 100 - Marketmedios",0.000104550906416571,0.000238220690781785,0.000171385798599178
"Transversal 86","Nariño",0.000275848254848581,6.62551931104691e-05,0.000171051723979525
"Centro Memoria","Sevillana",0.000275858626338036,6.51280400014132e-05,0.000170493333169724
"CAN - British Council","C.C Paseo Villa Del Rio - Madelena",0.000258466930428868,8.23815178384977e-05,0.000170424224133683
"Humedal Córdoba","Av. 39",0.000186589751259567,0.000153942587361562,0.000170266169310564
"Niza - Calle 127","Corferias",0.000188014325399166,0.00015169568866105,0.000169855007030108
"Portal Américas","Santa Lucía",0.000283624831439711,5.48779034153624e-05,0.000169251367427537
"Cl38A sur - CENTRO MAYOR","Avenida Chile",6.60959174194637e-05,0.000272283248794127,0.000169189583106795
"Avenida Cali","Pradera - Plaza Central",0.00024446390680507,9.28567721110352e-05,0.000168660339458053
"Ciudad Jardín - UAN","Banderas",0.000300746654453473,3.65062011246421e-05,0.000168626427789058
"Alcalá - Colegio S. Tomás Dominicos","Portal El Dorado – C.C Nuestro Bogotá",0.000151257706352663,0.000185937071393796,0.00016859738887323
"Concejo de Bogotá","Parque",0.000187086087393596,0.000149217806161801,0.000168151946777699
"Policarpa","Avenida Chile",0.000142621215225864,0.000193681248882627,0.000168151232054245
"7 de Agosto","Fucha",0.000211385385894957,0.000124468287062384,0.00016792683647867
"Alcalá - Colegio S. Tomás Dominicos","Calle 57",0.000166329771406752,0.000169153550979668,0.00016774166119321
"Country Sur","Banderas",0.000240895329928272,9.43359134203499e-05,0.000167615621674311
"Las Aguas - Centro Colombo Americano","Danubio",0.000269574081948883,6.48316561917842e-05,0.000167202869070334
"Polo - FINCOMERCIO","Comuneros",0.00027350167600169,6.01048849727561e-05,0.000166803280487223
"Museo Nacional","Venecia",0.000279137584704625,5.40605385803805e-05,0.000166599061642503
"Las Aguas - Centro Colombo Americano","Carrera 47",0.000257384209989006,7.52916577096894e-05,0.000166337933849348
"Nariño","Calle 76",0.000106238539736581,0.000224383728758614,0.000165311134247597
"Granja - cra 77","Paloquemao",0.000106785854787613,0.000222119610421797,0.000164452732604705
"San Facon Carrera 22","Rionegro",0.000310878942067179,1.77445954140274e-05,0.000164311768740603
"Calle 106","Calle 26 - Atrio",0.000201827900824733,0.000126759465591147,0.00016429368320794
"Paloquemao","Suba Calle 100",0.000287968920131053,3.91428443086262e-05,0.00016355588221984
"Calle 100 - Marketmedios","Pradera - Plaza Central",0.00013258756240671,0.000194396377758727,0.000163491970082719
"Transversal 86","Consuelo",0.000196181389200141,0.000129964483788664,0.000163072936494403
"Suba - Tv. 91","Salitre El Greco - Vive Claro",6.18227253114269e-05,0.000262883513162392,0.000162353119236909
"Las Aguas - Centro Colombo Americano","San Martín",0.000313594672450477,1.10230149293755e-05,0.000162308843689926
"Calle 106","Centro Memoria",0.000289543509492918,3.45197970611514e-05,0.000162031653277035
"Carrera 47","Mandalay",0.000120342712181276,0.000203645183770984,0.00016199394797613
"Portal Norte - Unicervantes ","Ferias",0.000271173965074113,5.26647728421108e-05,0.000161919368958112
"Escuela Militar","Santa Isabel",0.000141725291114195,0.000181183676145768,0.000161454483629981
"Minuto De Dios","Banderas",9.19822680512849e-05,0.00023069644916344,0.000161339358607362
"Biblioteca Tintal","Ciudad Universitaria- Lotería de Bogotá",0.000286057762992937,3.62381755650726e-05,0.000161147969279005
"Corferias","Biblioteca",0.000291878325082469,2.97525122924431e-05,0.000160815418687456
"CDS Carrera 32","Ferias",0.000265631090833019,5.37968877656079e-05,0.000159713989299313
"Suba Calle 100","Calle 22",0.000283315297836405,3.52329813227136e-05,0.000159274139579559
"Mandalay","Avenida Chile",0.000265182559285362,5.24460029676583e-05,0.00015881428112651
"Av. Primero de Mayo","Transversal 86",0.000131264155411141,0.000186043636477288,0.000158653895944215
"Carrera 43 - Comapan","Suba Calle 100",0.000308818349582621,8.21065090263876e-06,0.00015851450024263
"Portal Norte - Unicervantes ","La Castellana",0.000139460181914596,0.000177354129805068,0.000158407155859832
"Carrera 47","Guatoque - Veraguas",0.000224808743346446,9.07265208718611e-05,0.000157767632109154
"Boyacá","Banderas",8.74034904233218e-05,0.000227942770734282,0.000157673130578802
"Escuela Militar","Mandalay",9.7661490790147e-05,0.000217557584263072,0.000157609537526609
"Museo Nacional","Puentelargo",0.000220310396967882,9.48806186600115e-05,0.000157595507813947
"Suba - Av. Boyacá","Calle 57",0.000208842669465071,0.000106338317573872,0.000157590493519472
"Héroes - Colmena Seguros","Mandalay",6.17658297698901e-05,0.000253266764477149,0.00015751629712352
"Prado","El Tiempo - Cámara De Comercio De Bogotá",0.00022206851798207,9.19080077297654e-05,0.000156988262855918
"San Facon Carrera 22","Calle 100 - Marketmedios",0.000173598121880865,0.00014025455003305,0.000156926335956957
"Bicentenario","Normandia",0.000148473906600596,0.000164324439522206,0.000156399173061401
"Carrera 90","CAD",0.000113604047156673,0.000198411826806379,0.000156007936981526
"Bosa","Restrepo",0.000159644620334317,0.000150452925593767,0.000155048772964042
"Escuela Militar","Hortúa",6.88978548535092e-05,0.00024083610662644,0.000154866980739975
"Alcalá - Colegio S. Tomás Dominicos","Av. Rojas - UNISALESIANA",0.000135466694881063,0.000172661391792638,0.000154064043336851
"San Victorino","La Castellana",0.000286362498328074,2.00533050994807e-05,0.000153207901713778
"Pepe Sierra - Utel Universidad","Concejo de Bogotá",0.00027666552262107,2.95658744806802e-05,0.000153115698550875
"Las Nieves","Banderas",0.000266208081814836,3.88014509217545e-05,0.000152504766368295
"Universidades CityU","Danubio",0.000199168004849446,0.000105722097191674,0.00015244505102056
"Granja - cra 77","Biblioteca Tintal",7.44487240537535e-05,0.00023021488571609,0.000152331804884922
"C.C Paseo Villa Del Rio - Madelena","Av. Eldorado",0.000113607612099987,0.000190849233006386,0.000152228422553186
"Calle 127","Corferias",0.000210153697401568,9.357560536696e-05,0.000151864651384264
"Carrera 90","Distrito Grafiti",0.000219090845916207,8.43627540669739e-05,0.00015172679999159
"Boyacá","Paloquemao",0.000217964226896558,8.48519707036003e-05,0.000151408098800079
"Centro Memoria","Parque",0.000205963495790588,9.67120190899869e-05,0.000151337757440288
"Calle 187","Avenida Cali",0.000134618292845109,0.000167284161211911,0.00015095122702851
"Museo Nacional","Molinos",0.00021973148485114,8.2023591987435e-05,0.000150877538419287
"Portal Américas","CAN - British Council",0.00028855082104558,1.31587515096545e-05,0.000150854786277617
"La Campiña","Polo - FINCOMERCIO",0.000265222347639913,3.56995023927241e-05,0.000150460925016319
"Estación San Bernardo","Calle 76",0.000267969145154314,3.26984515321801e-05,0.000150333798343247
"Portal Norte - Unicervantes ","NQS Calle 75",5.45783799562537e-05,0.000245416039370519,0.000149997209663386
"Calle 187","Boyacá",0.000146202146246373,0.000153153434971779,0.000149677790609076
"La Campiña","Av. Rojas - UNISALESIANA",0.000137164130673455,0.000162022204275619,0.000149593167474537
"Country Sur","CAN - British Council",0.000283337969953072,1.5816862503326e-05,0.000149577416228199
"Portal Suba","San Martín",0.000260816976901807,3.82583746774588e-05,0.000149537675789633
"Avenida 68","Universidades CityU",0.000124960691350375,0.000173850708581377,0.000149405699965876
"Calle 187","Minuto De Dios",0.000149419161739966,0.000149267760324014,0.00014934346103199
"Avenida 68","Avenida Jiménez",0.000111661694429615,0.000186693781797557,0.000149177738113586
"Danubio","Calle 22",0.000185358175496228,0.000112331807409429,0.000148844991452829
"Normandia","Fucha",8.03640366908183e-05,0.000217054909803925,0.000148709473247372
"Museo Nacional","Modelia",0.000263042497241377,3.38234583020931e-05,0.000148432977771735
"Calle 106","Paloquemao",0.000109181287466627,0.000187163135751236,0.000148172211608932
"7 de Agosto","Restrepo",0.000180856267329701,0.000114728736565944,0.000147792501947823
"Biblioteca Tintal","Olaya",0.000211123360816734,8.37037854503658e-05,0.00014741357313355
"Modelia","Cl38A sur - CENTRO MAYOR",0.000130569016583209,0.000163283656183005,0.000146926336383107
"Portal 20  de Julio","Movistar Arena",8.7663649268185e-05,0.000205372972191052,0.000146518310729618
"Venecia","7 de Agosto",5.30676721384248e-05,0.000239126883748767,0.000146097277943596
"Carrera 90","Pradera - Plaza Central",0.000211026971400771,8.09946957341551e-05,0.000146010833567463
"Portal El Dorado – C.C Nuestro Bogotá","Calle 26 - Atrio",0.000144808753486856,0.000146993390222281,0.000145901071854569
"Suba - Calle 95","Universidades CityU",0.000158971266808605,0.000132741454308297,0.000145856360558451
"Restrepo","Calle 76",4.7080874081236e-05,0.000244527140963161,0.000145804007522198
"Banderas","Avenida Chile",0.000176486503244566,0.000115028054952486,0.000145757279098526
"Museo Nacional","Biblioteca",0.000285390818769795,6.091510216396e-06,0.000145741164493095
"Policarpa","Perdomo",0.000213162185897986,7.79359420137048e-05,0.000145549063955845
"Calle 106","Distrito Grafiti",8.63185083883624e-05,0.000204700025279357,0.00014550926683386
"Terminal","Puentelargo",0.000174316621899992,0.000116427001142536,0.000145371811521264
"Ciudad Universitaria- Lotería de Bogotá","Consuelo",0.000152769436544862,0.000137910534425898,0.00014533998548538
"De La Sabana","Rionegro",0.000222743006665424,6.78391618095682e-05,0.000145291084237496
"Portal 80","Marsella",0.000120012642434711,0.000170254493547404,0.000145133567991058
"Puente Aranda","Puentelargo",0.000239939437523427,4.99964119061839e-05,0.000144967924714806
"Policarpa","Av. Rojas - UNISALESIANA",0.000202741404004108,8.71249637434675e-05,0.000144933183873788
"Puente Aranda","Bosa",0.000150259510166607,0.000139274297529372,0.000144766903847989
"Zona Industrial","Suba Calle 100",0.000277351916979667,1.2037791629777e-05,0.000144694854304722
"Virrey - Cendiatra","Santa Isabel",8.40401377815347e-05,0.000205045694989185,0.00014454291638536
"Estación San Bernardo","Transversal 86",0.00016794343556841,0.000121038150614982,0.000144490793091696
"NQS Calle 30 SUR","Avenida Chile",0.000102490437480903,0.000186117660732794,0.000144304049106849
"Puente Aranda","Avenida Cali",0.000227550044708851,6.06061075807119e-05,0.000144078076144781
"CDS Carrera 32","Boyacá",0.000197085167603487,9.10609443067163e-05,0.000144073055955102
"Suba - Tv. 91","Calle 76",0.000158192638179903,0.000129022114410958,0.000143607376295431
"Portal 80","Biblioteca Tintal",8.44983555168301e-05,0.000202167436381299,0.000143332895949065
"Portal 20  de Julio","Marly",0.000220433865796381,6.58470300955271e-05,0.000143140447945954
"Distrito Grafiti","Danubio",0.000149972809580209,0.000136118888308803,0.000143045848944506
"Portal El Dorado – C.C Nuestro Bogotá","NQS Calle 30 SUR",6.72841897792927e-05,0.000217974219918949,0.000142629204849121
"Transversal 86","Avenida Jiménez",0.000201475598116241,8.37292217259309e-05,0.000142602409921086
"Avenida 68","Banderas",9.18647261113929e-05,0.000192345703176694,0.000142105214644043
"Quirigua","Marsella",0.000157192827917527,0.000126883470006553,0.00014203814896204
"CDS Carrera 32","Suba - Calle 95",0.000274874110396669,9.11417846079649e-06,0.000141994144428733
"San Diego","Avenida 68",0.0002754981925577,8.33761817740215e-06,0.000141917905367551
"Museo Del Oro","San Martín",0.000264602018607359,1.85959088792052e-05,0.000141598963743282
"NQS Calle 30 SUR","NQS Calle 75",6.02035859970928e-05,0.000222657911772282,0.000141430748884688
"Carrera 47","Banderas",8.28758344190597e-05,0.00019996347584436,0.00014141965513171
"Ciudad Jardín - UAN","El Tiempo - Cámara De Comercio De Bogotá",0.000254037435047883,2.72429508443773e-05,0.00014064019294613
"La Castellana","Santa Isabel",0.000126275964320127,0.000154801626084047,0.000140538795202087
"Normandia","Sevillana",0.000154857035341805,0.000126204153611271,0.000140530594476538
"Portal Tunal","Av. 39",5.53992003062487e-05,0.000225648718604228,0.000140523959455238
"Museo Del Oro","Transversal 86",8.47714125266097e-05,0.000194917715805771,0.00013984456416619
"Pradera - Plaza Central","Danubio",0.000148026139815699,0.000131589437091911,0.000139807788453805
"Portal 80","Av Américas - Av. Boyacá",0.000112298054621833,0.000167011487233463,0.000139654770927648
"Campin - UAN","Calle 40 Sur",0.000153141924499354,0.000125975628806734,0.000139558776653044
"Concejo de Bogotá","Molinos",0.000177751623164981,0.000101157913033387,0.000139454768099184
"Policarpa","NQS Calle 75",8.98686609221241e-05,0.000188115060276185,0.000138991860599154
"Minuto De Dios","Centro Memoria",0.000225134775011812,5.28186301189919e-05,0.000138976702565402
"Granja - cra 77","Mandalay",0.000126150016954921,0.000151607487644492,0.000138878752299707
"Bicentenario","Héroes - Colmena Seguros",0.000207171275782766,7.03548076100454e-05,0.000138763041696406
"Concejo de Bogotá","Consuelo",0.000203402864876187,7.40573866115164e-05,0.000138730125743851
"San Martín","Comuneros",0.000171393098921736,0.000106000531253879,0.000138696815087807
"Calle 142","Modelia",0.000110819879195276,0.000165143593368379,0.000137981736281828
"Av. Eldorado","Consuelo",0.000132289439295889,0.000143261638628049,0.000137775538961969
"Modelia","C.C Paseo Villa Del Rio - Madelena",6.10536360589293e-05,0.000214454575389663,0.000137754105724296
"Portal 20  de Julio","Gobernacion",0.00025606944741501,1.87172296203157e-05,0.000137393338517663
"Virrey - Cendiatra","Marsella",9.93215547465854e-05,0.000174993245256982,0.000137157400001784
"Salitre El Greco - Vive Claro","Santa Lucía",0.00012425149206845,0.000149443163300692,0.000136847327684571
"Quinta Paredes","Biblioteca",0.000259720938636877,1.39204498385353e-05,0.000136820694237706
"Portal 80","CAD",5.46062119869589e-05,0.000218834543090423,0.000136720377538691
"Distrito Grafiti","Suba Calle 100",0.000259339845454758,1.39408272841345e-05,0.000136640336369446
"CDS Carrera 32","Calle 106",8.32970771271644e-05,0.000189858031157825,0.000136577554142495
"Mazurén","7 de Agosto",0.000122967309628731,0.000149042018933256,0.000136004664280994
"Avenida Chile","Hortúa",0.000215474891466863,5.60819122742247e-05,0.000135778401870544
"Ciudad Universitaria- Lotería de Bogotá","Molinos",0.000130476030424617,0.000140906518668884,0.00013569127454675
"Carrera 90","Marly",0.000224959081517502,4.61709440196725e-05,0.000135565012768587
"Biblioteca Tintal","Restrepo",0.000169268628758098,0.000101328022976795,0.000135298325867446
"Carrera 43 - Comapan","Danubio",0.000214149123384685,5.64214453655108e-05,0.000135285284375098
"Transversal 86","Centro Memoria",0.000249796793452628,2.0752168359064e-05,0.000135274480905846
"Humedal Córdoba","Av. Eldorado",0.000253268488129009,1.696384831217e-05,0.00013511616822059
"San Victorino","C.C Paseo Villa Del Rio - Madelena",0.000171151430447132,9.83951300662528e-05,0.000134773280256693
"Portal 80","Av. Eldorado",9.87876142004224e-05,0.000170509228723253,0.000134648421461838
"Portal 20  de Julio","Banderas",0.000149388318865241,0.000119655515292445,0.000134521917078843
"Puente Aranda","Danubio",0.00016832112878116,9.9897151249405e-05,0.000134109140015282
"Normandia","Olaya",5.59771145142974e-05,0.000211733155022745,0.000133855134768521
"Héroes - Colmena Seguros","La Campiña",0.000176015975068056,9.12936982736041e-05,0.00013365483667083
"De La Sabana","Boyacá",5.79015212297752e-05,0.00020936789556152,0.000133634708395647
"León XIII","Quiroga",0.00017856499921243,8.80678220736887e-05,0.000133316410643059
"Portal 80","Banderas",8.14502854609213e-05,0.000184914968008768,0.000133182626734845
"León XIII","Molinos",0.000172593955409166,9.33558057707848e-05,0.000132974880589976
"Ciudad Jardín - UAN","Portal Sur - JFK Coop. Financiera",0.000170668375018382,9.50196269058502e-05,0.000132844000962116
"Carrera 47","Comuneros",0.000191466377574374,7.29716345225238e-05,0.000132219006048449
"Portal Norte - Unicervantes ","Avenida 68",0.000202036490450699,6.16991143776847e-05,0.000131867802414192
"Alquería","Marly",0.000155373797581497,0.000107465461366122,0.000131419629473809
"Quirigua","Av Américas - Av. Boyacá",0.000145102863631001,0.000117682353526007,0.000131392608578504
"21 Ángeles","Flores",0.000130862876609907,0.000131728671401341,0.000131295774005624
"De La Sabana","Biblioteca Tintal",0.000114279277588232,0.00014829918612789,0.000131289231858061
"San Diego","Parque",0.000249963448755876,1.21229955247156e-05,0.000131043222140296
"Puentelargo","Paloquemao",0.00017905269254107,8.29040835174718e-05,0.000130978388029271
"Toberín- Foundever","Polo - FINCOMERCIO",0.000188559475450592,7.30140333935326e-05,0.000130786754422062
"Calle 127","Quinta Paredes",0.000240963344075257,2.04136714792597e-05,0.000130688507777258
"Minuto De Dios","Calle 22",8.4753395242753e-05,0.000176182908890824,0.000130468152066789
"Quirigua","Paloquemao",3.98800740699468e-05,0.000220718097619757,0.000130299085844852
"San Victorino","Virrey - Cendiatra",0.00022605071079063,3.38517974245245e-05,0.000129951254107577
"San Mateo","Santa Lucía",0.000155018775944973,0.000103120673204972,0.000129069724574973
"Las Aguas - Centro Colombo Americano","Calle 100 - Marketmedios",0.000130822290311219,0.000126747354996369,0.000128784822653794
"Portal Américas","Paloquemao",0.000110415605796124,0.000147106693866346,0.000128761149831235
"Gratamira","Campin - UAN",0.000144691272704694,0.000112740456321604,0.000128715864513149
"Calle 100 - Marketmedios","Universidades CityU",0.000175373375509152,8.10715904397354e-05,0.000128222482974444
"Calle 142","Portal El Dorado – C.C Nuestro Bogotá",0.000115265637314397,0.000140816432891784,0.000128041035103091
"Carrera 53","Universidades CityU",0.000207548041523116,4.80533672684303e-05,0.000127800704395773
"Portal El Dorado – C.C Nuestro Bogotá","Venecia",5.57493320872614e-05,0.000199785536122339,0.0001277674341048
"Normandia","C.C Paseo Villa Del Rio - Madelena",0.000104845820171205,0.000150529666497277,0.000127687743334241
"General Santander","Calle 57",0.000144897767229519,0.000110442709992236,0.000127670238610878
"C.C Paseo Villa Del Rio - Madelena","Campin - UAN",4.28063869497929e-05,0.000212223534641283,0.000127514960795538
"Olaya","Flores",6.31920466827302e-05,0.000190835318929146,0.000127013682805938
"Modelia","Sevillana",8.34275283949404e-05,0.000169480817577443,0.000126454172986192
"Las Nieves","Carrera 53",0.000248804699430529,3.90323829758063e-06,0.000126353968864055
"Biblioteca Tintal","Tygua-San José",0.000177097351589942,7.5488122973703e-05,0.000126292737281823
"Portal 20  de Julio","Mandalay",0.000206299040199477,4.624169974441e-05,0.000126270369971944
"C.C Paseo Villa Del Rio - Madelena","Universidad Nacional",7.57170709832536e-05,0.000176648243108672,0.000126182657045963
"Museo Nacional","Ferias",0.000248494272042848,3.43872154717883e-06,0.000125966496795014
"Las Aguas - Centro Colombo Americano","Sevillana",0.000172410369989952,7.83692387785253e-05,0.000125389804384238
"Las Aguas - Centro Colombo Americano","Portal Tunal",0.000234155670235823,1.60242461541261e-05,0.000125089958194975
"Bicentenario","Transversal 86",0.000168994031140164,7.98444230868096e-05,0.000124419227113487
"Portal El Dorado – C.C Nuestro Bogotá","Tygua-San José",5.87723662547146e-05,0.000190030544218477,0.000124401455236596
"Marsella","La Castellana",0.000181292199527443,6.69767222355514e-05,0.000124134460881497
"Quinta Paredes","Consuelo",0.000123829277661409,0.00012421635770583,0.00012402281768362
"Banderas","Universidades CityU",0.000116162791155967,0.000131765810322146,0.000123964300739057
"Av. Eldorado","Biblioteca",0.000219734732983118,2.77145216538576e-05,0.000123724627318488
"Ciudad Universitaria- Lotería de Bogotá","C.C Paseo Villa Del Rio - Madelena",0.000160526639893576,8.68084118254808e-05,0.000123667525859528
"Cl38A sur - CENTRO MAYOR","San Mateo",0.000156883656235262,9.03877952266277e-05,0.000123635725730945
"Suba - Calle 95","Pradera - Plaza Central",0.000181418836586464,6.47571327513504e-05,0.000123087984668907
"Terminal","Boyacá",7.92644306213774e-05,0.000166550743548166,0.000122907587084772
"Av. Rojas - UNISALESIANA","Portal Sur - JFK Coop. Financiera",6.77180011654711e-05,0.000177790780266036,0.000122754390715753
"Portal Américas","Gobernacion",0.0002323731079893,1.15334969573964e-05,0.000121953302473348
"Fucha","Calle 76",5.63940159169e-05,0.000186954157228598,0.000121674086572749
"Policarpa","Transversal 86",0.000147129849437025,9.55204007522776e-05,0.000121325125094651
"CDS Carrera 32","Minuto De Dios",0.000146840456745725,9.57115078287847e-05,0.000121275982287255
"Granja - cra 77","Transversal 86",8.38628505260143e-05,0.000158681510228135,0.000121272180377075
"Puente Aranda","Calle 106",0.00011510051830765,0.000126478358290427,0.000120789438299039
"Bosa","Fucha",0.00013244169179016,0.00010898389520751,0.000120712793498835
"San Diego","Sevillana",0.000204469617456713,3.68689732356333e-05,0.000120669295346173
"Portal Norte - Unicervantes ","Calle 85 - Gato Dumas",0.000100030335094907,0.000140844763577614,0.000120437549336261
"San Diego","Banderas",0.000225803804457054,1.46025912487457e-05,0.0001202031978529
"Toberín- Foundever","Avenida Chile",8.62075432942628e-05,0.000153014836335793,0.000119611189815028
"Pradera - Plaza Central","Terreros - H. Cardiovascular",5.86892244434404e-05,0.000180032076031406,0.000119360650237423
"Av. Eldorado","Socorro",0.000183584711786436,5.49765761087595e-05,0.000119280643947598
"C.C Paseo Villa Del Rio - Madelena","Calle 22",0.000119233081197556,0.000119086863985319,0.000119159972591438
"Avenida Cali","Marsella",0.000182713827228922,5.55908634323835e-05,0.000119152345330653
"Boyacá","Ricaurte",0.000116764651315648,0.00012090783025892,0.000118836240787284
"Perdomo","Avenida Jiménez",0.000107113283168651,0.000129921211114269,0.00011851724714146
"Gratamira","Gobernacion",7.27274512177687e-05,0.000163771197270267,0.000118249324244018
"Museo Nacional","Banderas",0.000226471849314499,9.94569005253071e-06,0.000118208769683515
"Quirigua","Banderas",0.000100900015664348,0.000135298982114315,0.000118099498889332
"Alcalá - Colegio S. Tomás Dominicos","Normandia",0.00015993270042266,7.60960283916265e-05,0.000118014364407143
"Transversal 86","Molinos",0.00013566612221742,0.000100111881751245,0.000117889001984333
"Sevillana","7 de Agosto",3.47005376835017e-05,0.000200952745553811,0.000117826641618656
"Museo Del Oro","Normandia",0.000209141258777177,2.63634933421803e-05,0.000117752376059679
"El Tiempo - Cámara De Comercio De Bogotá","Santa Lucía",7.01796212186782e-05,0.000165251050627753,0.000117715335923215
"Portal Américas","Guatoque - Veraguas",0.000138334550829552,9.65495705784063e-05,0.000117442060703979
"Puente Aranda","Quirigua",0.000139108820442466,9.56861530734405e-05,0.000117397486757953
"Puentelargo","Distrito Grafiti",0.000195850767516416,3.8769654905699e-05,0.000117310211211058
"Av. Rojas - UNISALESIANA","Calle 40 Sur",7.91181341542996e-05,0.000155281169444071,0.000117199651799185
"Policarpa","Portal Sur - JFK Coop. Financiera",0.000127243442153049,0.000106088586695229,0.000116666014424139
"La Campiña","Movistar Arena",3.74765354465505e-05,0.000195161971458756,0.000116319253452653
"Suba - Tv. 91","7 de Agosto",0.000120940560388052,0.000111330615166399,0.000116135587777225
"Av. Eldorado","Molinos",0.000114696863650421,0.000116630708799453,0.000115663786224937
"Ferias","Ricaurte",0.000157661144364256,7.35953218639304e-05,0.000115628233114093
"Carrera 43 - Comapan","Puentelargo",0.00021196006340908,1.925594328384e-05,0.00011560800334646
"Quirigua","Ciudad Universitaria- Lotería de Bogotá",0.000180413116103958,5.03230798231669e-05,0.000115368097963562
"Transversal 86","Calle 22",0.000173738349428754,5.585276307732e-05,0.000114795556253037
"Cl38A sur - CENTRO MAYOR","NQS Calle 75",3.86907441748518e-05,0.000190567492294039,0.000114629118234446
"Avenida Cali","Concejo de Bogotá",0.000202340815291346,2.62845430838106e-05,0.000114312679187578
"CDS Carrera 32","Suba Calle 100",0.000225513958857951,2.57967378888334e-06,0.000114046816323417
"CAN - British Council","Socorro",8.52983886027414e-05,0.000142436189116168,0.000113867288859455
"La Castellana","Tygua-San José",0.000191618176140091,3.50922067176094e-05,0.00011335519142885
"San Diego","Modelia",0.000184017233649637,4.26258881434555e-05,0.000113321560896546
"Calle 127","Ciudad Universitaria- Lotería de Bogotá",0.000196256933351083,2.97465357900856e-05,0.000113001734570584
"San Martín","Marsella",0.000187875987018973,3.73183450580088e-05,0.000112597166038491
"Ciudad Universitaria- Lotería de Bogotá","Portal Tunal",0.000143426173844786,8.16326349890459e-05,0.000112529404416916
"Polo - FINCOMERCIO","Santa Isabel",0.000180438293696671,4.44202551358355e-05,0.000112429274416253
"Carrera 53","Avenida Jiménez",0.000175510982870516,4.93113550021847e-05,0.00011241116893635
"Biblioteca Tintal","Fucha",0.000155928365991423,6.83310911230208e-05,0.000112129728557222
"Av. Suba - Calle 116","Calle 26 - Atrio",0.000135899438718981,8.77193057167808e-05,0.000111809372217881
"Puente Aranda","Carrera 90",0.000178397764095269,4.52158992492085e-05,0.000111806831672239
"Puente Aranda","Portal 80",9.84253983499549e-05,0.000125152590229392,0.000111788994289674
"San Victorino","Carrera 47",0.000211992690097277,1.13638115465135e-05,0.000111678250821895
"De La Sabana","Portal Usme",0.000134453645819834,8.83744060985714e-05,0.000111414025959203
"Bosa","Paloquemao",3.86007355517398e-05,0.000183988351431748,0.000111294543491744
"Quirigua","Marly",0.000144197701483055,7.77962834786256e-05,0.00011099699248084
"Ciudad Jardín - UAN","Transversal 86",0.000141618699715471,7.94468789524112e-05,0.000110532789333941
"Portal 80","Transversal 86",7.92653315740116e-05,0.000141783667017795,0.000110524499295903
"Portal Norte - Unicervantes ","Escuela Militar",0.000106233384551608,0.00011461078549119,0.000110422085021399
"Pepe Sierra - Utel Universidad","Paloquemao",7.02977477591472e-05,0.000150012941982656,0.000110155344870902
"Prado","Salitre El Greco - Vive Claro",0.000173369681373355,4.66789443541251e-05,0.00011002431286374
"Calle 187","Suba Calle 100",0.000204630616427258,1.51664418297771e-05,0.000109898529128518
"Calle 106","Ricaurte",5.16312107023496e-05,0.000167024588539517,0.000109327899620933
"Carrera 90","Marsella",0.000171353659564107,4.63935499302361e-05,0.000108873604747171
"Portal El Dorado – C.C Nuestro Bogotá","Calle 22",0.000106840749045849,0.00011067552160182,0.000108758135323834
"Calle 187","Carrera 90",0.000114220759628945,0.000103100288706175,0.00010866052416756
"San Victorino","Suba - Calle 95",8.65524643661354e-05,0.000130340726247305,0.00010844659530672
"La Despensa","Olaya",0.000143469903784764,7.33978894704033e-05,0.000108433896627583
"Gobernacion","Biblioteca",0.000184041022591868,3.2345968843069e-05,0.000108193495717468
"San Diego","Portal Tunal",0.000196946746240615,1.87566857766828e-05,0.000107851716008649
"De La Sabana","Minuto De Dios",4.05654931370876e-05,0.000175075268182958,0.000107820380660023
"Las Aguas - Centro Colombo Americano","Mandalay",0.000194839239970028,2.01515697543434e-05,0.000107495404862185
"Universidad Nacional","Santa Lucía",0.000174704953540002,4.00761357030302e-05,0.000107390544621516
"Calle 161","7 de Agosto",5.00597653166241e-05,0.000164539494228586,0.000107299629772605
"Suba - Calle 95","Ricaurte",0.000169241997434747,4.3749021452989e-05,0.000106495509443868
"Puente Aranda","Av. Suba - Calle 116",0.000155363570388414,5.74227416716673e-05,0.00010639315603004
"Alcalá - Colegio S. Tomás Dominicos","Universidad Nacional",6.50877916872161e-05,0.000147322044331595,0.000106204918009406
"Modelia","Universidades CityU",7.71874646435993e-05,0.000135065030593954,0.000106126247618777
"Biblioteca Tintal","Concejo de Bogotá",0.000186078936177692,2.59328045638727e-05,0.000106005870370782
"Universidades CityU","Sevillana",0.000144630412945471,6.73353714913356e-05,0.000105982892218403
"Zona Industrial","Puentelargo",0.00018475092239993,2.70340563513125e-05,0.000105892489375621
"San Diego","Danubio",0.000154685215085902,5.67017521114996e-05,0.000105693483598701
"Minuto De Dios","Paloquemao",0.000158527497898401,5.20864508444718e-05,0.000105306974371436
"Avenida Cali","Av Américas - Av. Boyacá",0.000160327823755971,5.01519659418965e-05,0.000105239894848934
"Bicentenario","Escuela Militar",0.000121789784979214,8.8622949856548e-05,0.000105206367417881
"Avenida Cali","Transversal 86",8.35964216705424e-05,0.000126804129407287,0.000105200275538915
"De La Sabana","Ferias",8.23573207412992e-05,0.000127330405102808,0.000104843862922053
"Bicentenario","Polo - FINCOMERCIO",0.000188282273220789,2.13541428864415e-05,0.000104818208053615
"Terreros - H. Cardiovascular","Danubio",6.55310214098331e-05,0.000143082582661419,0.000104306802035626
"CAN - British Council","Santa Lucía",0.000173003289748629,3.55503150393191e-05,0.000104276802393974
"Normandia","Restrepo",7.50161274329608e-05,0.000132963117975964,0.000103989622704462
"Portal Suba","Normandia",0.000170517559173804,3.73780267338797e-05,0.000103947792953842
"León XIII","Danubio",0.000100938974705343,0.000106915204540852,0.000103927089623097
"Av. Rojas - UNISALESIANA","Perdomo",8.23070559793276e-05,0.000125192254722142,0.000103749655350735
"San Victorino","Suba Calle 100",6.74513396410487e-05,0.000139848548878348,0.000103649944259698
"Alquería","Calle 57",9.92697043548127e-05,0.000107630237540614,0.000103449970947713
"Ferias","Universidades CityU",6.43301588419165e-05,0.000142315092094937,0.000103322625468427
"Las Aguas - Centro Colombo Americano","Rionegro",0.000197379062292535,9.15357834569159e-06,0.000103266320319113
"Suba - Av. Boyacá","Ciudad Universitaria- Lotería de Bogotá",4.4958249007988e-05,0.000161381278033462,0.000103169763520725
"Biblioteca Tintal","Avenida Chile",6.32096555794592e-05,0.000142993929775631,0.000103101792677545
"Ciudad Jardín - UAN","Flores",0.000197123867365911,8.97065351903374e-06,0.000103047260442473
"Virrey - Cendiatra","Tygua-San José",0.000139594161015875,6.60907677937036e-05,0.000102842464404789
"Modelia","Hortúa",5.90992383847777e-05,0.000146546052120744,0.000102822645252761
"Distrito Grafiti","La Despensa",0.00012340123715941,8.22002065854036e-05,0.000102800721872407
"Concejo de Bogotá","C.C Paseo Villa Del Rio - Madelena",0.000143206040475129,6.23510352462012e-05,0.000102778537860665
"CDS Carrera 32","Granja - cra 77",0.000102077537260286,0.00010280925023249,0.000102443393746388
"Transversal 86","Calle 26 - Atrio",0.000152225345195349,5.17401764225577e-05,0.000101982760808954
"Calle 187","Calle 85 - Gato Dumas",4.00564034805477e-05,0.000163818271652276,0.000101937337566412
"Las Nieves","Modelia",0.000134496353127524,6.89018762337213e-05,0.000101699114680623
"Portal El Dorado – C.C Nuestro Bogotá","General Santander",5.69731490160047e-05,0.000146323860394533,0.000101648504705269
"Portal Norte - Unicervantes ","San Martín",0.000126929538101344,7.56631482325874e-05,0.000101296343166965
"Carrera 90","Paloquemao",5.50389985635171e-05,0.000147496005983214,0.000101267502273365
"Calle 146","Movistar Arena",7.55879114012728e-05,0.000126798419112177,0.000101193165256725
"Calle 142","Calle 57",0.000101835124531379,0.000100473773749772,0.000101154449140576
"Pepe Sierra - Utel Universidad","Centro Memoria",0.000184588182883742,1.7449716335767e-05,0.000101018949609755
"Toberín- Foundever","Calle 76",8.80708144968437e-05,0.000113462931341585,0.000100766872919214
"Country Sur","Salitre El Greco - Vive Claro",0.000182413468611397,1.84285074056023e-05,0.0001004209880085
"Marsella","Danubio",0.00012228400642708,7.82151586111319e-05,0.000100249582519106
"Granja - cra 77","Calle 26 - Atrio",8.38324909898698e-05,0.000116519232791145,0.000100175861890507
"Portal Américas","CAD",6.60200040482186e-05,0.000133979861882637,9.99999329654279e-05
"Paloquemao","Portal Usme",5.7434105606877e-05,0.000142144258195779,9.97891819013281e-05
"Escuela Militar","Banderas",6.62766082041005e-05,0.000133257239216726,9.97669237104132e-05
"Carrera 90","Av Américas - Av. Boyacá",0.000154342349464433,4.51763145284943e-05,9.97593319964637e-05
"Carrera 53","Mandalay",0.000130901390963145,6.85449636377122e-05,9.97231773004286e-05
"Calle 85 - Gato Dumas","Hortúa",8.68764345466843e-05,0.00011226618203855,9.9571308292617e-05
"Mandalay","NQS Calle 75",0.00016028436912442,3.82217863018034e-05,9.92530777131118e-05
"Museo Nacional","Sevillana",0.000164969649057681,3.26009111219496e-05,9.87852800898154e-05
"Corferias","Parque",0.000176385171396601,2.09788691868556e-05,9.86820202917283e-05
"Calle 100 - Marketmedios","Avenida Jiménez",0.000103090684068874,9.41862068092089e-05,9.86384454390416e-05
"Bicentenario","Calle 85 - Gato Dumas",0.000149223278868557,4.80247039773522e-05,9.86239914229548e-05
"Mazurén","Modelia",5.20043202602176e-05,0.000145135258572647,9.85697894164325e-05
"Country Sur","Calle 57",0.000169914281505731,2.7192419255891e-05,9.85533503808111e-05
"Ciudad Universitaria- Lotería de Bogotá","Parque",0.000157127045957261,3.98468743989721e-05,9.84869601781164e-05
"Transversal 86","NQS Calle 75",6.48037872417409e-05,0.000132129556808528,9.84666720251343e-05
"Banderas","Calle 76",5.01747068329909e-05,0.000146578761689997,9.83767342614941e-05
"Puentelargo","Calle 22",0.000141078113954079,5.54216168332321e-05,9.82498653936554e-05
"Portal 80","Marly",9.7188477384518e-05,9.79893416117513e-05,9.75889094981346e-05
"San Mateo","Calle 40 Sur",9.92921467162466e-05,9.57962712479671e-05,9.75442089821069e-05
"Corferias","Portal Tunal",0.000168655398065881,2.64034379187631e-05,9.75294179923223e-05
"Calle 187","Suba - Calle 95",0.000162070144523644,3.28473592173294e-05,9.74587518704869e-05
"Terminal","Ferias",7.00004553860236e-05,0.000124440627067211,9.72205412266171e-05
"Estación San Bernardo","Perdomo",0.000145084574692532,4.91053811922147e-05,9.70949779423733e-05
"Museo Nacional","Calle 106",0.000183192884770814,1.08242055312085e-05,9.70085451510112e-05
"Biblioteca Tintal","Hortúa",0.00012005068845903,7.39219536867148e-05,9.69863210728722e-05
"Av. Primero de Mayo","El Tiempo - Cámara De Comercio De Bogotá",0.00015607507564072,3.78761501228542e-05,9.69756128817872e-05
"Portal El Dorado – C.C Nuestro Bogotá","C.C Paseo Villa Del Rio - Madelena",3.66180828642579e-05,0.000157265408892926,9.69417458785917e-05
"Carrera 47","Tygua-San José",0.000164097832968762,2.87280499414379e-05,9.64129414551002e-05
"Calle 85 - Gato Dumas","Banderas",3.38604490433517e-05,0.000158789019457818,9.63247342505847e-05
"Prado","Av. Eldorado",6.68401199759412e-05,0.000125751747296565,9.6295933636253e-05
"Avenida Cali","Av. 39",0.000148169766056795,4.43259062573437e-05,9.62478361570696e-05
"Bosa","Portal Usme",5.26587961268018e-05,0.000139623511169599,9.61411536482003e-05
"Banderas","Flores",8.29462146209664e-05,0.000109165541590572,9.6055878105769e-05
"Héroes - Colmena Seguros","Banderas",4.05760413256483e-05,0.000151139993543471,9.58580174345595e-05
"San Facon Carrera 22","Ferias",0.000135110046330242,5.5411348616141e-05,9.52606974731917e-05
"Calle 187","Ferias",0.000130514134726341,5.96063795733501e-05,9.50602571498457e-05
"Museo Del Oro","Carrera 53",0.000144919432515074,4.50728328162572e-05,9.49961326656655e-05
"San Facon Carrera 22","Suba - Calle 95",0.000184342464010686,5.17171268832596e-06,9.47570883495059e-05
"Las Aguas - Centro Colombo Americano","Normandia",0.000179594265152533,9.89750000983805e-06,9.47458825811854e-05
"Country Sur","Bosa",8.81946400422141e-05,0.000101174175808917,9.46844079255657e-05
"Las Nieves","Calle 100 - Marketmedios",0.000170382394604997,1.78626188126632e-05,9.41225067088299e-05
"NQS Calle 30 SUR","Flores",0.0001346640908091,5.27558724955262e-05,9.37099816523129e-05
"Carrera 43 - Comapan","Avenida Cali",0.000165491125690232,2.08684359768401e-05,9.31797808335359e-05
"San Victorino","Puentelargo",3.85179215959184e-05,0.000147693638118092,9.31057798570053e-05
"Av Américas - Av. Boyacá","Danubio",0.00010995819103032,7.56655613338381e-05,9.28118761820788e-05
"Carrera 47","Santa Isabel",0.000129403135237044,5.60842641416191e-05,9.27436996893314e-05
"Las Aguas - Centro Colombo Americano","Carrera 53",0.00016051515554051,2.47610875396628e-05,9.26381215400863e-05
"Sevillana","Av. 39",0.000103271008046206,8.16256406478518e-05,9.24483243470289e-05
"Ferias","Banderas",8.72520919259036e-05,9.66925040366329e-05,9.19722979812683e-05
"Virrey - Cendiatra","Av Américas - Av. Boyacá",7.06617607767786e-05,0.000113112506535795,9.18871336562868e-05
"Terminal","Minuto De Dios",8.21864137569277e-05,0.000101414210392183,9.18003120745552e-05
"Carrera 43 - Comapan","Calle 106",0.000107557179122155,7.58282267652406e-05,9.16927029436976e-05
"Niza - Calle 127","Concejo de Bogotá",8.66486188661106e-05,9.61755988973004e-05,9.14121088817055e-05
"Portal Américas","Quinta Paredes",0.000173433287305225,9.11554560939315e-06,9.12744164573088e-05
"San Martín","Santa Isabel",0.000114106486923421,6.83281247439713e-05,9.12173058336961e-05
"Biblioteca Tintal","Socorro",0.000145030076503054,3.70392319244736e-05,9.10346542137637e-05
"Socorro","Av. 39",0.000109239158159147,7.22635302038223e-05,9.07513441814846e-05
"Pepe Sierra - Utel Universidad","Calle 26 - Atrio",0.000128369234273457,5.27073471160969e-05,9.05382906947768e-05
"Calle 146","Modelia",7.43809184879835e-05,0.000106469470077172,9.04251942825776e-05
"Museo Del Oro","Rionegro",0.000164237327666484,1.64718044954922e-05,9.03545660809881e-05
"Portal 80","Mandalay",9.35039777370318e-05,8.69117979629572e-05,9.02078878499945e-05
"Calle 146","Campin - UAN",4.89834495002968e-05,0.000131258257814891,9.01208536575938e-05
"Carrera 53","Guatoque - Veraguas",0.00016388678307326,1.56106810084717e-05,8.97487320408658e-05
"NQS Calle 75","Hortúa",0.000133898564110702,4.52735480287154e-05,8.95860560697086e-05
"Av. Suba - Calle 116","Distrito Grafiti",0.000133464285450016,4.56262439666141e-05,8.95452647083153e-05
"Bicentenario","Perdomo",0.000121198685438499,5.74842829199407e-05,8.93414841792198e-05
"Pradera - Plaza Central","Suba Calle 100",0.000163478346046535,1.51048663924439e-05,8.92916062194897e-05
"Granja - cra 77","Centro Memoria",0.000138200916537304,4.01497456004856e-05,8.91753310688946e-05
"Pradera - Plaza Central","León XIII",0.000131399042175407,4.67353098844109e-05,8.90671760299091e-05
"Rionegro","Comuneros",0.00010134411683457,7.56243767976933e-05,8.84842468161314e-05
"Banderas","NQS Calle 75",0.000107311078138538,6.86549632976774e-05,8.79830207181079e-05
"Terminal","Granja - cra 77",7.69840865675084e-05,9.89400125418296e-05,8.7962049554669e-05
"Transversal 86","Av. 39",0.000122705825493932,5.23743054062964e-05,8.75400654501142e-05
"Portal 80","Ciudad Universitaria- Lotería de Bogotá",0.000122929930643072,5.2135638906052e-05,8.75327847745618e-05
"Alcalá - Colegio S. Tomás Dominicos","Marly",8.74184395578081e-05,8.76309738807042e-05,8.75247067192562e-05
"Suba - Calle 95","Avenida Jiménez",0.000103163571858087,7.11544925351806e-05,8.7159032196634e-05
"Calle 100 - Marketmedios","Comuneros",5.27670943218095e-05,0.000121406338056766,8.70867161892877e-05
"Suba - Av. Boyacá","Quinta Paredes",7.99189857029337e-05,9.4246134365519e-05,8.70825600342263e-05
"Calle 187","Avenida 68",9.52337462163735e-05,7.8598885217899e-05,8.69163157171362e-05
"Héroes - Colmena Seguros","Nariño",6.51286316945477e-05,0.000108120753641579,8.66246926680635e-05
"Quirigua","Mandalay",0.000117673317923609,5.53505060073703e-05,8.65119119654899e-05
"San Facon Carrera 22","Portal El Dorado – C.C Nuestro Bogotá",0.00015000538815876,2.29550381322178e-05,8.6480213145489e-05
"Av Américas - Av. Boyacá","La Castellana",0.000130005943794268,4.27172843340454e-05,8.63616140641566e-05
"Puentelargo","Pradera - Plaza Central",0.00012995063126347,4.25176648978536e-05,8.62341480806617e-05
"Calle 106","Calle 22",0.00010857097357204,6.37797987607999e-05,8.617538616642e-05
"Portal Américas","Socorro",0.000149816610786368,2.25287978609498e-05,8.61727043236588e-05
"San Mateo","Socorro",0.000144073793203142,2.81199085444454e-05,8.60968508737935e-05
"Corferias","Portal Sur - JFK Coop. Financiera",7.62923809365831e-05,9.58794829262356e-05,8.60859319314094e-05
"Niza - Calle 127","Av. Eldorado",0.000140041013040029,3.21053485701078e-05,8.60731808050686e-05
"Bicentenario","Rionegro",6.3889687693362e-05,0.000107332273218064,8.5610980455713e-05
"Quinta Paredes","Portal Tunal",0.000157867029548689,1.31319015142896e-05,8.54994655314892e-05
"Ferias","Avenida Jiménez",6.12577184016223e-05,0.00010963584660008,8.54467825008509e-05
"San Facon Carrera 22","Boyacá",9.68179747016358e-05,7.38162722751646e-05,8.53171234884002e-05
"Zona Industrial","Calle 106",9.86600140420822e-05,7.17302644770794e-05,8.51951392595808e-05
"Carrera 43 - Comapan","Bosa",0.00011815974409778,5.21322950223213e-05,8.51460195600507e-05
"Av. Suba - Calle 116","Paloquemao",0.000103796037237061,6.61449519253852e-05,8.4970494581223e-05
"Ciudad Jardín - UAN","Avenida Chile",7.75654580853734e-05,9.23271132589309e-05,8.49462856721521e-05
"Museo Nacional","Boyacá",0.000166149588210493,3.71867759000413e-06,8.49341329002488e-05
"Quinta Paredes","Molinos",0.000100981111403561,6.84758107152818e-05,8.47284610594214e-05
"Las Aguas - Centro Colombo Americano","Banderas",0.000121560967133273,4.76553245145915e-05,8.4608145823932e-05
"Santa Lucía","Marly",6.04051098759836e-05,0.000108626343233874,8.45157265549289e-05
"Portal Norte - Unicervantes ","Carrera 53",0.000154797129405554,1.39813864687554e-05,8.43892579371546e-05
"Las Nieves","Avenida 68",0.000154118521374969,1.46594036491798e-05,8.43889625120744e-05
"San Martín","Av Américas - Av. Boyacá",0.000135777143976292,3.19271396071321e-05,8.38521417917123e-05
"Quinta Paredes","Parque",0.000160291890596624,7.39733274919265e-06,8.38446116729085e-05
"Parque","Marly",2.42756133692639e-05,0.000143331857788677,8.38037355789703e-05
"Calle 146","Portal El Dorado – C.C Nuestro Bogotá",8.0136576304849e-05,8.72469101483042e-05,8.36917432265766e-05
"Country Sur","León XIII",2.72956369247635e-05,0.000139971096306522,8.36333666156427e-05
"Minuto De Dios","Ricaurte",8.69152383329019e-05,7.98327603284576e-05,8.33739993306798e-05
"Biblioteca Tintal","Nariño",0.000123300170955013,4.33816514826863e-05,8.33409112188496e-05
"Avenida Cali","Biblioteca Tintal",7.7574352760764e-05,8.90207531970956e-05,8.32975529789298e-05
"Bicentenario","Portal Sur - JFK Coop. Financiera",7.31931076439651e-05,9.29198209283918e-05,8.30564642861785e-05
"7 de Agosto","Olaya",0.000101907043023848,6.41427819404846e-05,8.30249124821663e-05
"Carrera 90","Concejo de Bogotá",0.000137468793224364,2.84088956617814e-05,8.29388444430726e-05
"Portal El Dorado – C.C Nuestro Bogotá","Cl38A sur - CENTRO MAYOR",6.07086707388916e-05,0.000104893100698462,8.28008857186767e-05
"Ciudad Jardín - UAN","Av. Rojas - UNISALESIANA",0.000131052489978648,3.3953713119699e-05,8.25031015491733e-05
"Portal El Dorado – C.C Nuestro Bogotá","Sevillana",4.62397942054305e-05,0.000118155961811406,8.2197878008418e-05
"Alcalá - Colegio S. Tomás Dominicos","El Tiempo - Cámara De Comercio De Bogotá",0.000111737983067715,5.24852018573354e-05,8.21115924625251e-05
"Portal Norte - Unicervantes ","Carrera 47",0.000120727182506031,4.32145173291163e-05,8.19708499175738e-05
"Portal 20  de Julio","CAN - British Council",0.000151897809158406,1.1524052966201e-05,8.17109310623037e-05
"Carrera 90","Transversal 86",9.06891795827425e-05,7.25027768229739e-05,8.15959782028582e-05
"Av. Primero de Mayo","Avenida Chile",4.09515594733723e-05,0.000121589552254068,8.12705558637202e-05
"Policarpa","Calle 76",0.000142096225649185,2.03082072557801e-05,8.12022164524826e-05
"Corferias","Perdomo",0.000110203874903666,5.21913472439871e-05,8.11976110738263e-05
"Portal Américas","Corferias",0.00012327462275253,3.91164501226976e-05,8.11955364376138e-05
"Avenida 68","Guatoque - Veraguas",0.000112013912002992,5.02688279095765e-05,8.11413699562844e-05
"Mazurén","Calle 57",3.76875108063049e-05,0.000124559546354567,8.11235285804358e-05
"Terminal","Suba - Calle 95",8.41286356005588e-05,7.79492423187469e-05,8.10389389596528e-05
"C.C Paseo Villa Del Rio - Madelena","Calle 26 - Atrio",8.02010002321125e-05,8.09811882595004e-05,8.05910942458064e-05
"General Santander","Avenida Chile",4.40079109024518e-05,0.000117167370304628,8.058764060354e-05
"Portal 20  de Julio","Bosa",5.31250544885181e-05,0.000107919119264819,8.05220868766683e-05
"Escuela Militar","Nariño",3.84745724308928e-05,0.000122441555703599,8.04580640672461e-05
"Museo Del Oro","C.C Paseo Villa Del Rio - Madelena",0.000100186215024852,6.02285089453451e-05,8.02073619850985e-05
"Museo Nacional","Parque",0.000156780592548462,3.3597212419292e-06,8.00701568951955e-05
"Portal Américas","Olaya",0.000129599427311921,3.02725377537776e-05,7.99359825328492e-05
"Museo Del Oro","Portal Usme",0.000121035097706332,3.87211428321949e-05,7.98781202692637e-05
"Estación San Bernardo","Héroes - Colmena Seguros",0.00014293631733809,1.66011990082095e-05,7.97687581731495e-05
"Salitre El Greco - Vive Claro","Perdomo",0.000116726802813409,4.26040715790988e-05,7.96654371962538e-05
"Danubio","Calle 26 - Atrio",9.86187668525791e-05,5.97860112085317e-05,7.92023890305554e-05
"Calle 100 - Marketmedios","Guatoque - Veraguas",6.71938828946776e-05,9.11595405969087e-05,7.91767117457931e-05
"San Facon Carrera 22","Minuto De Dios",6.9339599209791e-05,8.89940308090406e-05,7.91668150094158e-05
"Carrera 53","Comuneros",0.000144338813133859,1.38041020669387e-05,7.9071457600399e-05
"San Facon Carrera 22","Portal Sur - JFK Coop. Financiera",0.00012298837365173,3.50035982384547e-05,7.89959859450921e-05
"Rionegro","Marsella",0.000115185154146302,4.27748823792132e-05,7.89800182627576e-05
"El Tiempo - Cámara De Comercio De Bogotá","Perdomo",9.97634895808527e-05,5.74989399858677e-05,7.86312147833602e-05
"La Campiña","Calle 76",0.000102967662915029,5.42523626616346e-05,7.86100127883315e-05
"Las Nieves","C.C Paseo Villa Del Rio - Madelena",0.000114097822690137,4.23584630258081e-05,7.82281428579725e-05
"21 Ángeles","Movistar Arena",9.237959338432e-05,6.38772082173633e-05,7.81284008008416e-05
"Portal 20  de Julio","Calle 57",0.000117627902374514,3.82800876957245e-05,7.79539950351194e-05
"Prado","CAN - British Council",0.000144033218769687,1.16272243522718e-05,7.78302215609793e-05
"Biblioteca","Marly",4.25535508125705e-05,0.000112940019922587,7.7746785367579e-05
"Calle 100 - Marketmedios","Terminal",9.3354641713889e-05,6.21235495879779e-05,7.77390956509335e-05
"Movistar Arena","Calle 40 Sur",0.000102192308988087,5.31179820087872e-05,7.76551454984372e-05
"Universidad Nacional","Consuelo",6.48650444277389e-05,9.04085653805803e-05,7.76368049041596e-05
"Av. Primero de Mayo","Bosa",6.11016320203408e-05,9.40539142935485e-05,7.75777731569447e-05
"Calle 127","Concejo de Bogotá",0.00013154502672612,2.35942627329086e-05,7.75696447295143e-05
"Calle 142","Av. Rojas - UNISALESIANA",7.09553899893788e-05,8.4174798881002e-05,7.75650944351904e-05
"Santa Isabel","León XIII",5.32296303103503e-05,0.000101625711768221,7.74276710392855e-05
"Carrera 43 - Comapan","Av. Suba - Calle 116",0.000133301758470686,2.15285757027216e-05,7.74151670867035e-05
"Av. Eldorado","Parque",0.000127191216228925,2.64797663062396e-05,7.68354912675824e-05
"De La Sabana","Suba - Calle 95",0.000132499569783262,2.11249242564568e-05,7.68122470198596e-05
"San Victorino","Transversal 86",0.000135103570756626,1.83792942745787e-05,7.67414325156024e-05
"Héroes - Colmena Seguros","Restrepo",2.9107044463841e-05,0.000124048906411946,7.65779754378933e-05
"Boyacá","Avenida Jiménez",4.28773354161524e-05,0.000109645241220638,7.62612883183952e-05
"C.C Paseo Villa Del Rio - Madelena","Movistar Arena",3.25351161735225e-05,0.00011977624700796,7.61556815907414e-05
"Salitre El Greco - Vive Claro","Biblioteca",9.60096015347931e-05,5.61200881524644e-05,7.60648448436287e-05
"Ricaurte","Suba Calle 100",0.000138150430698585,1.31931357673297e-05,7.56717832329571e-05
"Héroes - Colmena Seguros","Portal Suba",9.71022645276543e-05,5.42055632239865e-05,7.56539138758204e-05
"CDS Carrera 32","Pepe Sierra - Utel Universidad",5.38851101068507e-05,9.74142763564431e-05,7.56496932316469e-05
"Niza - Calle 127","Av. 39",0.000101111043810587,5.00526310149699e-05,7.55818374127782e-05
"Museo Nacional","Av. Suba - Calle 116",0.000115807286531596,3.52667163899984e-05,7.5537001460797e-05
"San Diego","Av. Suba - Calle 116",7.23178520524238e-05,7.84682045383496e-05,7.53930282953867e-05
"Las Nieves","Av. Suba - Calle 116",3.84311508507651e-05,0.000112328083358636,7.53796171047007e-05
"7 de Agosto","Quiroga",6.09558696208856e-05,8.93841496502002e-05,7.51700096355429e-05
"Salitre El Greco - Vive Claro","Portal Sur - JFK Coop. Financiera",8.93033993455344e-05,6.09991959252989e-05,7.51512976354167e-05
"San Victorino","Modelia",9.61588651594322e-05,5.4120840623812e-05,7.51398528916221e-05
"Gobernacion","Portal Tunal",0.000119017926039786,3.12341881264195e-05,7.51260570831026e-05
"Carrera 90","Biblioteca Tintal",8.8743717885325e-05,6.13556176313797e-05,7.50496677583523e-05
"CDS Carrera 32","Puentelargo",0.000143897845071995,6.10541715362789e-06,7.50016311128115e-05
"El Tiempo - Cámara De Comercio De Bogotá","Portal Sur - JFK Coop. Financiera",7.93980016518955e-05,7.05039476278424e-05,7.4950974639869e-05
"Gobernacion","Consuelo",8.17157979318291e-05,6.73543681085512e-05,7.45350830201901e-05
"San Diego","Ferias",0.000143769210883695,5.23334636629232e-06,7.45012786249935e-05
"Estación San Bernardo","Portal Sur - JFK Coop. Financiera",8.71540429170039e-05,6.17749274533604e-05,7.44644851851821e-05
"Biblioteca Tintal","Avenida Jiménez",8.85020651161062e-05,6.0190709360488e-05,7.43463872382971e-05
"San Facon Carrera 22","Suba Calle 100",0.000147377936624041,1.13645682122173e-06,7.42571967226314e-05
"Portal Suba","Polo - FINCOMERCIO",0.000129294577164997,1.92140874655827e-05,7.42543323152901e-05
"Avenida Chile","Nariño",0.000121328192876848,2.66935078208673e-05,7.40108503488577e-05
"Gratamira","Calle 57",0.000102425394502303,4.54816382320642e-05,7.39535163671838e-05
"Calle 187","Rionegro",9.63441113095703e-05,5.13558533119102e-05,7.38499823107403e-05
"De La Sabana","Portal Sur - JFK Coop. Financiera",7.52323874099601e-05,7.22059389574942e-05,7.37191631837272e-05
"Suba - Calle 95","Tygua-San José",5.85415790642419e-05,8.88002819020512e-05,7.36709304831465e-05
"Niza - Calle 127","Centro Memoria",5.15688403125753e-05,9.56473477530145e-05,7.36080940327949e-05
"Centro Memoria","C.C Paseo Villa Del Rio - Madelena",0.000103444972707272,4.35756122256532e-05,7.35102924664625e-05
"Las Nieves","Portal Usme",8.49151499389527e-05,6.20521840348027e-05,7.34836669868777e-05
"Zona Industrial","Bosa",9.38443425355858e-05,5.29089473448078e-05,7.33766449401968e-05
"Av. Suba - Calle 116","Pradera - Plaza Central",9.26536645208346e-05,5.36400068892658e-05,7.31468357050502e-05
"Carrera 90","Mandalay",0.000119648893793398,2.64397330887265e-05,7.30443134410622e-05
"Gobernacion","Perdomo",0.000129370475336357,1.58256052603956e-05,7.25980402983763e-05
"Carrera 53","Banderas",9.20248489738826e-05,5.27735448354648e-05,7.23991969046737e-05
"Avenida Cali","Banderas",9.64559818821049e-05,4.83219130841794e-05,7.23889474831421e-05
"Banderas","Danubio",7.20987024502272e-05,7.24375152809248e-05,7.2268108865576e-05
"Universidades CityU","Suba Calle 100",0.000121482865033525,2.24936741617745e-05,7.19882695976497e-05
"Country Sur","Biblioteca Tintal",5.58916017969784e-05,8.76839085902815e-05,7.178775519363e-05
"CAN - British Council","Biblioteca",0.000130322694778509,1.29927338661856e-05,7.16577143223471e-05
"Portal Suba","Av. Rojas - UNISALESIANA",8.97946790588601e-05,5.33583075595282e-05,7.15764933091941e-05
"Mazurén","Portal El Dorado – C.C Nuestro Bogotá",5.76697835474088e-05,8.54516748887585e-05,7.15607292180836e-05
"Zona Industrial","Av. Suba - Calle 116",0.000113390866045098,2.95067614295984e-05,7.14488137373482e-05
"Calle 40 Sur","Flores",2.17107304896923e-05,0.000121087635396837,7.13991829432645e-05
"Carrera 90","Banderas",0.000100003144981668,4.25338670894426e-05,7.12685060355554e-05
"Suba - Av. Boyacá","Marly",0.000112471255180479,3.00603641595793e-05,7.1265809670029e-05
"Avenida Cali","Mandalay",0.000118523142796404,2.36717937211994e-05,7.10974682588015e-05
"Portal Sur - JFK Coop. Financiera","Avenida Jiménez",6.60620262210762e-05,7.60851208504764e-05,7.10735735357763e-05
"Pepe Sierra - Utel Universidad","Distrito Grafiti",5.82436165161596e-05,8.38877647610094e-05,7.10656906385845e-05
"Zona Industrial","Avenida Cali",0.000122176794696569,1.97798772775631e-05,7.09783359870661e-05
"Portal El Dorado – C.C Nuestro Bogotá","Avenida Jiménez",5.43039362026759e-05,8.73300333348789e-05,7.08169847687774e-05
"El Tiempo - Cámara De Comercio De Bogotá","Socorro",3.42530463370819e-05,0.000107261605399089,7.07573258680856e-05
"Carrera 43 - Comapan","Carrera 90",0.000127045257632747,1.42155275014194e-05,7.06303925670832e-05
"Quinta Paredes","Perdomo",0.000128542976137958,1.25980980840425e-05,7.0570537111e-05
"San Victorino","Carrera 53",0.000138819165349812,1.79721869921331e-06,7.03081920245126e-05
"Molinos","Av. 39",7.60754278994009e-05,6.44656561278514e-05,7.02705420136262e-05
"Santa Lucía","Calle 57",3.46258220585262e-05,0.00010417799377026,6.9401907914393e-05
"Calle 100 - Marketmedios","Marsella",5.15694262615073e-05,8.70742791176297e-05,6.93218526895685e-05
"Bicentenario","La Castellana",0.000110485377872657,2.78872657877264e-05,6.91863218301915e-05
"Estación San Bernardo","Normandia",0.000117283732844183,2.10616364188125e-05,6.91726846314977e-05
"Museo Del Oro","Biblioteca Tintal",3.72788098808927e-05,0.000101015089996181,6.91469499385368e-05
"Portal Norte - Unicervantes ","Avenida Chile",3.32598725700354e-05,0.000104944329432207,6.91021010011211e-05
"Terminal","Portal 80",6.05292071542973e-05,7.70613750481828e-05,6.879529110124e-05
"Country Sur","7 de Agosto",5.87119170384217e-05,7.88232502554356e-05,6.87675836469287e-05
"Modelia","Portal Sur - JFK Coop. Financiera",3.803783502767e-05,9.94201959691814e-05,6.87290154984257e-05
"Modelia","Nariño",4.09104474379056e-05,9.65201005295878e-05,6.87152739837467e-05
"CAN - British Council","Perdomo",0.000123853877300818,1.26017524553192e-05,6.82278148780687e-05
"Avenida 68","Comuneros",0.00010144152685208,3.34712091708762e-05,6.74563680114778e-05
"Estación San Bernardo","Polo - FINCOMERCIO",0.000130749244568139,4.0586972177562e-06,6.74039708929475e-05
"Biblioteca Tintal","Consuelo",8.29603567285831e-05,5.14597914384696e-05,6.72100740835263e-05
"Av. Primero de Mayo","Av. Rojas - UNISALESIANA",8.16638214546835e-05,5.24721781447441e-05,6.70679997997138e-05
"Museo Del Oro","Calle 106",3.43608382074472e-05,9.94547835543156e-05,6.69078108808814e-05
"Guatoque - Veraguas","La Despensa",3.77307071314598e-05,9.60724254311666e-05,6.69015662813132e-05
"Av. Eldorado","Portal Tunal",0.000113762267287132,1.9906303951801e-05,6.68342856194663e-05
"Universidad Nacional","Biblioteca",0.000113664592256609,1.94800799545973e-05,6.6572336105603e-05
"Corferias","Danubio",4.12820791189438e-05,9.18435132085115e-05,6.65627961637277e-05
"Las Aguas - Centro Colombo Americano","Transversal 86",5.54109003119562e-05,7.68732256160283e-05,6.61420629639922e-05
"Universidad Nacional","Molinos",5.55671580656332e-05,7.6460617649341e-05,6.60138878574871e-05
"Carrera 47","Hortúa",5.7603103515055e-05,7.36257240967863e-05,6.56144138059206e-05
"Terminal","Escuela Militar",2.53353594474616e-05,0.000105782785692381,6.55590725699215e-05
"Bosa","Nariño",7.36022808359214e-05,5.71724294568835e-05,6.53873551464024e-05
"Gobernacion","Parque",0.000116642397842701,1.40827309575838e-05,6.53625644001425e-05
"Museo Nacional","Portal El Dorado – C.C Nuestro Bogotá",0.000103053644207771,2.76505358654723e-05,6.53520900366216e-05
"Las Nieves","Transversal 86",0.000121440797878908,8.88225270606691e-06,6.51615252924873e-05
"Carrera 43 - Comapan","Quirigua",9.73163750421233e-05,3.29105040365978e-05,6.51134395393606e-05
"Terminal","Suba Calle 100",0.000106327101328092,2.31968372413743e-05,6.47619692847334e-05
"Boyacá","Universidades CityU",4.30484451322402e-05,8.63840124181547e-05,6.47162287751974e-05
"Museo Nacional","Portal Tunal",0.000125256789834552,4.17070272075486e-06,6.47137462776533e-05
"Portal Norte - Unicervantes ","Héroes - Colmena Seguros",7.18464599546957e-05,5.7518882621272e-05,6.46826712879838e-05
"Salitre El Greco - Vive Claro","Portal Tunal",6.83449364233801e-05,6.08174885103252e-05,6.45812124668527e-05
"San Mateo","Consuelo",0.000102530459974601,2.64559431486365e-05,6.44932015616185e-05
"Suba - Av. Boyacá","Universidad Nacional",9.45884728829394e-05,3.43863495194306e-05,6.4487411201185e-05
"San Mateo","Quiroga",5.29040185888397e-05,7.59336569234581e-05,6.44188377561489e-05
"Universidad Nacional","Socorro",9.15547789073215e-05,3.70213500127463e-05,6.42880644600339e-05
"Av. Suba - Calle 116","Calle 22",7.57575125931131e-05,5.27286904555756e-05,6.42431015243444e-05
"Av. Primero de Mayo","NQS Calle 75",2.54164031481531e-05,0.000103051878875623,6.42341410118878e-05
"Mandalay","Danubio",8.59463399431717e-05,4.23717301272237e-05,6.41590350351977e-05
"Transversal 86","La Castellana",2.7820810482242e-05,0.00010047213806834,6.41464742752911e-05
"De La Sabana","Portal El Dorado – C.C Nuestro Bogotá",7.5365535583568e-05,5.27816737572025e-05,6.40736046703853e-05
"Venecia","Marly",7.25087081422634e-05,5.55937808233082e-05,6.40512444827858e-05
"Puente Aranda","Pepe Sierra - Utel Universidad",7.64177553704542e-05,5.14529071028341e-05,6.39353312366442e-05
"Av. Primero de Mayo","La Despensa",2.96905696119911e-05,9.81050521469327e-05,6.38978108794619e-05
"21 Ángeles","CAN - British Council",5.48818845312236e-05,7.26807246503645e-05,6.3781304590794e-05
"Biblioteca Tintal","Centro Memoria",0.000114042386954232,1.3514990405928e-05,6.37786886800798e-05
"Normandia","Quiroga",4.52362490604676e-05,8.22285664575011e-05,6.37324077589843e-05
"Calle 187","La Castellana",5.59134498530814e-05,7.15389891293815e-05,6.37262194912315e-05
"Carrera 90","Av. 39",9.54303143444593e-05,3.14323797807766e-05,6.34313470626179e-05
"Héroes - Colmena Seguros","Fucha",3.47871816221488e-05,9.15646262632578e-05,6.31759039427033e-05
"Museo Del Oro","Perdomo",4.58743409197522e-05,8.04155400076928e-05,6.31449404637225e-05
"Calle 187","Escuela Militar",4.8689409016896e-05,7.73188122389826e-05,6.30041106279393e-05
"Museo Nacional","Pepe Sierra - Utel Universidad",0.000116481722079905,9.32525067247244e-06,6.29034863761888e-05
"Transversal 86","Marly",8.89476102749936e-05,3.65834240966742e-05,6.27655171858339e-05
"Bicentenario","Modelia",6.36889947040174e-05,6.17555776178274e-05,6.27222861609224e-05
"Perdomo","Av. Eldorado",4.81139962624552e-05,7.73221691293814e-05,6.27180826959183e-05
"Estación San Bernardo","Calle 85 - Gato Dumas",0.000103000707382245,2.21265355620868e-05,6.25636214721659e-05
"Calle 142","Normandia",8.66181474223621e-05,3.82618396009179e-05,6.243999351164e-05
"Suba - Calle 95","Guatoque - Veraguas",7.42442711647411e-05,5.05704923869052e-05,6.24073817758232e-05
"Modelia","Perdomo",4.26610907563317e-05,8.21225367745586e-05,6.23918137654451e-05
"Consuelo","Av. 39",8.37080782478617e-05,4.10375705519268e-05,6.23728243998942e-05
"Calle 146","Calle 57",5.99862959254999e-05,6.44542681344094e-05,6.22202820299546e-05
"Calle 100 - Marketmedios","Santa Isabel",3.48206778475966e-05,8.95540864256773e-05,6.21873821366369e-05
"San Facon Carrera 22","Portal Usme",0.000108580502042791,1.56767403330766e-05,6.2128621187934e-05
"Distrito Grafiti","Terreros - H. Cardiovascular",2.95237351861704e-05,9.46374367535008e-05,6.20805859698356e-05
"Prado","Av. 39",6.4630949619761e-05,5.93597390832214e-05,6.19953443514912e-05
"Estación San Bernardo","La Castellana",7.68238804060147e-05,4.70784358295377e-05,6.19511581177762e-05
"Museo Nacional","Danubio",9.18770851211205e-05,3.17802347925612e-05,6.18286599568409e-05
"Portal Américas","Restrepo",9.04719375739056e-05,3.31603846445204e-05,6.1816161109213e-05
"Museo Del Oro","Avenida 68",8.93093907713886e-05,3.40062710970493e-05,6.1657830934219e-05
"Portal 20  de Julio","7 de Agosto",3.80231045621475e-05,8.52221351373943e-05,6.16226198497709e-05
"Modelia","Quiroga",1.91839626625481e-05,0.000103711196202665,6.14475794326068e-05
"Humedal Córdoba","CAD",0.000106554868922116,1.5856796349042e-05,6.1205832635579e-05
"Bosa","CAD",1.80980320188409e-05,0.000104311299479296,6.12046657490683e-05
"Av. Eldorado","Danubio",4.12652344478843e-05,8.04349312995323e-05,6.08500828737083e-05
"Pepe Sierra - Utel Universidad","Ricaurte",3.33183349689688e-05,8.83651991692415e-05,6.08417670691051e-05
"El Tiempo - Cámara De Comercio De Bogotá","Biblioteca",5.63499255088417e-05,6.52523275195407e-05,6.08011265141912e-05
"Las Aguas - Centro Colombo Americano","Suba - Calle 95",0.000119578494775503,2.00494006711705e-06,6.079171742131e-05
"Prado","Gobernacion",0.000111091386698358,1.03898805694671e-05,6.07406336339126e-05
"Portal Américas","Consuelo",8.72325002262505e-05,3.40554036326885e-05,6.06439519294695e-05
"San Facon Carrera 22","Portal Américas",6.75467922168074e-05,5.37058704574341e-05,6.06263313371208e-05
"Rionegro","Av Américas - Av. Boyacá",8.37892600302504e-05,3.73635120965946e-05,6.05763860634225e-05
"Terminal","Avenida 68",5.04292880117165e-05,7.04363905986074e-05,6.04328393051619e-05
"Granja - cra 77","Calle 22",5.19873267620358e-05,6.87238156590407e-05,6.03555712105382e-05
"Bicentenario","Virrey - Cendiatra",8.52149880021366e-05,3.52189202038129e-05,6.02169541029748e-05
"Portal 20  de Julio","León XIII",1.72082217627548e-05,0.00010294635868657,6.00772902246624e-05
"Ciudad Jardín - UAN","NQS Calle 75",4.84917001855703e-05,7.11903546789563e-05,5.98410274322633e-05
"Suba - Av. Boyacá","Corferias",6.05122902284333e-05,5.88937080212587e-05,5.9702999124846e-05
"Carrera 53","Tygua-San José",0.000114590856613998,4.79878170018052e-06,5.96948191570895e-05
"Gobernacion","Portal Sur - JFK Coop. Financiera",9.40257407799183e-05,2.51921231720956e-05,5.96089319760069e-05
"El Tiempo - Cámara De Comercio De Bogotá","Portal Tunal",4.2834092302162e-05,7.6209692492035e-05,5.95218923970985e-05
"Gobernacion","Molinos",6.54759988880883e-05,5.32682637814293e-05,5.93721313347588e-05
"Portal Américas","Av. Eldorado",4.04549733247163e-05,7.82446566728065e-05,5.93498149987614e-05
"Centro Memoria","Danubio",8.63261581524772e-05,3.19927992617227e-05,5.91594787070999e-05
"Puentelargo","Ricaurte",8.72637385919857e-05,3.08635081172263e-05,5.9063623354606e-05
"General Santander","NQS Calle 75",2.57021241171817e-05,9.23113441353921e-05,5.90067341262869e-05
"Rionegro","Santa Isabel",6.74081044362927e-05,5.0475046661283e-05,5.89415755487878e-05
"Calle 106","Pradera - Plaza Central",5.36831677139424e-05,6.40729276532039e-05,5.88780476835731e-05
"Portal 80","Paloquemao",2.75140239849135e-05,8.97678439323012e-05,5.86409339586074e-05
"San Diego","Calle 106",0.000110581427641876,6.08943964388036e-06,5.83354336428783e-05
"Terminal","Rionegro",5.00216233074838e-05,6.64663885854062e-05,5.8244005946445e-05
"Av. Primero de Mayo","Biblioteca Tintal",5.9889426664821e-05,5.65903938776315e-05,5.82399102712262e-05
"Gratamira","Quinta Paredes",4.49728357895744e-05,7.11755746472145e-05,5.80742052183944e-05
"La Campiña","El Tiempo - Cámara De Comercio De Bogotá",8.20364911411682e-05,3.40141893347995e-05,5.80253402379838e-05
"La Despensa","Portal Usme",3.58490377323689e-05,8.01894919374124e-05,5.80192648348906e-05
"CAN - British Council","Portal Sur - JFK Coop. Financiera",9.25183478045219e-05,2.26916829327111e-05,5.76050153686165e-05
"Modelia","Fucha",3.19340982318955e-05,8.30491138132521e-05,5.74916060225738e-05
"NQS Calle 30 SUR","San Mateo",8.17040415004394e-05,3.31648339614914e-05,5.74344377309654e-05
"Humedal Córdoba","Calle 26 - Atrio",5.79612901302722e-05,5.69006361550517e-05,5.74309631426619e-05
"Polo - FINCOMERCIO","Nariño",5.51905576058249e-05,5.95037354629929e-05,5.73471465344089e-05
"Suba - Tv. 91","Flores",6.71817181885064e-05,4.73934229723838e-05,5.72875705804451e-05
"Quirigua","Concejo de Bogotá",9.45709401870182e-05,1.99775100088269e-05,5.72742250979226e-05
"Museo Nacional","Transversal 86",0.00010486088394028,9.68004357856579e-06,5.72704637594231e-05
"Calle 187","Carrera 47",5.56742755526815e-05,5.87563446254911e-05,5.72153100890863e-05
"Suba - Tv. 91","Movistar Arena",6.02718807678721e-05,5.4125873809632e-05,5.71988772887521e-05
"Quinta Paredes","Portal Sur - JFK Coop. Financiera",9.07350466541959e-05,2.33890834009714e-05,5.70620650275837e-05
"Portal 20  de Julio","Salitre El Greco - Vive Claro",9.73113123207759e-05,1.6336938309529e-05,5.68241253151524e-05
"Calle 85 - Gato Dumas","Mandalay",5.12028820175991e-05,6.20809727547176e-05,5.66419273861584e-05
"Universidades CityU","Portal Usme",5.86047522153029e-05,5.46084286989072e-05,5.6606590457105e-05
"Quirigua","Ricaurte",2.41652879973425e-05,8.87951180117936e-05,5.6480203004568e-05
"Portal Suba","7 de Agosto",4.30443377672481e-05,6.96064056358673e-05,5.63253717015577e-05
"Normandia","Calle 40 Sur",3.92021811399071e-05,7.29251762031756e-05,5.60636786715413e-05
"Modelia","Restrepo",3.00257088244891e-05,8.2014326007227e-05,5.60200174158581e-05
"Las Aguas - Centro Colombo Americano","Avenida 68",9.72058561880913e-05,1.47213384949813e-05,5.59635973415363e-05
"La Despensa","Restrepo",7.62345148911903e-05,3.546125487605e-05,5.58478848836201e-05
"Av. Primero de Mayo","Flores",9.98534014790443e-05,1.18177310516975e-05,5.58355662653709e-05
"Terreros - H. Cardiovascular","Olaya",4.4584687049346e-05,6.69811806230065e-05,5.57829338361763e-05
"Calle 127","Distrito Grafiti",3.00277221196143e-05,8.12587171885755e-05,5.56432196540949e-05
"Museo Nacional","Minuto De Dios",0.000109314455105914,1.73252731925728e-06,5.55234912125857e-05
"Campin - UAN","Santa Lucía",7.19126274335888e-05,3.87364655637152e-05,5.5324546498652e-05
"San Diego","Transversal 86",0.000103727268674617,6.52249501189081e-06,5.51248818432538e-05
"Alcalá - Colegio S. Tomás Dominicos","Salitre El Greco - Vive Claro",8.43599234799812e-05,2.57728410683842e-05,5.50663822741827e-05
"Comuneros","León XIII",3.72888765812982e-05,7.26356554354244e-05,5.49622660083613e-05
"Museo Del Oro","Modelia",7.78008926668646e-05,3.18120951654343e-05,5.48064939161495e-05
"Carrera 53","Santa Isabel",9.87730455149485e-05,1.07249021894308e-05,5.47489738521896e-05
"De La Sabana","Calle 106",4.32280100002708e-05,6.62548056561691e-05,5.474140782822e-05
"Portal Sur - JFK Coop. Financiera","Av. Eldorado",3.22724011406329e-05,7.70682425316474e-05,5.46703218361401e-05
"Puente Aranda","Humedal Córdoba",7.56503831671958e-05,3.34335193579165e-05,5.45419512625561e-05
"Suba - Tv. 91","CAN - British Council",4.19320414438615e-05,6.71419133985451e-05,5.45369774212033e-05
"San Facon Carrera 22","Calle 106",5.8178578236988e-05,5.07725760093738e-05,5.44755771231809e-05
"De La Sabana","Suba Calle 100",0.000104413068802386,4.39431963044352e-06,5.44036942164148e-05
"Transversal 86","Calle 57",7.60543120349121e-05,3.27189326749059e-05,5.4386622354909e-05
"Paloquemao","La Despensa",1.68520732275181e-05,9.19136634511137e-05,5.43828683393159e-05
"Puentelargo","Tygua-San José",2.80980698034493e-05,8.04452949133168e-05,5.4271682358383e-05
"Portal 20  de Julio","Biblioteca Tintal",2.7243661703793e-05,8.12037226897097e-05,5.42236921967514e-05
"Carrera 43 - Comapan","Portal 80",6.84024113872915e-05,4.00151836712119e-05,5.42087975292517e-05
"Avenida Cali","Centro Memoria",9.42330200942931e-05,1.38923035305712e-05,5.40626618124321e-05
"Distrito Grafiti","León XIII",6.60163610291521e-05,4.19957830009145e-05,5.40060720150333e-05
"Prado","CAD",2.64762025150882e-05,8.13514001717083e-05,5.39138013433983e-05
"Bicentenario","Carrera 47",9.78114106179324e-05,1.00025386649845e-05,5.39069746414585e-05
"Polo - FINCOMERCIO","Banderas",5.19780696216736e-05,5.54096603245172e-05,5.36938649730954e-05
"Portal 80","Ricaurte",1.68034308531504e-05,9.03337413253789e-05,5.35685860892647e-05
"Portal Américas","Universidad Nacional",3.65052101770416e-05,7.03275189634563e-05,5.3416364570249e-05
"Portal Sur - JFK Coop. Financiera","Campin - UAN",1.35210776051761e-05,9.31407627110615e-05,5.33309201581188e-05
"Quirigua","Av. 39",6.27025841279435e-05,4.39112871755454e-05,5.33069356517444e-05
"Policarpa","Normandia",8.56179301867147e-05,2.09907046773936e-05,5.33043174320542e-05
"Zona Industrial","Carrera 90",9.21938289082214e-05,1.43201599753587e-05,5.32569944417901e-05
"21 Ángeles","Gobernacion",3.49008782107571e-05,7.13145950697203e-05,5.31077366402387e-05
"Calle 127","Calle 26 - Atrio",6.04381252120288e-05,4.56121647436525e-05,5.30251449778407e-05
"CDS Carrera 32","Bosa",6.29644927885415e-05,4.30834681301605e-05,5.3023980459351e-05
"Escuela Militar","Fucha",2.17784674862615e-05,8.42587991101223e-05,5.30186332981919e-05
"Calle 142","Marly",5.35198867634403e-05,5.22723391612939e-05,5.28961129623671e-05
"Calle 161","Movistar Arena",2.51434027559521e-05,8.05682488321236e-05,5.28558257940378e-05
"Calle 161","Campin - UAN",1.62609019073833e-05,8.94011242831218e-05,5.28310130952526e-05
"Quiroga","Flores",3.44288612571948e-05,7.10629662736693e-05,5.2745913765432e-05
"Country Sur","La Despensa",4.4252583143144e-05,6.06731654469977e-05,5.24628742950708e-05
"San Mateo","Molinos",7.46022429707829e-05,3.02523189165461e-05,5.24272809436645e-05
"Portal El Dorado – C.C Nuestro Bogotá","Portal Sur - JFK Coop. Financiera",2.52233907880381e-05,7.95500227658368e-05,5.23867067769375e-05
"Avenida Cali","Ricaurte",4.41172759396892e-05,6.04690961729806e-05,5.22931860563349e-05
"Minuto De Dios","Biblioteca Tintal",6.05549951457149e-05,4.38577663887743e-05,5.22063807672446e-05
"Normandia","Portal Sur - JFK Coop. Financiera",5.21526122528371e-05,5.20821323540651e-05,5.21173723034511e-05
"21 Ángeles","Campin - UAN",5.91439090565582e-05,4.45960206577444e-05,5.18699648571513e-05
"Puentelargo","Universidades CityU",6.65272118232271e-05,3.6793015144231e-05,5.1660113483729e-05
"CAN - British Council","Consuelo",5.47148525597026e-05,4.84169726528857e-05,5.15659126062941e-05
"Cl38A sur - CENTRO MAYOR","Flores",7.98080877861762e-05,2.32169742311073e-05,5.15125310086417e-05
"Museo Del Oro","Suba - Calle 95",9.876418846449e-05,3.75158541477351e-06,5.12578869396318e-05
"San Victorino","Calle 100 - Marketmedios",8.86078815433542e-05,1.37616728886319e-05,5.11847772159931e-05
"CAN - British Council","Portal Tunal",8.88511072039068e-05,1.34787376259409e-05,5.11649224149238e-05
"NQS Calle 75","Nariño",7.48491118534732e-05,2.73183548968612e-05,5.10837333751672e-05
"Biblioteca","Calle 57",2.47372083758243e-05,7.72612793400604e-05,5.09992438579423e-05
"Biblioteca Tintal","Molinos",5.70210538162724e-05,4.47456951357906e-05,5.08833744760315e-05
"San Diego","Portal El Dorado – C.C Nuestro Bogotá",7.18303627399656e-05,2.98795599114669e-05,5.08549613257163e-05
"Terminal","Avenida Cali",7.68912346574958e-05,2.46949826676235e-05,5.07931086625597e-05
"San Diego","Boyacá",9.70765489272974e-05,4.49778762192768e-06,5.07871682746125e-05
"Portal Américas","Fucha",8.02735238810937e-05,2.10119331472751e-05,5.06427285141844e-05
"Biblioteca Tintal","NQS Calle 75",3.96827218342926e-05,6.15941927976706e-05,5.06384573159816e-05
"Estación San Bernardo","Escuela Militar",8.53462943828245e-05,1.59040173923091e-05,5.06251558875668e-05
"Portal 80","Av. 39",4.23321741266756e-05,5.88579442279791e-05,5.05950591773274e-05
"Calle 142","Universidad Nacional",3.09581640598496e-05,7.01572989916522e-05,5.05577315257509e-05
"Av. Rojas - UNISALESIANA","Santa Lucía",4.20389127923698e-05,5.90278281720207e-05,5.05333704821952e-05
"León XIII","Olaya",8.63296906892413e-05,1.4717901692913e-05,5.05237961910772e-05
"Minuto De Dios","Transversal 86",7.26715897874114e-05,2.83744026308417e-05,5.05229962091266e-05
"La Campiña","Campin - UAN",2.41662234736459e-05,7.67948228947204e-05,5.04805231841831e-05
"Calle 127","Centro Memoria",8.72340148432296e-05,1.29971250808407e-05,5.01155699620352e-05
"Mazurén","Movistar Arena",4.77896483842738e-05,5.23745929077781e-05,5.00821206460259e-05
"Calle 127","Paloquemao",3.37394848432075e-05,6.64179848338783e-05,5.00787348385429e-05
"Carrera 43 - Comapan","Pepe Sierra - Utel Universidad",7.07563173877407e-05,2.93833875466792e-05,5.006985246721e-05
"Venecia","Calle 57",4.78134598904158e-05,5.22199940452312e-05,5.00167269678235e-05
"Transversal 86","Danubio",4.25003833205245e-05,5.7485603283124e-05,4.99929933018243e-05
"Bosa","Tygua-San José",4.41200723393582e-05,5.54820194347708e-05,4.98010458870645e-05
"Prado","Corferias",6.90187209816192e-05,3.04119074000082e-05,4.97153141908137e-05
"NQS Calle 30 SUR","Calle 76",5.67528262317767e-05,4.24541796922369e-05,4.96035029620068e-05
"Zona Industrial","Quirigua",6.96011058105889e-05,2.92358392293478e-05,4.94184725199683e-05
"Perdomo","Universidad Nacional",3.27879328300329e-05,6.59085421391844e-05,4.93482374846087e-05
"Country Sur","El Tiempo - Cámara De Comercio De Bogotá",8.79118472600029e-05,1.05789237823304e-05,4.92453855211667e-05
"Bosa","Hortúa",5.17152078256446e-05,4.67602214411436e-05,4.92377146333941e-05
"Policarpa","Héroes - Colmena Seguros",8.63860837658616e-05,1.18158641131857e-05,4.91009739395236e-05
"Pradera - Plaza Central","San Mateo",2.94656771942744e-05,6.85498062170638e-05,4.90077417056691e-05
"Portal Sur - JFK Coop. Financiera","Universidad Nacional",2.25086262446014e-05,7.4521928867264e-05,4.85152775559327e-05
"Country Sur","Portal Américas",3.40629702224658e-05,6.24606258033976e-05,4.82617980129317e-05
"Avenida 68","Santa Isabel",7.02105617276401e-05,2.62836476521892e-05,4.82471046899146e-05
"CDS Carrera 32","Avenida Cali",7.43874397196772e-05,2.20989053542171e-05,4.82431725369471e-05
"Estación San Bernardo","San Martín",7.33398149201538e-05,2.30185157448108e-05,4.81791653324823e-05
"Las Aguas - Centro Colombo Americano","Calle 106",4.30285476619872e-05,5.3283622659419e-05,4.81560851607031e-05
"Pepe Sierra - Utel Universidad","Calle 22",6.90747922986734e-05,2.67730339064101e-05,4.79239131025417e-05
"Normandia","Perdomo",6.07980726816848e-05,3.50148490600337e-05,4.79064608708592e-05
"Calle 161","Flores",5.86890280057623e-05,3.70346090147958e-05,4.78618185102791e-05
"Calle 100 - Marketmedios","Av Américas - Av. Boyacá",3.73932537584893e-05,5.76394216893987e-05,4.7516337723944e-05
"Biblioteca Tintal","Calle 26 - Atrio",6.04185467634053e-05,3.45071794969916e-05,4.74628631301984e-05
"Calle 146","Av. Rojas - UNISALESIANA",4.51295780164889e-05,4.97176908950891e-05,4.7423634455789e-05
"Suba Calle 100","Avenida Jiménez",8.0955414485226e-05,1.37787468306526e-05,4.73670806579393e-05
"Terminal","Carrera 90",6.65578199728333e-05,2.77115631703823e-05,4.71346915716078e-05
"Policarpa","Biblioteca Tintal",6.51890869261164e-05,2.86524444117032e-05,4.69207656689098e-05
"San Victorino","Avenida 68",8.72028199737084e-05,6.34282679013774e-06,4.67728233819231e-05
"Virrey - Cendiatra","Banderas",2.42813547861384e-05,6.90785269432679e-05,4.66799408647032e-05
"Las Nieves","Ferias",8.19379395934191e-05,1.13507264892086e-05,4.66443330413138e-05
"San Victorino","Perdomo",7.83726486003272e-05,1.47024157757092e-05,4.65375321880182e-05
"Avenida 68","Tygua-San José",7.57139229210264e-05,1.71606859712608e-05,4.64373044461436e-05
"Country Sur","Avenida Chile",1.9363512234922e-05,7.34435411209935e-05,4.64035266779578e-05
"Virrey - Cendiatra","Hortúa",4.99247521373438e-05,4.27940335949568e-05,4.63593928661503e-05
"Zona Industrial","Pepe Sierra - Utel Universidad",6.44339472208741e-05,2.81420444931473e-05,4.62879958570107e-05
"Terminal","Quirigua",5.63402367070263e-05,3.60625699195462e-05,4.62014033132863e-05
"Las Aguas - Centro Colombo Americano","Suba Calle 100",9.15743366878036e-05,6.48229250950403e-07,4.6111282969377e-05
"Las Aguas - Centro Colombo Americano","Portal Usme",7.99659238070137e-05,1.21886790530893e-05,4.60773014300515e-05
"Escuela Militar","Restrepo",1.8563211337432e-05,7.35479368105749e-05,4.60555740740035e-05
"Salitre El Greco - Vive Claro","Consuelo",3.86120622949705e-05,5.34529822702964e-05,4.60325222826335e-05
"La Despensa","Fucha",6.29211162634177e-05,2.88857508372592e-05,4.59034335503384e-05
"Calle 187","Carrera 53",7.20899249572251e-05,1.94491719544624e-05,4.57695484558437e-05
"San Facon Carrera 22","Puentelargo",8.88688934002805e-05,2.51781723951234e-06,4.56933553198964e-05
"Ferias","Guatoque - Veraguas",6.68053765428221e-05,2.45230570270756e-05,4.56642167849489e-05
"Mazurén","Campin - UAN",3.09441434697405e-05,6.03220678791433e-05,4.56331056744419e-05
"CDS Carrera 32","Av. Suba - Calle 116",8.52816132885284e-05,5.87861391017792e-06,4.55801135993532e-05
"Toberín- Foundever","7 de Agosto",2.83397811791855e-05,6.27602496100848e-05,4.55500153946351e-05
"Puente Aranda","La Despensa",6.541170213329e-05,2.55585191561593e-05,4.54851106447246e-05
"Ricaurte","La Despensa",3.08117601944883e-05,6.01367264035151e-05,4.54742432990017e-05
"Biblioteca Tintal","Calle 22",5.97730170039669e-05,3.11437348120783e-05,4.54583759080226e-05
"San Martín","Mandalay",7.15386889734806e-05,1.93266276127903e-05,4.54326582931355e-05
"CAN - British Council","Parque",8.45534979698154e-05,6.2916498589528e-06,4.54225739143841e-05
"Boyacá","Transversal 86",6.62846175983243e-05,2.45198862919002e-05,4.54022519451123e-05
"Santa Isabel","Terreros - H. Cardiovascular",2.50324202601525e-05,6.56375367156181e-05,4.53349784878853e-05
"Salitre El Greco - Vive Claro","Parque",6.35265143082383e-05,2.69260365636555e-05,4.52262754359469e-05
"Granja - cra 77","Comuneros",2.62199974351549e-05,6.41992463223749e-05,4.52096218787649e-05
"San Diego","C.C Paseo Villa Del Rio - Madelena",7.25149653792419e-05,1.77960144416136e-05,4.51554899104278e-05
"Portal 80","Concejo de Bogotá",6.434110369861e-05,2.58035528003987e-05,4.50723282495044e-05
"CDS Carrera 32","Portal Usme",7.16648355385385e-05,1.82351184514975e-05,4.4949976995018e-05
"Universidades CityU","C.C Paseo Villa Del Rio - Madelena",5.00594284675596e-05,3.96329073608195e-05,4.48461679141895e-05
"Gratamira","Corferias",3.3877413031772e-05,5.45565736434592e-05,4.42169933376156e-05
"Suba - Calle 95","Marsella",7.37636688427854e-05,1.45743384907625e-05,4.41690036667739e-05
"Boyacá","Biblioteca Tintal",5.26969431567051e-05,3.54954623782331e-05,4.40962027674691e-05
"Las Nieves","Portal El Dorado – C.C Nuestro Bogotá",5.24458685481206e-05,3.5354983272309e-05,4.39004259102148e-05
"Portal Américas","Molinos",5.94194833270234e-05,2.80673211119324e-05,4.37434022194779e-05
"Olaya","Calle 76",2.46585921670351e-05,6.28095243092842e-05,4.37340582381597e-05
"Mazurén","Av. Rojas - UNISALESIANA",3.02008402176513e-05,5.7121246983557e-05,4.36610436006041e-05
"Prado","Quinta Paredes",8.06115957292491e-05,6.70428103678354e-06,4.36579383830163e-05
"Calle 161","Portal El Dorado – C.C Nuestro Bogotá",2.85622888787897e-05,5.86913156131153e-05,4.36268022459525e-05
"C.C Paseo Villa Del Rio - Madelena","Av. 39",3.93478789251644e-05,4.78178351218212e-05,4.35828570234928e-05
"Puente Aranda","Calle 127",3.84297250964118e-05,4.867350179283e-05,4.35516134446209e-05
"Biblioteca Tintal","Av. 39",5.05076071980642e-05,3.62804897183733e-05,4.33940484582187e-05
"Portal Norte - Unicervantes ","Polo - FINCOMERCIO",7.19464207024957e-05,1.45955147448023e-05,4.3270967723649e-05
"Alcalá - Colegio S. Tomás Dominicos","Av. Eldorado",3.00367267223737e-05,5.64419604512909e-05,4.32393435868323e-05
"Zona Industrial","Portal 80",4.86706121738864e-05,3.76227806413972e-05,4.31466964076418e-05
"Concejo de Bogotá","Danubio",6.47285340413061e-05,2.15213840256746e-05,4.31249590334903e-05
"Quirigua","Comuneros",1.14105321055828e-05,7.48241082655733e-05,4.3117320185578e-05
"Ciudad Jardín - UAN","Biblioteca Tintal",6.35082864477124e-05,2.24316485214486e-05,4.29699674845805e-05
"Polo - FINCOMERCIO","Restrepo",2.54921095855898e-05,6.03009450629835e-05,4.28965273242867e-05
"Humedal Córdoba","Distrito Grafiti",6.78423144046291e-05,1.78193374683741e-05,4.28308259365016e-05
"Salitre El Greco - Vive Claro","Molinos",3.0190186239067e-05,5.54456456694102e-05,4.28179159542386e-05
"Avenida Chile","Fucha",6.95361469065353e-05,1.59486815423149e-05,4.27424142244251e-05
"Universidad Nacional","Parque",6.67505036402929e-05,1.84087837752884e-05,4.25796437077906e-05
"Perdomo","Campin - UAN",1.91212035167109e-05,6.59260396368661e-05,4.25236215767885e-05
"Av. Rojas - UNISALESIANA","Bosa",2.46554341759337e-05,6.00157955800852e-05,4.23356148780095e-05
"Portal Norte - Unicervantes ","7 de Agosto",1.09335104168806e-05,7.36735983473495e-05,4.2303554382115e-05
"Avenida Cali","Comuneros",1.9583059794552e-05,6.44769303083696e-05,4.20299950514608e-05
"Avenida 68","Hortúa",2.66414828338521e-05,5.72914712304932e-05,4.19664770321726e-05
"Tygua-San José","Suba Calle 100",4.6710453397819e-05,3.71836435745109e-05,4.19470484861649e-05
"Niza - Calle 127","CAD",5.94240718818475e-05,2.44577435544525e-05,4.194090771815e-05
"Polo - FINCOMERCIO","Fucha",3.0225085802651e-05,5.35023484025559e-05,4.18637171026034e-05
"Avenida 68","Transversal 86",6.36958907064334e-05,1.96910305859483e-05,4.16934606461908e-05
"Modelia","Olaya",2.30041401340994e-05,6.00154357888001e-05,4.15097879614498e-05
"San Martín","Hortúa",5.8076966632006e-05,2.48608086081323e-05,4.14688876200692e-05
"Gratamira","Ciudad Universitaria- Lotería de Bogotá",2.50203748325391e-05,5.7859694026028e-05,4.14400344292835e-05
"Calle 100 - Marketmedios","Tygua-San José",5.56152081727417e-05,2.71763616164801e-05,4.13957848946109e-05
"Granja - cra 77","Guatoque - Veraguas",2.57903457998332e-05,5.69864006261212e-05,4.13883732129772e-05
"De La Sabana","Granja - cra 77",2.61310539707454e-05,5.62157374384164e-05,4.11733957045809e-05
"Boyacá","Guatoque - Veraguas",4.94773944929193e-05,3.27561753257438e-05,4.11167849093315e-05
"Ciudad Universitaria- Lotería de Bogotá","Perdomo",6.85089632790396e-05,1.36105860156727e-05,4.10597746473562e-05
"Calle 142","El Tiempo - Cámara De Comercio De Bogotá",5.7232965547358e-05,2.48644856752335e-05,4.10487256112958e-05
"Estación San Bernardo","Biblioteca Tintal",5.70675934537273e-05,2.49025161493755e-05,4.09850548015514e-05
"Perdomo","Calle 22",4.24043125896983e-05,3.95518121609609e-05,4.09780623753296e-05
"Portal Américas","Campin - UAN",2.99156500664323e-05,5.14325147228832e-05,4.06740823946578e-05
"Ciudad Jardín - UAN","Calle 76",7.42727799831735e-05,6.75990907562155e-06,4.05163445293975e-05
"Portal Usme","Calle 22",4.17856556370971e-05,3.92210255554039e-05,4.05033405962505e-05
"Museo Del Oro","Pepe Sierra - Utel Universidad",2.18474258682278e-05,5.905367244741e-05,4.04505491578189e-05
"Calle 127","Ricaurte",1.60495691622411e-05,6.48003871163405e-05,4.04249781392908e-05
"Bicentenario","Biblioteca Tintal",5.72656457726125e-05,2.35169084726551e-05,4.03912771226338e-05
"Calle 161","Modelia",2.46359414996218e-05,5.60854688668184e-05,4.03607051832201e-05
"C.C Paseo Villa Del Rio - Madelena","7 de Agosto",1.64296396186657e-05,6.41989827705874e-05,4.03143111946266e-05
"Mazurén","Marly",1.98061563172369e-05,6.0722602697089e-05,4.02643795071629e-05
"Av. Suba - Calle 116","Ricaurte",5.13495578515368e-05,2.90636443280718e-05,4.02066010898043e-05
"Gratamira","Universidad Nacional",5.25485627366853e-05,2.74932041285482e-05,4.00208834326167e-05
"Calle 146","Normandia",5.6508522812875e-05,2.3527478779214e-05,4.00180007960445e-05
"La Castellana","Hortúa",6.78477743570156e-05,1.20695332442682e-05,3.99586538006419e-05
"Suba - Tv. 91","Gobernacion",2.59611689874635e-05,5.38906518561477e-05,3.99259104218056e-05
"Carrera 90","Centro Memoria",6.33968963564964e-05,1.6380612860378e-05,3.98887546084372e-05
"Estación San Bernardo","Virrey - Cendiatra",5.88546635592293e-05,2.07863303524428e-05,3.98204969558361e-05
"Carrera 43 - Comapan","Humedal Córdoba",6.34474460458831e-05,1.60959218634441e-05,3.97716839546636e-05
"Calle 106","Universidades CityU",5.77152344955328e-05,2.13084202826049e-05,3.95118273890688e-05
"Calle 187","San Martín",5.80376674696145e-05,2.06709700250805e-05,3.93543187473475e-05
"Alquería","Avenida Chile",3.37133151638559e-05,4.4834599242669e-05,3.92739572032624e-05
"Las Aguas - Centro Colombo Americano","Modelia",6.679319223389e-05,1.16166559252716e-05,3.92049240795808e-05
"Mandalay","La Castellana",6.76281544662247e-05,1.02841968495515e-05,3.89561756578881e-05
"Portal 20  de Julio","La Despensa",2.73299295067403e-05,5.05575762784494e-05,3.89437528925948e-05
"Distrito Grafiti","San Mateo",1.48333165605403e-05,6.2974835592485e-05,3.89040760765126e-05
"Carrera 47","Transversal 86",5.30301942665087e-05,2.46795187828422e-05,3.88548565246754e-05
"Terreros - H. Cardiovascular","Portal Usme",2.2619753898355e-05,5.50843382722462e-05,3.88520460853006e-05
"Portal Américas","Tygua-San José",6.18529483126292e-05,1.58333692776467e-05,3.88431587951379e-05
"Guatoque - Veraguas","Suba Calle 100",6.02693674215527e-05,1.73295301445867e-05,3.87994487830697e-05
"Puentelargo","Guatoque - Veraguas",3.76624262519217e-05,3.97123841516815e-05,3.86874052018016e-05
"Museo Del Oro","Suba Calle 100",7.62646403227436e-05,1.09585200612531e-06,3.86802461644345e-05
"Zona Industrial","Portal Usme",5.21029726519739e-05,2.52313042578844e-05,3.86671384549291e-05
"Humedal Córdoba","Pradera - Plaza Central",4.90643286652996e-05,2.81952407580753e-05,3.86297847116874e-05
"Portal 20  de Julio","Avenida Chile",1.25775727607789e-05,6.42200545787077e-05,3.83988136697433e-05
"Biblioteca Tintal","Marly",4.37819318755415e-05,3.28816503014774e-05,3.83317910885095e-05
"Policarpa","Calle 85 - Gato Dumas",6.22977289204087e-05,1.40626267038192e-05,3.81801778121139e-05
"Bicentenario","Portal El Dorado – C.C Nuestro Bogotá",2.51425332852205e-05,5.10433506742029e-05,3.80929419797117e-05
"Portal Tunal","Marly",2.12173358668465e-05,5.49365233922557e-05,3.80769296295511e-05
"Av. Suba - Calle 116","Tygua-San José",1.59035758760578e-05,6.02238992839079e-05,3.80637375799829e-05
"Las Aguas - Centro Colombo Americano","C.C Paseo Villa Del Rio - Madelena",5.92962304982473e-05,1.68249524851567e-05,3.8060591491702e-05
"Minuto De Dios","Avenida Jiménez",2.98921014128618e-05,4.61954893033746e-05,3.80437953581182e-05
"Universidad Nacional","Portal Tunal",6.12601148565451e-05,1.46859563936398e-05,3.79730356250925e-05
"Ferias","Comuneros",6.25393169860614e-05,1.32443598074001e-05,3.78918383967307e-05
"Avenida Chile","Restrepo",5.94639874595923e-05,1.59783465328564e-05,3.77211669962243e-05
"Suba - Calle 95","Comuneros",6.0165540369817e-05,1.51795758820122e-05,3.76725581259146e-05
"CAN - British Council","Molinos",4.32394131679344e-05,3.19203235055551e-05,3.75798683367448e-05
"Alcalá - Colegio S. Tomás Dominicos","CAN - British Council",6.88792987383694e-05,6.24008215551104e-06,3.75596904469402e-05
"CDS Carrera 32","Calle 127",2.60515565849495e-05,4.90577813502466e-05,3.7554668967598e-05
"San Victorino","Portal El Dorado – C.C Nuestro Bogotá",3.7599429819991e-05,3.74870223052366e-05,3.75432260626138e-05
"Zona Industrial","Humedal Córdoba",5.29887603250386e-05,2.18800375900859e-05,3.74343989575622e-05
"San Diego","Pepe Sierra - Utel Universidad",7.03129204088834e-05,4.31570134426337e-06,3.73143108765734e-05
"Concejo de Bogotá","Perdomo",5.99191567182168e-05,1.47073237960733e-05,3.7313240257145e-05
"Calle 85 - Gato Dumas","Nariño",4.71894406302557e-05,2.7147319842627e-05,3.71683802364413e-05
"Portal Suba","Calle 76",5.01315955314196e-05,2.40447071749323e-05,3.70881513531759e-05
"Puentelargo","Avenida Jiménez",4.69150571083355e-05,2.71791832228565e-05,3.7047120165596e-05
"Parque","Calle 57",1.42344698360784e-05,5.98408426866197e-05,3.7037656261349e-05
"Ferias","Transversal 86",6.38503375231562e-05,1.00666105505641e-05,3.69584740368602e-05
"Quiroga","Calle 76",1.36500364894785e-05,5.98735216466291e-05,3.67617790680538e-05
"San Facon Carrera 22","Granja - cra 77",4.59056603513223e-05,2.74540118710363e-05,3.66798361111793e-05
"Suba - Tv. 91","Campin - UAN",3.87354370632646e-05,3.44309767180825e-05,3.65832068906736e-05
"Estación San Bernardo","Carrera 47",6.90347094083743e-05,3.76106039651634e-06,3.63978849024453e-05
"Policarpa","Polo - FINCOMERCIO",7.01081326894344e-05,2.56182127650776e-06,3.63349769829711e-05
"Granja - cra 77","Santa Isabel",1.91807707763182e-05,5.33910214159591e-05,3.62858960961386e-05
"Prado","Ciudad Universitaria- Lotería de Bogotá",6.29524302183153e-05,9.26481422251708e-06,3.61086222204162e-05
"Marsella","Suba Calle 100",6.86012586143066e-05,3.54350169406627e-06,3.60723801541864e-05
"Mazurén","Normandia",3.86040298241636e-05,3.35086475626784e-05,3.6056338693421e-05
"Banderas","La Castellana",4.54946914781531e-05,2.64462936214665e-05,3.59704925498098e-05
"San Victorino","Av. Suba - Calle 116",2.08499210177667e-05,5.10696937094158e-05,3.59598073635912e-05
"Avenida 68","Biblioteca Tintal",4.56701171087591e-05,2.61117871038003e-05,3.58909521062797e-05
"Ciudad Universitaria- Lotería de Bogotá","Danubio",4.57662205893932e-05,2.59449171591003e-05,3.58555688742468e-05
"CAD","Portal Usme",2.34923113001421e-05,4.79663279366542e-05,3.57293196183982e-05
"Campin - UAN","Consuelo",2.58359363769544e-05,4.56008230940915e-05,3.57183797355229e-05
"Campin - UAN","Molinos",2.18399174874917e-05,4.95951275660486e-05,3.57175225267702e-05
"El Tiempo - Cámara De Comercio De Bogotá","Parque",3.8445388602697e-05,3.29147869231495e-05,3.56800877629233e-05
"Universidad Nacional","Danubio",1.96332139435273e-05,5.17039830853479e-05,3.56685985144376e-05
"Museo Nacional","C.C Paseo Villa Del Rio - Madelena",5.940788596581e-05,1.19102801535865e-05,3.56590830596983e-05
"Terreros - H. Cardiovascular","Restrepo",2.28689420980209e-05,4.83141231614836e-05,3.55915326297523e-05
"General Santander","Flores",4.85995088258997e-05,2.24069479503636e-05,3.55032283881317e-05
"Policarpa","La Castellana",4.69904197034869e-05,2.39097306680691e-05,3.5450075185778e-05
"Sevillana","Marly",4.43945800047718e-05,2.65019242865541e-05,3.54482521456629e-05
"Portal 20  de Julio","Portal Américas",1.74972897312569e-05,5.33621407826159e-05,3.54297152569364e-05
"Avenida Cali","Calle 26 - Atrio",5.65700771249004e-05,1.40951836739563e-05,3.53326303994284e-05
"San Martín","Nariño",3.22148330006122e-05,3.8254128331356e-05,3.52344806659841e-05
"Ciudad Jardín - UAN","Bosa",4.52244176480465e-05,2.51970608747063e-05,3.52107392613764e-05
"De La Sabana","Puentelargo",6.10403859585824e-05,9.25508583994278e-06,3.51477358992626e-05
"San Victorino","Portal Sur - JFK Coop. Financiera",4.80757608904045e-05,2.21943840612175e-05,3.5135072475811e-05
"Santa Lucía","Flores",1.0069456106907e-05,6.01142050430241e-05,3.50918305749656e-05
"Museo Nacional","Granja - cra 77",6.46935152910177e-05,5.47381487185564e-06,3.50836650814367e-05
"Puentelargo","Marsella",5.90998495601965e-05,1.09274734564145e-05,3.50136615083055e-05
"Carrera 53","Transversal 86",6.12749492701187e-05,8.73529031482866e-06,3.50051197924737e-05
"21 Ángeles","Calle 57",3.79568874868054e-05,3.16970056710314e-05,3.48269465789184e-05
"Escuela Militar","NQS Calle 30 SUR",3.15334438956787e-05,3.77929114119981e-05,3.46631776538384e-05
"Quirigua","Santa Isabel",8.6710737433709e-06,6.06545931319925e-05,3.46628334376817e-05
"Rionegro","Mandalay",4.46907702505382e-05,2.44094549514438e-05,3.4550112600991e-05
"Boyacá","Comuneros",4.735671420728e-05,2.12933696910449e-05,3.43250419491625e-05
"CDS Carrera 32","Quirigua",4.05006148254436e-05,2.77773806568221e-05,3.41389977411328e-05
"De La Sabana","Portal Américas",3.50287284947104e-05,3.32373514833979e-05,3.41330399890542e-05
"Gratamira","Marly",5.50775464602139e-05,1.31415523628549e-05,3.41095494115344e-05
"Calle 187","Héroes - Colmena Seguros",2.52735580584799e-05,4.28585574959542e-05,3.40660577772171e-05
"Portal Américas","Hortúa",4.91996166633603e-05,1.88215388567308e-05,3.40105777600456e-05
"Av. Suba - Calle 116","Universidades CityU",3.4725796730574e-05,3.32640164764878e-05,3.39949066035309e-05
"Carrera 90","Ricaurte",3.25710294340744e-05,3.52777193162531e-05,3.39243743751638e-05
"Humedal Córdoba","Calle 22",3.24615816921124e-05,3.52940087528205e-05,3.38777952224664e-05
"Portal Américas","Nariño",5.61352904584054e-05,1.16016642321472e-05,3.38684773452763e-05
"San Victorino","Biblioteca Tintal",5.9316596602546e-05,8.3529577030597e-06,3.38347771528029e-05
"Suba - Calle 95","Av Américas - Av. Boyacá",5.41254255510379e-05,1.32037767420686e-05,3.36646011465533e-05
"Campin - UAN","Biblioteca",4.80132988247447e-05,1.92914070265882e-05,3.36523529256664e-05
"Biblioteca Tintal","Calle 57",3.85591645661826e-05,2.87032290874851e-05,3.36311968268339e-05
"Bicentenario","Carrera 53",6.56132110096333e-05,1.58661348808405e-06,3.35999122488587e-05
"Calle 146","Marly",3.15253862189086e-05,3.54905586734778e-05,3.35079724461932e-05
"Las Aguas - Centro Colombo Americano","Pepe Sierra - Utel Universidad",2.73648498276551e-05,3.94271515178126e-05,3.33960006727338e-05
"Portal El Dorado – C.C Nuestro Bogotá","Perdomo",2.71759214007157e-05,3.94330340428401e-05,3.33044777217779e-05
"San Diego","Minuto De Dios",6.46895759931121e-05,1.89164032355669e-06,3.32906081583344e-05
"Rionegro","Nariño",1.92831399368599e-05,4.69555693544225e-05,3.31193546456412e-05
"Perdomo","Calle 26 - Atrio",3.26777682059376e-05,3.33811766513124e-05,3.3029472428625e-05
"Calle 187","NQS Calle 75",2.5016663794769e-05,4.09347937807062e-05,3.29757287877376e-05
"Portal Américas","Ciudad Universitaria- Lotería de Bogotá",6.13335952150825e-05,4.56813066617015e-06,3.29508629406263e-05
"Pepe Sierra - Utel Universidad","Pradera - Plaza Central",3.67599038139602e-05,2.83593325175075e-05,3.25596181657339e-05
"San Mateo","Danubio",4.35024074632405e-05,2.16017929258808e-05,3.25521001945607e-05
"Rionegro","Hortúa",3.48701742160766e-05,3.00622121232217e-05,3.24661931696491e-05
"Movistar Arena","Santa Lucía",4.81611480418454e-05,1.6763271920956e-05,3.24622099814007e-05
"Carrera 47","Biblioteca Tintal",3.47185217586194e-05,2.99120148121138e-05,3.23152682853666e-05
"Estación San Bernardo","Modelia",5.05634938460507e-05,1.39715923103694e-05,3.22675430782101e-05
"7 de Agosto","Calle 40 Sur",4.14164608055487e-05,2.28670739603823e-05,3.21417673829655e-05
"Escuela Militar","Transversal 86",4.12088967312105e-05,2.30221939502068e-05,3.21155453407087e-05
"Las Nieves","Boyacá",5.60941294063615e-05,8.08436979627353e-06,3.20892496013175e-05
"Transversal 86","Universidades CityU",5.30541326870055e-05,1.11187764948809e-05,3.20864545909432e-05
"CDS Carrera 32","Carrera 90",5.47710811481877e-05,9.30589529108237e-06,3.20384882196351e-05
"Av. Rojas - UNISALESIANA","Biblioteca",3.47596965024812e-05,2.92981168640639e-05,3.20289066832725e-05
"Ciudad Jardín - UAN","Normandia",5.6135869815455e-05,7.91088397600173e-06,3.20233768957283e-05
"Ciudad Universitaria- Lotería de Bogotá","Portal Sur - JFK Coop. Financiera",4.63074858204841e-05,1.77362887556214e-05,3.20218872880528e-05
"Museo Nacional","Avenida Cali",4.33505512258312e-05,2.05305310736999e-05,3.19405411497655e-05
"Alquería","NQS Calle 75",1.96722243478414e-05,4.40482048620929e-05,3.18602146049672e-05
"Campin - UAN","Socorro",3.71436326506759e-05,2.65065492931037e-05,3.18250909718898e-05
"Av. Rojas - UNISALESIANA","Portal Tunal",2.77940449014162e-05,3.57376708252478e-05,3.1765857863332e-05
"Country Sur","Av. Rojas - UNISALESIANA",4.68719735709509e-05,1.66236787415629e-05,3.17478261562569e-05
"Portal Suba","El Tiempo - Cámara De Comercio De Bogotá",5.26312173295188e-05,1.08600228224087e-05,3.17456200759638e-05
"Virrey - Cendiatra","Mandalay",3.63092309307886e-05,2.71573735915347e-05,3.17333022611617e-05
"Héroes - Colmena Seguros","NQS Calle 30 SUR",3.70069144078583e-05,2.5926962662425e-05,3.14669385351417e-05
"Av. Rojas - UNISALESIANA","Socorro",2.04742280845035e-05,4.24164039099688e-05,3.14453159972362e-05
"Portal Tunal","Calle 57",1.26540518689478e-05,5.00563541470705e-05,3.13552030080091e-05
"Portal Américas","Movistar Arena",2.65795922258834e-05,3.61038642358546e-05,3.1341728230869e-05
"Ferias","Biblioteca Tintal",4.87173716654632e-05,1.38903213388297e-05,3.13038465021465e-05
"La Campiña","Universidad Nacional",8.93801576989446e-06,5.3566719700194e-05,3.12523677350442e-05
"Museo Del Oro","Portal Américas",1.16003115223245e-05,5.04252144462179e-05,3.10127629842712e-05
"Bicentenario","Suba - Calle 95",3.80628508299709e-05,2.38554111527125e-05,3.09591309913417e-05
"Carrera 43 - Comapan","Calle 127",3.509081781741e-05,2.67314874129964e-05,3.09111526152032e-05
"Minuto De Dios","Universidades CityU",2.83915058551419e-05,3.30273296657292e-05,3.07094177604356e-05
"Portal Sur - JFK Coop. Financiera","Movistar Arena",1.05577096561447e-05,5.08169377272546e-05,3.06873236916997e-05
"Virrey - Cendiatra","Transversal 86",1.46863567894122e-05,4.64806083760001e-05,3.05834825827061e-05
"Virrey - Cendiatra","Terminal",3.64838323662687e-05,2.4670850913678e-05,3.05773416399734e-05
"San Martín","Banderas",4.84440266219866e-05,1.26667823507046e-05,3.05554044863456e-05
"Carrera 43 - Comapan","La Despensa",5.13908316517377e-05,9.36286947575537e-06,3.03768505637465e-05
"Las Nieves","Calle 106",5.60398250545828e-05,4.67906994639414e-06,3.03594475004885e-05
"San Diego","Portal Usme",4.12838833346466e-05,1.92706896912731e-05,3.02772865129598e-05
"Policarpa","Bosa",3.31846139500721e-05,2.72507122141287e-05,3.02176630821004e-05
"Alquería","Flores",3.44166601679332e-05,2.59851314344297e-05,3.02008958011814e-05
"Portal Norte - Unicervantes ","Calle 76",3.3521247344474e-05,2.66496636644984e-05,3.00854555044862e-05
"Av. Suba - Calle 116","Marsella",4.53018818763911e-05,1.47587611781852e-05,3.00303215272881e-05
"La Campiña","Salitre El Greco - Vive Claro",4.34833754316088e-05,1.61432394322144e-05,2.98133074319116e-05
"Las Nieves","Perdomo",5.23064704175273e-05,7.01428392838485e-06,2.96603771729561e-05
"Portal El Dorado – C.C Nuestro Bogotá","Universidades CityU",3.01226800917966e-05,2.8911555036197e-05,2.95171175639968e-05
"Pradera - Plaza Central","Portal Usme",2.66008092056802e-05,3.22397437608976e-05,2.94202764832889e-05
"Calle 106","Avenida Jiménez",3.40535323830284e-05,2.4761683605075e-05,2.94076079940517e-05
"Portal Suba","Movistar Arena",2.17241997010215e-05,3.68555606380376e-05,2.92898801695295e-05
"Museo Nacional","Calle 127",5.48056599381399e-05,3.70326377040648e-06,2.92544618542732e-05
"Modelia","Calle 40 Sur",1.70995635015959e-05,4.13854296012214e-05,2.92424965514087e-05
"Las Nieves","Biblioteca Tintal",5.36223314085585e-05,4.72457440452767e-06,2.91734529065431e-05
"Centro Memoria","Perdomo",4.85135134233803e-05,9.79099430305997e-06,2.91522538632201e-05
"Comuneros","Terreros - H. Cardiovascular",1.74234340384584e-05,4.06732486120927e-05,2.90483413252756e-05
"San Facon Carrera 22","Pepe Sierra - Utel Universidad",3.7248709507352e-05,2.08299543969066e-05,2.90393319521293e-05
"Alcalá - Colegio S. Tomás Dominicos","Av. 39",2.88148489352429e-05,2.92586785684811e-05,2.9036763751862e-05
"Normandia","Santa Lucía",2.1357887871747e-05,3.653222013718e-05,2.89450540044635e-05
"Alcalá - Colegio S. Tomás Dominicos","Gobernacion",5.22156586736363e-05,5.51846645641954e-06,2.88670625650279e-05
"Puente Aranda","Niza - Calle 127",4.4959420136481e-05,1.26929445706623e-05,2.88261823535716e-05
"Zona Industrial","Calle 127",3.16057213802132e-05,2.59001278282144e-05,2.87529246042138e-05
"Av. Suba - Calle 116","Guatoque - Veraguas",2.20038315441114e-05,3.53778685180739e-05,2.86908500310927e-05
"Policarpa","San Martín",3.96316420609486e-05,1.75828991926949e-05,2.86072706268217e-05
"NQS Calle 75","Fucha",4.23930800360964e-05,1.45732348013596e-05,2.8483157418728e-05
"Policarpa","Escuela Militar",4.63868126925549e-05,1.05357174904615e-05,2.84612650915082e-05
"Puente Aranda","Portal Usme",3.19481105594994e-05,2.47212662286211e-05,2.83346883940602e-05
"Av. Primero de Mayo","Portal Américas",3.1696901159057e-05,2.49460189332902e-05,2.83214600461736e-05
"Portal 20  de Julio","El Tiempo - Cámara De Comercio De Bogotá",4.66147369121735e-05,1.00035593776336e-05,2.83091481449035e-05
"Movistar Arena","Consuelo",1.70938919106301e-05,3.95017445439025e-05,2.82978182272663e-05
"Avenida Cali","Santa Isabel",1.44777585013051e-05,4.19934413066694e-05,2.82355999039873e-05
"Calle 85 - Gato Dumas","Transversal 86",1.99833118259422e-05,3.61965870442477e-05,2.8089949435095e-05
"Cl38A sur - CENTRO MAYOR","Calle 76",3.4308662997983e-05,2.18684736695777e-05,2.80885683337804e-05
"Modelia","Bosa",1.61411938276838e-05,3.99490466800527e-05,2.80451202538682e-05
"Comuneros","Suba Calle 100",4.9458097219909e-05,6.15739852476157e-06,2.78077478723353e-05
"Calle 127","Calle 22",3.25389999245423e-05,2.30585137362419e-05,2.77987568303921e-05
"La Campiña","Flores",4.44517154085652e-05,1.0943674751933e-05,2.76976950802491e-05
"Carrera 43 - Comapan","Portal Usme",4.15706535238692e-05,1.36952913974044e-05,2.76329724606368e-05
"Estación San Bernardo","Rionegro",4.44941522464386e-05,1.0748528212762e-05,2.76213402296003e-05
"Calle 106","Comuneros",1.82091625774198e-05,3.69491441117904e-05,2.75791533446051e-05
"Transversal 86","Flores",4.49177596812032e-05,1.01705579808226e-05,2.75441588310129e-05
"Museo Del Oro","Ferias",4.72445273387345e-05,7.80880646802694e-06,2.75266669033807e-05
"León XIII","Restrepo",4.51180798626951e-05,9.80165975361583e-06,2.74598698081555e-05
"Normandia","Socorro",1.0395065796644e-05,4.45221842132918e-05,2.74586250049679e-05
"Puentelargo","Av Américas - Av. Boyacá",4.48391628728411e-05,9.99039560338553e-06,2.74147792381133e-05
"Las Aguas - Centro Colombo Americano","Biblioteca Tintal",2.44356831427961e-05,3.02877288655303e-05,2.73617060041632e-05
"Venecia","Avenida Chile",1.96584370480116e-05,3.49880973253784e-05,2.7323267186695e-05
"Calle 106","Marsella",2.23144492296055e-05,3.23100570038132e-05,2.73122531167093e-05
"Minuto De Dios","Guatoque - Veraguas",3.68920201571009e-05,1.76457237163505e-05,2.72688719367257e-05
"Carrera 53","Hortúa",4.02351545395356e-05,1.42990509525123e-05,2.72671027460239e-05
"Suba - Av. Boyacá","Av. Eldorado",4.2818994082356e-05,1.1715080291344e-05,2.726703718685e-05
"Distrito Grafiti","Portal Usme",2.75408088805753e-05,2.69154294719066e-05,2.72281191762409e-05
"Ferias","Santa Isabel",4.39223574426676e-05,1.04561147559458e-05,2.71892360993067e-05
"Calle 142","Salitre El Greco - Vive Claro",4.22562621952091e-05,1.20180455619345e-05,2.71371538785718e-05
"Av Américas - Av. Boyacá","Suba Calle 100",5.08074455504062e-05,3.190573866964e-06,2.69990097086851e-05
"Héroes - Colmena Seguros","Terminal",1.31031206915147e-05,4.08194763537754e-05,2.6961298522645e-05
"Humedal Córdoba","Paloquemao",4.65632605091894e-05,7.228546999745e-06,2.68959037544672e-05
"Las Aguas - Centro Colombo Americano","Ferias",5.03918131305123e-05,3.27048519990478e-06,2.68311491652085e-05
"Ferias","Tygua-San José",4.34426880850449e-05,1.01863758461075e-05,2.68145319655762e-05
"Terminal","Carrera 47",2.90832517802911e-05,2.41686616987265e-05,2.66259567395088e-05
"Sevillana","Calle 57",2.9583738743902e-05,2.3543857907673e-05,2.65637983257875e-05
"Virrey - Cendiatra","Biblioteca Tintal",7.96625243060318e-06,4.51303242414089e-05,2.6548288336006e-05
"San Martín","NQS Calle 30 SUR",2.4735306181902e-05,2.8267729749237e-05,2.65015179655695e-05
"San Facon Carrera 22","Av. Suba - Calle 116",5.02992035046731e-05,2.47166784982932e-06,2.63854356772512e-05
"Portal El Dorado – C.C Nuestro Bogotá","Hortúa",2.3732039741162e-05,2.89614332709505e-05,2.63467365060563e-05
"De La Sabana","Pepe Sierra - Utel Universidad",2.75623907609012e-05,2.51266642444518e-05,2.63445275026765e-05
"Terminal","Polo - FINCOMERCIO",1.70255249248238e-05,3.5627874712625e-05,2.63266998187244e-05
"Carrera 53","Biblioteca Tintal",4.19504121526243e-05,1.06632303704228e-05,2.63068212615236e-05
"Calle 161","Av. Rojas - UNISALESIANA",1.73396795773019e-05,3.52398040848538e-05,2.62897418310778e-05
"Niza - Calle 127","Distrito Grafiti",4.14786412904956e-05,1.08753937636688e-05,2.61770175270822e-05
"Av. Suba - Calle 116","Avenida Jiménez",2.57081808472931e-05,2.64948734853352e-05,2.61015271663141e-05
"Quirigua","Centro Memoria",4.32843859306741e-05,8.85592588183758e-06,2.60701559062558e-05
"Ferias","Hortúa",1.53583467519828e-05,3.67344589338938e-05,2.60464028429383e-05
"Calle 146","Universidad Nacional",1.83191292622415e-05,3.37104928498532e-05,2.60148110560473e-05
"Calle 85 - Gato Dumas","NQS Calle 30 SUR",2.76921214090371e-05,2.42911308194444e-05,2.59916261142407e-05
"Avenida Cali","Guatoque - Veraguas",1.88952299563588e-05,3.28840428552953e-05,2.5889636405827e-05
"Concejo de Bogotá","Portal Sur - JFK Coop. Financiera",3.96397965382148e-05,1.21329186999091e-05,2.58863576190619e-05
"Granja - cra 77","Avenida Jiménez",1.91450900837232e-05,3.26190748928496e-05,2.58820824882864e-05
"La Despensa","Nariño",3.43805534167259e-05,1.73422055265438e-05,2.58613794716349e-05
"Suba - Av. Boyacá","Concejo de Bogotá",2.65083528820907e-05,2.51980867867333e-05,2.5853219834412e-05
"Las Aguas - Centro Colombo Americano","Puentelargo",5.03813307982171e-05,1.27165667482119e-06,2.58264937365191e-05
"Av. Primero de Mayo","León XIII",1.78492772320781e-05,3.37497976254512e-05,2.57995374287646e-05
"Museo Del Oro","Portal Sur - JFK Coop. Financiera",2.81573753638774e-05,2.3351090457375e-05,2.57542329106262e-05
"Danubio","Av. 39",2.98819006485567e-05,2.15068493387208e-05,2.56943749936388e-05
"Museo Nacional","Humedal Córdoba",4.91260784375575e-05,2.13903148126887e-06,2.56325549594132e-05
"Alcalá - Colegio S. Tomás Dominicos","CAD",1.19293476574298e-05,3.92218581952165e-05,2.55756029263231e-05
"Toberín- Foundever","Flores",3.29349163964071e-05,1.81985114542142e-05,2.55667139253107e-05
"San Victorino","Ferias",4.71629716803816e-05,3.96666029565555e-06,2.55648159880186e-05
"Calle 146","El Tiempo - Cámara De Comercio De Bogotá",3.57931341504523e-05,1.50068845963763e-05,2.54000093734143e-05
"Boyacá","Santa Isabel",3.36052487937117e-05,1.70896371454467e-05,2.53474429695792e-05
"Museo Nacional","Carrera 90",2.84833794324576e-05,2.21903205990142e-05,2.53368500157359e-05
"Calle 100 - Marketmedios","Banderas",1.35411208811243e-05,3.71206404439856e-05,2.5330880662555e-05
"Zona Industrial","La Despensa",4.08372256739634e-05,9.69326261088409e-06,2.52652441424238e-05
"Socorro","Marly",3.74726554730959e-05,1.30274201215144e-05,2.52500377973051e-05
"Biblioteca Tintal","La Castellana",1.52456920029736e-05,3.51773668665097e-05,2.52115294347417e-05
"Suba - Calle 95","Santa Isabel",4.00497074253613e-05,1.02431617841004e-05,2.51464346047308e-05
"Minuto De Dios","Comuneros",3.62464343578051e-05,1.39609146130598e-05,2.51036744854325e-05
"Terminal","San Martín",3.0153537270537e-05,1.96829615668209e-05,2.4918249418679e-05
"El Tiempo - Cámara De Comercio De Bogotá","Bosa",2.7287458390697e-05,2.24680097123676e-05,2.48777340515323e-05
"Puente Aranda","Terreros - H. Cardiovascular",1.57323921959273e-05,3.39277611289756e-05,2.48300766624514e-05
"Terreros - H. Cardiovascular","Fucha",1.87118988234034e-05,3.08528664565762e-05,2.47823826399898e-05
"Ciudad Jardín - UAN","Héroes - Colmena Seguros",4.52313489898913e-05,4.02987403727855e-06,2.46306115135849e-05
"NQS Calle 75","Restrepo",3.6129172489325e-05,1.30803343985984e-05,2.46047534439617e-05
"San Diego","Biblioteca Tintal",4.62852043463823e-05,2.86322490015138e-06,2.45742146232669e-05
"Carrera 90","Comuneros",1.4926896831672e-05,3.4196362004184e-05,2.4561629417928e-05
"Quirigua","Portal Américas",1.74180903340942e-05,3.16968022749557e-05,2.4557446304525e-05
"Quinta Paredes","Danubio",3.30954943838738e-05,1.5925416564711e-05,2.45104554742924e-05
"Prado","Concejo de Bogotá",4.17419350429114e-05,7.25294832461274e-06,2.44974416837621e-05
"Av. Suba - Calle 116","Av Américas - Av. Boyacá",3.51363014632396e-05,1.38360508807837e-05,2.44861761720116e-05
"Portal Usme","Calle 26 - Atrio",2.51297136755162e-05,2.37747819806484e-05,2.44522478280823e-05
"Ciudad Jardín - UAN","La Despensa",2.14707036223832e-05,2.73811037090459e-05,2.44259036657146e-05
"Biblioteca Tintal","Danubio",2.07887767975678e-05,2.80173803599722e-05,2.440307857877e-05
"Country Sur","Flores",4.47763816433495e-05,3.91689968635715e-06,2.43466406648533e-05
"Movistar Arena","Molinos",1.43765556137613e-05,3.40836535872137e-05,2.42301046004875e-05
"21 Ángeles","Ciudad Universitaria- Lotería de Bogotá",1.05994779735285e-05,3.78594098209607e-05,2.42294438972446e-05
"Policarpa","Virrey - Cendiatra",3.56346267857552e-05,1.27917737873341e-05,2.42132002865446e-05
"Escuela Militar","Olaya",1.03808855047384e-05,3.80079428140998e-05,2.41944141594191e-05
"Escuela Militar","Biblioteca Tintal",2.61414427570074e-05,2.22342426933162e-05,2.41878427251618e-05
"Carrera 90","Calle 26 - Atrio",3.75345505824474e-05,1.06681321161101e-05,2.41013413492787e-05
"Bicentenario","Calle 100 - Marketmedios",3.34974739634984e-05,1.45139936270507e-05,2.40057337952745e-05
"Calle 106","Guatoque - Veraguas",2.28442425028705e-05,2.50529597480667e-05,2.39486011254686e-05
"Calle 187","Polo - FINCOMERCIO",3.28198551660397e-05,1.49184860791645e-05,2.38691706226021e-05
"Boyacá","Hortúa",1.11406655488521e-05,3.63569723136557e-05,2.37488189312539e-05
"Portal Américas","7 de Agosto",2.01336856230439e-05,2.72619784188591e-05,2.36978320209515e-05
"Sevillana","Avenida Chile",1.3057781240653e-05,3.43246318122399e-05,2.36912065264465e-05
"Estación San Bernardo","Carrera 53",4.66662891356749e-05,6.78780762285827e-07,2.36725349489804e-05
"Tygua-San José","La Despensa",1.97849941951942e-05,2.74953089025073e-05,2.36401515488508e-05
"Niza - Calle 127","Calle 26 - Atrio",3.15563032453124e-05,1.56931156439783e-05,2.36247094446454e-05
"Av. Rojas - UNISALESIANA","Molinos",9.5924434685431e-06,3.75716643024145e-05,2.35820538854788e-05
"Las Aguas - Centro Colombo Americano","Perdomo",2.71510835834375e-05,1.99456657607579e-05,2.35483746720977e-05
"Calle 127","Pradera - Plaza Central",1.93924942790876e-05,2.76879433205596e-05,2.35402187998236e-05
"Av. Rojas - UNISALESIANA","Parque",2.42972741910338e-05,2.27479822961724e-05,2.35226282436031e-05
"Av. Primero de Mayo","Calle 76",3.7725670847329e-05,9.25649605899993e-06,2.34910834531645e-05
"Portal Sur - JFK Coop. Financiera","Calle 22",2.67250143898483e-05,2.01727879579918e-05,2.344890117392e-05
"Calle 85 - Gato Dumas","Restrepo",2.11875533996547e-05,2.57038163884245e-05,2.34456848940396e-05
"Bicentenario","Avenida 68",4.20492350593571e-05,4.78346203066885e-06,2.3416348545013e-05
"Corferias","Bosa",2.14180852570612e-05,2.53990841459154e-05,2.34085847014883e-05
"Salitre El Greco - Vive Claro","Bosa",2.87870959094774e-05,1.80212295180813e-05,2.34041627137794e-05
"El Tiempo - Cámara De Comercio De Bogotá","Molinos",1.64210791681125e-05,3.03044958907264e-05,2.33627875294195e-05
"Alcalá - Colegio S. Tomás Dominicos","Corferias",3.15996880279804e-05,1.50346884803716e-05,2.3317188254176e-05
"Terminal","Carrera 53",3.78900005952403e-05,8.73002727694149e-06,2.33100139360909e-05
"Mazurén","El Tiempo - Cámara De Comercio De Bogotá",2.36273717623856e-05,2.29394049826914e-05,2.32833883725385e-05
"Campin - UAN","Parque",2.86986077256814e-05,1.78286509347436e-05,2.32636293302125e-05
"Av. Primero de Mayo","Normandia",3.55527730213575e-05,1.09165678721632e-05,2.32346704467603e-05
"Bicentenario","Suba Calle 100",2.98708149776536e-05,1.65270086679478e-05,2.31989118228007e-05
"Calle 40 Sur","Calle 76",8.73713646674966e-06,3.76368141297152e-05,2.31869752982325e-05
"El Tiempo - Cámara De Comercio De Bogotá","Consuelo",2.13229388284168e-05,2.50097330792953e-05,2.3166335953856e-05
"CDS Carrera 32","Portal 80",2.81250289367939e-05,1.81593875686824e-05,2.31422082527382e-05
"Héroes - Colmena Seguros","Olaya",1.53604735782394e-05,3.07675225909477e-05,2.30639980845935e-05
"Pepe Sierra - Utel Universidad","Universidades CityU",3.67119701374889e-05,9.33976429002295e-06,2.30258672137559e-05
"Policarpa","La Despensa",1.54587222843584e-05,3.05375962573698e-05,2.29981592708641e-05
"Portal Américas","Concejo de Bogotá",4.23141500165241e-05,3.51335714893919e-06,2.29137535827317e-05
"Calle 85 - Gato Dumas","Fucha",2.52915599659087e-05,2.04457126603783e-05,2.28686363131435e-05
"Carrera 47","Nariño",3.25896086806035e-05,1.30321463183584e-05,2.2810877499481e-05
"Puente Aranda","León XIII",3.50628458279773e-05,1.05479710866217e-05,2.28054084572995e-05
"Portal El Dorado – C.C Nuestro Bogotá","Nariño",1.66362714802343e-05,2.89296606580938e-05,2.27829660691641e-05
"Puentelargo","Comuneros",3.18110692691383e-05,1.37548379228123e-05,2.27829535959753e-05
"Suba - Av. Boyacá","Centro Memoria",1.77147720102937e-05,2.7829741686005e-05,2.27722568481493e-05
"Toberín- Foundever","Movistar Arena",1.42099360423014e-05,3.11802040740412e-05,2.26950700581713e-05
"Ricaurte","Terreros - H. Cardiovascular",7.75000727546797e-06,3.76321004739409e-05,2.26910538747044e-05
"Carrera 90","Guatoque - Veraguas",1.40450303475296e-05,3.12521560055722e-05,2.26485931765509e-05
"Portal El Dorado – C.C Nuestro Bogotá","Bosa",1.16370458302132e-05,3.35222311041823e-05,2.25796384671978e-05
"Museo Del Oro","Puentelargo",4.27010551674908e-05,2.24878278549363e-06,2.24749189764922e-05
"Calle 85 - Gato Dumas","Biblioteca Tintal",1.05262329975169e-05,3.43489214097031e-05,2.243757720361e-05
"Perdomo","Movistar Arena",1.47404619566386e-05,3.01315395804395e-05,2.2436000768539e-05
"Museo Del Oro","Boyacá",3.22475356788146e-05,1.25313403019264e-05,2.23894379903705e-05
"Suba - Av. Boyacá","Av. 39",2.97910368853665e-05,1.4788941879671e-05,2.22899893825188e-05
"Rionegro","Banderas",3.04792656452472e-05,1.4088162221807e-05,2.22837139335271e-05
"Niza - Calle 127","Pradera - Plaza Central",3.08349458023632e-05,1.36260288460892e-05,2.22304873242262e-05
"Museo Nacional","Biblioteca Tintal",4.15405739655246e-05,2.91407133638641e-06,2.22273226509555e-05
"Avenida Cali","Calle 22",3.54793170775612e-05,8.77191363078584e-06,2.21256153541735e-05
"NQS Calle 30 SUR","La Castellana",2.64842045486397e-05,1.76609868168646e-05,2.20725956827521e-05
"León XIII","Portal Usme",2.79874357328039e-05,1.61101899749252e-05,2.20488128538646e-05
"Portal Norte - Unicervantes ","Movistar Arena",5.46880660948214e-06,3.86124672755827e-05,2.20406369425324e-05
"Polo - FINCOMERCIO","NQS Calle 30 SUR",3.67575311255467e-05,7.06961395892351e-06,2.19135725422351e-05
"Cl38A sur - CENTRO MAYOR","La Castellana",1.67945175515031e-05,2.69496051025981e-05,2.18720613270506e-05
"Policarpa","Modelia",3.26908828431301e-05,1.08880662900701e-05,2.17894745666001e-05
"León XIII","Fucha",3.70873833766981e-05,6.46345211285547e-06,2.17754177447768e-05
"Portal Américas","Danubio",2.36269989300466e-05,1.98925653496339e-05,2.17597821398402e-05
"Transversal 86","Calle 76",2.8368182033869e-05,1.49880231639809e-05,2.1678102598925e-05
"Humedal Córdoba","Universidades CityU",1.46938165456325e-05,2.85336655459225e-05,2.16137410457775e-05
"Héroes - Colmena Seguros","Quiroga",8.58888196874264e-06,3.45079414775705e-05,2.15484117231566e-05
"San Diego","Granja - cra 77",3.89690479119512e-05,4.07852038180692e-06,2.15237841468791e-05
"Toberín- Foundever","Portal El Dorado – C.C Nuestro Bogotá",1.84452568686595e-05,2.44396504068482e-05,2.14424536377538e-05
"General Santander","Calle 76",2.1373278168336e-05,2.13648478454325e-05,2.13690630068843e-05
"De La Sabana","Av. Suba - Calle 116",3.3683363494966e-05,8.98523128008802e-06,2.1334297387527e-05
"Campin - UAN","Portal Tunal",2.71230040218528e-05,1.53206177361801e-05,2.12218108790165e-05
"Boyacá","Tygua-San José",3.13693235570823e-05,1.08256053311237e-05,2.1097464444103e-05
"Calle 187","Avenida Chile",1.52779507317146e-05,2.68668411237899e-05,2.10723959277523e-05
"Movistar Arena","Socorro",2.47469636419669e-05,1.72380290818372e-05,2.09924963619021e-05
"Las Nieves","Niza - Calle 127",8.98417298473105e-06,3.29274524131288e-05,2.09558126989299e-05
"Carrera 43 - Comapan","Niza - Calle 127",3.71572593750859e-05,4.59110029875198e-06,2.08741798369189e-05
"Toberín- Foundever","Campin - UAN",9.18267154693515e-06,3.2413526221877e-05,2.07980988844061e-05
"La Castellana","Nariño",3.73742427705082e-05,4.18538461077271e-06,2.07798136906405e-05
"San Facon Carrera 22","Bosa",3.1701714657805e-05,9.71587795188507e-06,2.0708796304845e-05
"Avenida Chile","Olaya",3.35309757845174e-05,7.88079742286598e-06,2.07058866036917e-05
"Calle 142","Av. Eldorado",1.4266680470484e-05,2.71168737361015e-05,2.06917771032928e-05
"Las Nieves","Portal Sur - JFK Coop. Financiera",3.2460591254348e-05,8.90622389731023e-06,2.06834075758291e-05
"Biblioteca","Flores",7.36599289316973e-06,3.39802703749068e-05,2.06731316340383e-05
"Las Nieves","Minuto De Dios",3.8047888936606e-05,3.26106987187338e-06,2.06544794042397e-05
"Portal Suba","Campin - UAN",1.40415526075033e-05,2.7220277582588e-05,2.06309150950456e-05
"Av. Rojas - UNISALESIANA","Consuelo",1.25925340598916e-05,2.84580421192476e-05,2.05252880895696e-05
"Bicentenario","Bosa",1.88384995313507e-05,2.21539251508252e-05,2.04962123410879e-05
"Centro Memoria","Portal Sur - JFK Coop. Financiera",3.14809892889051e-05,9.48404460232926e-06,2.04825169456172e-05
"Venecia","NQS Calle 75",1.14802989486058e-05,2.93987201162302e-05,2.0439509532418e-05
"Toberín- Foundever","Modelia",1.54413053597829e-05,2.54208064177969e-05,2.04310558887899e-05
"Alcalá - Colegio S. Tomás Dominicos","Quinta Paredes",3.72970095125537e-05,3.43000866558472e-06,2.03635090890692e-05
"Pepe Sierra - Utel Universidad","Comuneros",1.17826340499739e-05,2.89108652478401e-05,2.0346749648907e-05
"Terminal","Calle 76",7.92170892498692e-06,3.27524651929534e-05,2.03370870589702e-05
"Suba - Calle 95","Mandalay",2.93301191158403e-05,1.12927049781103e-05,2.03114120469753e-05
"Calle 85 - Gato Dumas","Terminal",2.07674256612689e-05,1.97724427893844e-05,2.02699342253267e-05
"Portal 20  de Julio","Av. Rojas - UNISALESIANA",2.47626944845055e-05,1.57343767261475e-05,2.02485356053265e-05
"Museo Del Oro","Portal El Dorado – C.C Nuestro Bogotá",3.03455058169222e-05,1.01209164091405e-05,2.02332111130313e-05
"CDS Carrera 32","Humedal Córdoba",3.886193834879e-05,1.56874152102178e-06,2.02153399349059e-05
"Movistar Arena","Biblioteca",3.24888446203271e-05,7.86727146871841e-06,2.01780580445228e-05
"Niza - Calle 127","Paloquemao",2.62322594727991e-05,1.41023591317584e-05,2.01673093022787e-05
"Portal 80","Centro Memoria",2.94041481227086e-05,1.06773947219212e-05,2.00407714223149e-05
"Policarpa","Carrera 47",3.79146585403226e-05,2.14796677986934e-06,2.0031312660096e-05
"San Diego","Niza - Calle 127",1.67417536673528e-05,2.33199103662082e-05,2.00308320167805e-05
"Calle 161","Normandia",2.28726900458019e-05,1.71508735667003e-05,2.00117818062511e-05
"Ricaurte","León XIII",1.68372002185874e-05,2.30583089980692e-05,1.99477546083283e-05
"Quirigua","Calle 26 - Atrio",2.5338252579935e-05,1.44571830095903e-05,1.98977177947626e-05
"Portal Sur - JFK Coop. Financiera","7 de Agosto",6.37750265244651e-06,3.33090113660944e-05,1.98432570092704e-05
"Calle 187","Calle 76",1.52796853203779e-05,2.43636967085773e-05,1.98216910144776e-05
"Virrey - Cendiatra","Nariño",2.71729154485506e-05,1.24152403702689e-05,1.97940779094097e-05
"Portal Américas","Avenida Jiménez",2.79805893834627e-05,1.1567597688761e-05,1.97740935361119e-05
"Ciudad Jardín - UAN","Portal Américas",2.99721573600487e-05,9.51550049090496e-06,1.97438289254768e-05
"Calle 85 - Gato Dumas","Cl38A sur - CENTRO MAYOR",1.70591667842932e-05,2.23283005793987e-05,1.96937336818459e-05
"Normandia","Bosa",2.05098225484136e-05,1.88524177517603e-05,1.96811201500869e-05
"Calle 106","Santa Isabel",1.20706980383586e-05,2.70591492895866e-05,1.95649236639726e-05
"Las Aguas - Centro Colombo Americano","Boyacá",3.38990959229145e-05,5.1503278043759e-06,1.95247118636452e-05
"Guatoque - Veraguas","Terreros - H. Cardiovascular",9.79190526209679e-06,2.87155185573389e-05,1.92537119097178e-05
"Estación San Bernardo","Bosa",2.25336227847094e-05,1.59705627145276e-05,1.92520927496185e-05
"De La Sabana","Bosa",1.92917641963235e-05,1.91881769002261e-05,1.92399705482748e-05
"Marsella","Portal Usme",2.16963880619747e-05,1.67598121043987e-05,1.92281000831867e-05
"Las Nieves","Pepe Sierra - Utel Universidad",3.56415597260716e-05,2.76923252960313e-06,1.92053961278373e-05
"San Mateo","Olaya",2.48703518932303e-05,1.34055432205907e-05,1.91379475569105e-05
"Carrera 47","NQS Calle 30 SUR",3.0656663613115e-05,7.52071760214635e-06,1.90886906076307e-05
"Ciudad Jardín - UAN","Calle 85 - Gato Dumas",3.2652347293004e-05,5.45257125770682e-06,1.90524592753554e-05
"Escuela Militar","Quiroga",6.20258430463436e-06,3.18333829531543e-05,1.90179836288943e-05
"Ciudad Jardín - UAN","Polo - FINCOMERCIO",3.71454918601019e-05,8.60078056067672e-07,1.90027849580848e-05
"Quirigua","Guatoque - Veraguas",1.04980534260576e-05,2.74839492191831e-05,1.89910013226204e-05
"Ciudad Jardín - UAN","La Castellana",2.49659050506862e-05,1.29844740890504e-05,1.89751895698683e-05
"Alquería","Calle 76",1.54674348187372e-05,2.24532109034779e-05,1.89603228611075e-05
"Calle 106","Av Américas - Av. Boyacá",1.65209338272745e-05,2.13933754567272e-05,1.89571546420009e-05
"Portal 80","Comuneros",8.02245853906101e-06,2.97786640243171e-05,1.89005612816891e-05
"Héroes - Colmena Seguros","Transversal 86",2.35944829933192e-05,1.41341904487304e-05,1.88643367210248e-05
"Policarpa","Portal Américas",2.76619665451058e-05,9.97705370146267e-06,1.88195101232842e-05
"Escuela Militar","Cl38A sur - CENTRO MAYOR",2.04269824974006e-05,1.72039064222559e-05,1.88154444598283e-05
"Héroes - Colmena Seguros","Cl38A sur - CENTRO MAYOR",2.26501109778137e-05,1.48641103749069e-05,1.87571106763603e-05
"Minuto De Dios","Santa Isabel",2.60514291613223e-05,1.14019209211698e-05,1.8726675041246e-05
"Molinos","Marly",2.48785648905414e-05,1.25559757942299e-05,1.87172703423856e-05
"Portal Sur - JFK Coop. Financiera","Calle 26 - Atrio",2.08562888833249e-05,1.65666503429999e-05,1.87114696131624e-05
"CDS Carrera 32","La Despensa",2.74826027915955e-05,9.88083150629186e-06,1.86817171489437e-05
"Perdomo","Av. 39",1.63313814766729e-05,2.10094122487263e-05,1.86703968626996e-05
"Bicentenario","Puentelargo",1.5229158130696e-05,2.19645027677712e-05,1.85968304492336e-05
"San Diego","Humedal Córdoba",3.07869252430682e-05,6.28235719877909e-06,1.85346412209236e-05
"Universidades CityU","Perdomo",2.29317269062283e-05,1.41341780767929e-05,1.85329524915106e-05
"Santa Isabel","Suba Calle 100",3.30523637184924e-05,3.9853071765279e-06,1.85188354475101e-05
"Calle 142","CAN - British Council",3.41060643290286e-05,2.92191036127362e-06,1.85139873451511e-05
"Portal 80","Portal Américas",1.53164462175381e-05,2.1564533634957e-05,1.84404899262476e-05
"Calle 100 - Marketmedios","Transversal 86",8.52453015796709e-06,2.83088936972679e-05,1.84167119276175e-05
"Zona Industrial","Niza - Calle 127",3.06659836148543e-05,6.11516634053931e-06,1.83905749776968e-05
"Portal 80","Calle 26 - Atrio",1.71764682100671e-05,1.95574292301595e-05,1.83669487201133e-05
"Av Américas - Av. Boyacá","Portal Usme",1.95489068584582e-05,1.71049655504228e-05,1.83269362044405e-05
"Virrey - Cendiatra","NQS Calle 30 SUR",1.67363952666724e-05,1.98293653259561e-05,1.82828802963142e-05
"Calle 100 - Marketmedios","Hortúa",1.98237040870485e-05,1.66574490729377e-05,1.82405765799931e-05
"San Victorino","Boyacá",3.26971424713995e-05,3.63876878562663e-06,1.81679556285131e-05
"Consuelo","Marly",2.7914950432566e-05,8.27259321999947e-06,1.80937718262828e-05
"Portal 20  de Julio","Flores",3.07177121045009e-05,5.39876635036464e-06,1.80582392274327e-05
"San Diego","Perdomo",3.33752217413732e-05,2.66486309597813e-06,1.80200424186757e-05
"Museo Nacional","Niza - Calle 127",2.66449766897342e-05,9.36077713303196e-06,1.80028769113831e-05
"San Facon Carrera 22","Avenida Cali",3.2614698025409e-05,3.34638270014827e-06,1.79805403627786e-05
"San Martín","Transversal 86",3.0014713538312e-05,5.92427698152964e-06,1.79694952599208e-05
"21 Ángeles","Quinta Paredes",2.07526415373659e-05,1.51735069663229e-05,1.79630742518444e-05
"Normandia","Portal Tunal",1.55102496011419e-05,2.03658041869739e-05,1.79380268940579e-05
"Guatoque - Veraguas","León XIII",2.09078532333783e-05,1.49601099385467e-05,1.79339815859625e-05
"Bosa","Avenida Jiménez",1.69202069105515e-05,1.88422675319697e-05,1.78812372212606e-05
"Polo - FINCOMERCIO","Transversal 86",3.09277469838801e-05,4.76465018281712e-06,1.78461985833486e-05
"Campin - UAN","Danubio",7.56747433058993e-06,2.80674065000968e-05,1.78174404153434e-05
"Socorro","Calle 57",2.12433003053421e-05,1.41465426697929e-05,1.76949214875675e-05
"CAD","La Despensa",7.87795334814488e-06,2.75101526454666e-05,1.76940529968057e-05
"San Diego","Calle 127",3.3086681202366e-05,2.21096772375595e-06,1.7648824463061e-05
"Centro Memoria","Portal Usme",2.05258042270036e-05,1.46762055592483e-05,1.76010048931259e-05
"CAN - British Council","Bosa",2.87585724326892e-05,6.43958017403448e-06,1.75990763033619e-05
"De La Sabana","Calle 127",1.30306281094478e-05,2.21088127697407e-05,1.75697204395943e-05
"Escuela Militar","Alquería",1.05883670265331e-05,2.44087688839287e-05,1.74985679552309e-05
"Gobernacion","Bosa",2.80994905480888e-05,6.86640372437881e-06,1.74829471362338e-05
"Granja - cra 77","Portal Américas",1.22351423199569e-05,2.2559740074259e-05,1.73974411971079e-05
"La Campiña","CAN - British Council",2.90069237394979e-05,5.75852965972667e-06,1.73827266996123e-05
"Portal 80","Guatoque - Veraguas",7.3208281810552e-06,2.73774138011448e-05,1.73491209911e-05
"Humedal Córdoba","Marsella",2.57228750236371e-05,8.68896155577735e-06,1.72059182897072e-05
"Carrera 90","Santa Isabel",1.11936611891738e-05,2.31637123648429e-05,1.71786867770084e-05
"Calle 100 - Marketmedios","Mandalay",1.98732329616499e-05,1.44198637319584e-05,1.71465483468042e-05
"Museo Del Oro","Calle 127",1.02800913701115e-05,2.39750130412018e-05,1.71275522056566e-05
"La Despensa","Hortúa",2.3775649062783e-05,1.02724404281622e-05,1.70240447454726e-05
"Carrera 47","Restrepo",1.62190790294544e-05,1.78254708327478e-05,1.70222749311011e-05
"Sevillana","NQS Calle 75",7.63424423036071e-06,2.62756916113397e-05,1.69549679208502e-05
"Country Sur","NQS Calle 75",1.19169570570072e-05,2.19546682600874e-05,1.69358126585473e-05
"Corferias","La Despensa",9.33564342980751e-06,2.44727030680997e-05,1.69041732489536e-05
"Normandia","Biblioteca",1.82765594916368e-05,1.55244217416351e-05,1.69004906166359e-05
"Biblioteca Tintal","Flores",2.43388387417967e-05,9.26082369952968e-06,1.67998312206632e-05
"San Diego","Avenida Cali",2.63549525543768e-05,7.16932472257273e-06,1.67621386384748e-05
"Calle 100 - Marketmedios","Biblioteca Tintal",4.85203473236828e-06,2.85868256615364e-05,1.67194301969523e-05
"Las Nieves","Humedal Córdoba",1.64537180718387e-05,1.69185524819571e-05,1.66861352768979e-05
"Gratamira","Av. Eldorado",2.37892269304546e-05,9.54809368806255e-06,1.66686603092586e-05
"Bosa","Campin - UAN",3.91155013415771e-06,2.94120882092144e-05,1.66618191716861e-05
"Portal El Dorado – C.C Nuestro Bogotá","Fucha",1.32521175246015e-05,2.00621885880054e-05,1.66571530563034e-05
"Terminal","La Castellana",2.90143923273555e-05,4.28104461023833e-06,1.66477184687969e-05
"Prado","Distrito Grafiti",9.29432402740419e-06,2.39292825097493e-05,1.66118032685768e-05
"Suba - Tv. 91","Calle 57",2.0127845615977e-05,1.30626990064363e-05,1.65952723112066e-05
"Alcalá - Colegio S. Tomás Dominicos","Ciudad Universitaria- Lotería de Bogotá",2.8435952157345e-05,4.74850560255034e-06,1.65922288799477e-05
"Puentelargo","Mandalay",2.57643412384737e-05,7.40943552409732e-06,1.65868883812855e-05
"Museo Del Oro","Minuto De Dios",2.18073931244756e-05,1.10977519248614e-05,1.64525725246685e-05
"San Victorino","Calle 106",2.91763861172394e-05,3.71626841932559e-06,1.64463272682825e-05
"Calle 146","Salitre El Greco - Vive Claro",2.5987703858217e-05,6.88405355017593e-06,1.64358787041965e-05
"Prado","Calle 26 - Atrio",1.89547928135988e-05,1.38975014637547e-05,1.64261471386768e-05
"Avenida Chile","Quiroga",2.01526816455836e-05,1.2638163786948e-05,1.63954227162658e-05
"Pepe Sierra - Utel Universidad","Avenida Jiménez",2.16921718479329e-05,1.09900560719465e-05,1.63411139599397e-05
"Carrera 43 - Comapan","León XIII",2.76247423534611e-05,5.03421741012265e-06,1.63294798817919e-05
"Calle 161","Calle 57",1.51494918708433e-05,1.74928499207502e-05,1.63211708957967e-05
"Suba - Calle 95","Nariño",1.14331977224264e-05,2.12048237973989e-05,1.63190107599127e-05
"C.C Paseo Villa Del Rio - Madelena","Marly",1.78587427253009e-05,1.46110947793465e-05,1.62349187523237e-05
"Suba - Calle 95","Hortúa",2.06882517485481e-05,1.17527000512283e-05,1.62204758998882e-05
"Puente Aranda","San Mateo",7.92143963694286e-06,2.45023155706671e-05,1.6211877603805e-05
"Rionegro","NQS Calle 30 SUR",1.4582979130306e-05,1.7802560690149e-05,1.61927699102275e-05
"Quinta Paredes","Bosa",2.60831328577463e-05,6.19205439749307e-06,1.61375936276197e-05
"Portal Tunal","Flores",3.93767683863112e-06,2.82356484555264e-05,1.60866626470787e-05
"Virrey - Cendiatra","Cl38A sur - CENTRO MAYOR",1.04153504654943e-05,2.16736174115773e-05,1.60444839385358e-05
"Escuela Militar","General Santander",1.37021161398698e-05,1.83316082565737e-05,1.60168621982217e-05
"San Facon Carrera 22","Calle 127",1.77247518359389e-05,1.41949338364099e-05,1.59598428361744e-05
"Policarpa","Rionegro",2.39678034729559e-05,7.91810793958222e-06,1.59429557062691e-05
"Estación San Bernardo","Calle 100 - Marketmedios",2.31591222524309e-05,8.68256587858168e-06,1.59208440655063e-05
"Av. Suba - Calle 116","Mandalay",2.09954713744573e-05,1.06914012632765e-05,1.58434363188669e-05
"Portal Américas","Avenida Chile",1.03531523618251e-05,2.12615389846569e-05,1.5807345673241e-05
"Biblioteca Tintal","Universidades CityU",2.34769879064048e-05,8.09249012880179e-06,1.57847390176033e-05
"Portal 80","Santa Isabel",6.12843318299714e-06,2.54249051777646e-05,1.57766691803809e-05
"Museo Nacional","Portal Usme",2.43508080416085e-05,7.15270625720892e-06,1.57517571494087e-05
"Estación San Bernardo","Avenida 68",3.01029990680733e-05,1.35320060038154e-06,1.57280998342274e-05
"Granja - cra 77","Universidades CityU",1.68962507634564e-05,1.4486269933795e-05,1.56912603486257e-05
"San Martín","Fucha",1.80147535242038e-05,1.33319693041724e-05,1.56733614141881e-05
"Carrera 47","Fucha",1.88871915317339e-05,1.24573354548042e-05,1.56722634932691e-05
"Portal Suba","Salitre El Greco - Vive Claro",2.7328011520281e-05,4.00769907982548e-06,1.56678553000532e-05
"Polo - FINCOMERCIO","Olaya",1.37881382674138e-05,1.75171462621482e-05,1.5652642264781e-05
"Estación San Bernardo","Portal Américas",2.2354136654412e-05,8.56126978019684e-06,1.54577032173044e-05
"Bosa","Av. Eldorado",8.75451983351675e-06,2.21565061871365e-05,1.54555130103266e-05
"Carrera 90","Calle 22",2.39342447325222e-05,6.90387701777571e-06,1.54190608751489e-05
"Portal El Dorado – C.C Nuestro Bogotá","Quiroga",8.47415318920696e-06,2.23066845490639e-05,1.53904188691354e-05
"CDS Carrera 32","León XIII",1.49163153596037e-05,1.58341671552306e-05,1.53752412574171e-05
"Av. Suba - Calle 116","Comuneros",1.905064894817e-05,1.16551355266823e-05,1.53528922374262e-05
"Puentelargo","Santa Isabel",2.14687492848992e-05,9.11911940080231e-06,1.52939343428507e-05
"Suba - Tv. 91","Quinta Paredes",1.5020745563372e-05,1.55494112201409e-05,1.52850783917564e-05
"Biblioteca Tintal","Calle 76",1.61688548019689e-05,1.43982964007746e-05,1.52835756013718e-05
"Mandalay","Suba Calle 100",2.7980620981962e-05,2.48209771765794e-06,1.523135934981e-05
"21 Ángeles","Universidad Nacional",2.15704675972025e-05,8.74589462927618e-06,1.51581811132393e-05
"Gobernacion","Danubio",2.09952479501745e-05,9.30475023467472e-06,1.51499990924246e-05
"Pepe Sierra - Utel Universidad","Guatoque - Veraguas",1.47025981958599e-05,1.55287609250241e-05,1.5115679560442e-05
"Estación San Bernardo","Portal El Dorado – C.C Nuestro Bogotá",2.00559210204354e-05,1.01747694079734e-05,1.51153452142044e-05
"Las Aguas - Centro Colombo Americano","Portal El Dorado – C.C Nuestro Bogotá",2.60448658547639e-05,4.09128187561317e-06,1.50680738651885e-05
"Portal El Dorado – C.C Nuestro Bogotá","Restrepo",1.2546285591142e-05,1.72268680494096e-05,1.48865768202758e-05
"21 Ángeles","Marly",2.06371340748257e-05,8.99522492521795e-06,1.48161795000218e-05
"Venecia","Flores",1.75762208188131e-05,1.20128079163212e-05,1.47945143675671e-05
"Av. Rojas - UNISALESIANA","La Despensa",1.14797567796835e-05,1.79986206174618e-05,1.47391886985726e-05
"Calle 85 - Gato Dumas","General Santander",1.08585356604317e-05,1.85984155021151e-05,1.47284755812734e-05
"Pepe Sierra - Utel Universidad","Marsella",1.56680730448968e-05,1.37013406630447e-05,1.46847068539707e-05
"Portal Américas","Centro Memoria",2.74384853496012e-05,1.90918874782451e-06,1.46738370487129e-05
"Humedal Córdoba","Av Américas - Av. Boyacá",2.03991362278837e-05,8.59201982962623e-06,1.4495578028755e-05
"Museo Del Oro","Granja - cra 77",1.34246674669429e-05,1.5478769374241e-05,1.4451718420592e-05
"Héroes - Colmena Seguros","General Santander",1.43112430927744e-05,1.44907391341335e-05,1.4400991113454e-05
"Estación San Bernardo","Suba - Calle 95",2.64854206903051e-05,2.24546408607856e-06,1.43654423881919e-05
"Humedal Córdoba","Ricaurte",2.32982247097671e-05,5.42218074076068e-06,1.43602027252639e-05
"Av. Primero de Mayo","Héroes - Colmena Seguros",2.30195101162867e-05,5.61959801431175e-06,1.43195540652992e-05
"Ciudad Jardín - UAN","Escuela Militar",2.49825108544296e-05,3.48140918815416e-06,1.42319600212919e-05
"Portal Norte - Unicervantes ","Portal El Dorado – C.C Nuestro Bogotá",8.67334098126771e-06,1.96970810622186e-05,1.41852110217432e-05
"Pepe Sierra - Utel Universidad","Santa Isabel",7.82404739113171e-06,2.03629821652278e-05,1.40935147781797e-05
"Bosa","Universidad Nacional",6.26909767471972e-06,2.19170417765044e-05,1.40930697256121e-05
"Calle 142","Gobernacion",2.55595858575808e-05,2.53465641372945e-06,1.40471211356551e-05
"Las Nieves","Granja - cra 77",2.34898304436786e-05,4.45721682416633e-06,1.39735236339225e-05
"Minuto De Dios","Tygua-San José",2.2714006573493e-05,5.1294448256372e-06,1.39217256995651e-05
"Granja - cra 77","Tygua-San José",1.53008019343329e-05,1.24967938736497e-05,1.38987979039913e-05
"San Diego","Carrera 90",1.75551793065696e-05,1.0226822453042e-05,1.38910008798058e-05
"NQS Calle 75","Olaya",2.01747006530295e-05,7.60384116007082e-06,1.38892709065502e-05
"Country Sur","La Castellana",5.93881147017466e-06,2.17819140417515e-05,1.38603627559631e-05
"Banderas","Portal Usme",1.30996526216621e-05,1.45421555572047e-05,1.38209040894334e-05
"Prado","Paloquemao",9.52081621338129e-06,1.80594843882363e-05,1.37901503008088e-05
"Prado","Centro Memoria",2.41400635329519e-05,3.38902328783292e-06,1.37645434103924e-05
"Suba - Tv. 91","Ciudad Universitaria- Lotería de Bogotá",7.19240451678399e-06,2.02949530499391e-05,1.37436787833615e-05
"Las Aguas - Centro Colombo Americano","Av. Suba - Calle 116",2.64094074465986e-05,1.00746199481409e-06,1.37084347207063e-05
"Perdomo","7 de Agosto",8.70069162957269e-06,1.87118523834707e-05,1.37062720065217e-05
"Movistar Arena","Danubio",4.94529820774565e-06,2.24255025201621e-05,1.36854003639539e-05
"Suba - Av. Boyacá","CAD",1.84637861793702e-05,8.89860429356259e-06,1.36811952364664e-05
"Niza - Calle 127","Calle 22",1.77328951656242e-05,9.52677788171144e-06,1.36298365236678e-05
"Estación San Bernardo","La Despensa",1.03646639987964e-05,1.68370771899484e-05,1.36008705943724e-05
"Portal El Dorado – C.C Nuestro Bogotá","Olaya",9.85860239953725e-06,1.73350543851854e-05,1.35968283923613e-05
"C.C Paseo Villa Del Rio - Madelena","Calle 57",1.22461855689683e-05,1.49307635072329e-05,1.35884745381006e-05
"San Mateo","Restrepo",1.25893893107958e-05,1.45320410725504e-05,1.35607151916731e-05
"Las Aguas - Centro Colombo Americano","Minuto De Dios",2.25111987932733e-05,4.575757027894e-06,1.35434779105837e-05
"Mandalay","Portal Usme",1.54512772778737e-05,1.16333712477763e-05,1.3542324262825e-05
"Portal 20  de Julio","NQS Calle 75",7.79306355871175e-06,1.92877913555668e-05,1.35404274571393e-05
"21 Ángeles","Corferias",1.51371747762037e-05,1.1936442786871e-05,1.35368087815373e-05
"Rionegro","Fucha",1.0728885404811e-05,1.62866820114533e-05,1.35077837081322e-05
"Bicentenario","La Despensa",8.59252643664305e-06,1.83210674097765e-05,1.34567969232098e-05
"Carrera 47","Cl38A sur - CENTRO MAYOR",2.03282341371699e-05,6.58461584975259e-06,1.34564249934613e-05
"7 de Agosto","Santa Lucía",1.96463179744638e-05,7.26277507469132e-06,1.34545465245775e-05
"Bicentenario","Portal Américas",2.11962994554989e-05,5.68016836066357e-06,1.34382339080813e-05
"Polo - FINCOMERCIO","Cl38A sur - CENTRO MAYOR",2.30163157163035e-05,3.79198832304667e-06,1.34041520196751e-05
"Av. Primero de Mayo","La Castellana",1.28945355243564e-05,1.38212254578298e-05,1.33578804910931e-05
"Avenida Cali","NQS Calle 30 SUR",5.61542614194674e-06,2.10785309275902e-05,1.33469785347684e-05
"Carrera 53","NQS Calle 30 SUR",2.51636437021402e-05,1.48681519533667e-06,1.33252294487384e-05
"Ciudad Jardín - UAN","San Martín",2.11997627862747e-05,5.32592551641991e-06,1.32628441513473e-05
"Movistar Arena","Parque",1.95615905983013e-05,6.96239048777653e-06,1.32619905430389e-05
"Portal Suba","Flores",2.18131928801743e-05,4.48514382213614e-06,1.31491683511552e-05
"Calle 142","Av. 39",1.36134686369805e-05,1.26826678016244e-05,1.31480682193025e-05
"Policarpa","Carrera 53",2.59176706525915e-05,3.7760620474002e-07,1.31476384286657e-05
"Zona Industrial","León XIII",2.20243001476428e-05,4.25389600697226e-06,1.31390980773075e-05
"7 de Agosto","Consuelo",7.7870875629444e-06,1.84673065312212e-05,1.31271970470828e-05
"Paloquemao","León XIII",9.15049974142842e-06,1.70301497995923e-05,1.30903247705103e-05
"Ciudad Jardín - UAN","Modelia",2.16883876574316e-05,4.4727255397934e-06,1.30805565986125e-05
"Mazurén","Salitre El Greco - Vive Claro",1.69227428410947e-05,9.05633177924829e-06,1.29895373101715e-05
"Calle 106","Tygua-San José",1.85780522468397e-05,7.34638151943183e-06,1.29622168831358e-05
"Museo Nacional","Perdomo",2.41286827171367e-05,1.73538126284541e-06,1.29320319899911e-05
"Molinos","Calle 57",1.38107109094039e-05,1.19838718371235e-05,1.28972913732637e-05
"Las Aguas - Centro Colombo Americano","Calle 127",1.28775447020438e-05,1.28540255139222e-05,1.2865785107983e-05
"Avenida 68","Nariño",1.54845810624076e-05,1.02085913448582e-05,1.28465862036329e-05
"Bicentenario","Ferias",2.33123675312221e-05,2.3491879253385e-06,1.28307777282803e-05
"Carrera 53","Nariño",2.30936680338015e-05,2.5085710766307e-06,1.28011195552161e-05
"Quirigua","Calle 22",1.64031503890585e-05,9.10998273151459e-06,1.27565665602866e-05
"Puente Aranda","Prado",1.15121746442247e-05,1.38451397712259e-05,1.26786572077253e-05
"Héroes - Colmena Seguros","Calle 40 Sur",5.54941359049869e-06,1.97565883814647e-05,1.26530009859817e-05
"Movistar Arena","Portal Tunal",1.87033681196249e-05,6.5365969189675e-06,1.26199825192962e-05
"San Diego","Portal Sur - JFK Coop. Financiera",2.09753358596338e-05,4.23600926698528e-06,1.26056725633096e-05
"Modelia","Santa Lucía",9.52883994419855e-06,1.56155386302308e-05,1.25721892872147e-05
"Calle 127","Universidades CityU",1.72799433362968e-05,7.8062148165656e-06,1.25430790764312e-05
"San Facon Carrera 22","Carrera 90",2.32510608091917e-05,1.59885060805396e-06,1.24249557086228e-05
"Carrera 43 - Comapan","San Mateo",6.28376222914092e-06,1.84955323591868e-05,1.23896472941639e-05
"Toberín- Foundever","Av. Rojas - UNISALESIANA",1.03936068740143e-05,1.4332920963018e-05,1.23632639185161e-05
"Museo Del Oro","Av. Suba - Calle 116",2.27263555350646e-05,1.88497458206629e-06,1.23056650585655e-05
"Héroes - Colmena Seguros","Alquería",1.04961923812914e-05,1.41094863640531e-05,1.23028393726722e-05
"Héroes - Colmena Seguros","Biblioteca Tintal",1.22120443409868e-05,1.23680639446824e-05,1.22900541428346e-05
"Carrera 43 - Comapan","Terreros - H. Cardiovascular",1.24450513802725e-05,1.21097352261728e-05,1.22773933032226e-05
"Suba - Calle 95","Banderas",2.01845478598857e-05,4.36489448756302e-06,1.22747211737244e-05
"San Mateo","Portal Usme",1.61725252977092e-05,8.36911267439136e-06,1.22708189860503e-05
"La Campiña","Av. Eldorado",4.10385834437051e-06,2.04028461242069e-05,1.22533522342887e-05
"Av. Primero de Mayo","Calle 85 - Gato Dumas",1.66367545881661e-05,7.72364061899561e-06,1.21801976035809e-05
"Carrera 90","NQS Calle 30 SUR",4.66947437232792e-06,1.96637774129664e-05,1.21666258926472e-05
"Gratamira","Concejo de Bogotá",1.47283552034972e-05,9.5116606194378e-06,1.21200079114675e-05
"General Santander","La Castellana",1.10234616228508e-05,1.31485002444219e-05,1.20859809336364e-05
"San Victorino","Minuto De Dios",2.25386838972005e-05,1.59494121755031e-06,1.20668125573754e-05
"Avenida Cali","Portal Américas",1.29904445770282e-05,1.10956837331516e-05,1.20430641550899e-05
"Rionegro","Transversal 86",1.91818854542069e-05,4.79041981453633e-06,1.19861526343716e-05
"Calle 142","CAD",5.6766765305488e-06,1.82857953235762e-05,1.19812359270625e-05
"Carrera 90","Tygua-San José",7.96195157208582e-06,1.59898990619652e-05,1.19759253170255e-05
"Concejo de Bogotá","Portal Usme",1.46143772350067e-05,9.31685667769094e-06,1.19656169563488e-05
"Gratamira","Av. 39",1.65748245676668e-05,7.33794889214697e-06,1.19563867299069e-05
"Ciudad Jardín - UAN","Virrey - Cendiatra",1.87045445836867e-05,5.1696753985211e-06,1.19371099911039e-05
"Polo - FINCOMERCIO","Biblioteca Tintal",1.86809253932732e-05,5.14668097373946e-06,1.19138031835063e-05
"Country Sur","Normandia",2.08546205656912e-05,2.92316441348428e-06,1.18888924895878e-05
"Minuto De Dios","Hortúa",8.12244186259383e-06,1.56188843798214e-05,1.18706631212076e-05
"Avenida 68","NQS Calle 30 SUR",1.9094909702909e-05,4.59030945675508e-06,1.18426095798321e-05
"Humedal Córdoba","Mandalay",1.26952424046015e-05,1.09842141574478e-05,1.18397282810247e-05
"Suba - Tv. 91","Corferias",1.07005989261042e-05,1.29360257326386e-05,1.18183123293714e-05
"Ciudad Jardín - UAN","León XIII",1.26621627728987e-05,1.09309110228923e-05,1.17965368978955e-05
"Portal 80","Calle 22",1.11537746150795e-05,1.24031797307156e-05,1.17784771728976e-05
"De La Sabana","Avenida Cali",1.83074689334486e-05,5.22643616613341e-06,1.1766952549791e-05
"Las Aguas - Centro Colombo Americano","Portal Sur - JFK Coop. Financiera",1.67017880783099e-05,6.8151272963621e-06,1.1758457687336e-05
"Consuelo","Calle 57",1.56310787041848e-05,7.8517023317222e-06,1.17413905179535e-05
"San Martín","Cl38A sur - CENTRO MAYOR",1.58807114683647e-05,7.59632090961521e-06,1.173851618899e-05
"Calle 161","Universidad Nacional",6.05910137555914e-06,1.73572281351254e-05,1.17081647553423e-05
"Humedal Córdoba","Avenida Jiménez",1.11440344515073e-05,1.22521396382715e-05,1.16980870448894e-05
"San Facon Carrera 22","Humedal Córdoba",2.22286874809629e-05,1.11973266112779e-06,1.16742100710453e-05
"La Castellana","Fucha",2.0622477646937e-05,2.72432679810615e-06,1.16734022225216e-05
"CDS Carrera 32","Niza - Calle 127",2.21252076322788e-05,1.19483328487851e-06,1.16600204585787e-05
"Virrey - Cendiatra","Fucha",1.46370174620157e-05,8.65551867843816e-06,1.16462680702269e-05
"Virrey - Cendiatra","General Santander",6.70710299590421e-06,1.64468514693278e-05,1.1576977232616e-05
"Avenida 68","Restrepo",8.19743761478299e-06,1.49549022986193e-05,1.15761699567011e-05
"León XIII","Nariño",1.99852915865309e-05,3.1518903091929e-06,1.15685909478619e-05
"Terreros - H. Cardiovascular","Nariño",9.92310754842313e-06,1.31974357974152e-05,1.15602716729191e-05
"San Martín","Biblioteca Tintal",1.89901527837944e-05,4.08993672794772e-06,1.15400447558711e-05
"Puente Aranda","Suba - Av. Boyacá",1.77460317991601e-05,5.28573150213748e-06,1.15158816506488e-05
"San Martín","Restrepo",1.52978038681709e-05,7.73187890390987e-06,1.15148413860404e-05
"Zona Industrial","Terreros - H. Cardiovascular",9.96671451760402e-06,1.30621123817595e-05,1.15144134496817e-05
"Las Aguas - Centro Colombo Americano","Portal Américas",7.3240997370569e-06,1.56295395755015e-05,1.14768196562792e-05
"Santa Isabel","San Mateo",1.30350385246793e-05,9.8983455781466e-06,1.14666920514129e-05
"7 de Agosto","Molinos",6.49544779102369e-06,1.63511752149632e-05,1.14233115029935e-05
"Museo Nacional","Quirigua",1.90694110813535e-05,3.73894223325735e-06,1.14041766573054e-05
"Calle 161","El Tiempo - Cámara De Comercio De Bogotá",1.32858618031607e-05,9.47998284476696e-06,1.13829223239639e-05
"Calle 127","Marsella",8.60013855205143e-06,1.41213731793413e-05,1.13607558656963e-05
"Universidades CityU","Portal Sur - JFK Coop. Financiera",1.41772069086666e-05,8.50767822239196e-06,1.13424425655293e-05
"Country Sur","Terreros - H. Cardiovascular",1.45525034011325e-05,8.06775425209041e-06,1.13101288266114e-05
"Pepe Sierra - Utel Universidad","Transversal 86",3.07536531825789e-06,1.95391384884786e-05,1.13072519033683e-05
"Modelia","Portal Tunal",8.54639453654898e-06,1.4066967795649e-05,1.1306681166099e-05
"Avenida Cali","Tygua-San José",1.0989527440768e-05,1.16060799525548e-05,1.12978036966614e-05
"Estación San Bernardo","Suba Calle 100",2.08305516615372e-05,1.69864833101654e-06,1.12645999962769e-05
"Puentelargo","Banderas",1.83094319242536e-05,4.19313608545362e-06,1.12512840048536e-05
"Virrey - Cendiatra","Restrepo",1.22840405916331e-05,1.01923769590597e-05,1.12382087753464e-05
"Alcalá - Colegio S. Tomás Dominicos","Concejo de Bogotá",1.87401588443392e-05,3.67615690700435e-06,1.12081578756718e-05
"Carrera 90","Portal Américas",1.52571660985797e-05,7.14720453598314e-06,1.12021853172814e-05
"Calle 146","CAN - British Council",2.07949453738535e-05,1.56371423966066e-06,1.11793298067571e-05
"Portal 20  de Julio","Terreros - H. Cardiovascular",1.07133094149654e-05,1.15635638279122e-05,1.11384366214388e-05
"Calle 142","Corferias",1.51990312357179e-05,7.03942394964406e-06,1.1119227592681e-05
"Quirigua","General Santander",2.8506548281943e-06,1.93155411998852e-05,1.10830980140398e-05
"Suba - Av. Boyacá","Distrito Grafiti",1.71801472772811e-05,4.97800108716216e-06,1.10790741822216e-05
"NQS Calle 75","Quiroga",1.20133283490902e-05,1.00179551589628e-05,1.10156417540265e-05
"Corferias","Portal Usme",8.47012990837991e-06,1.35268123078652e-05,1.09984711081226e-05
"Prado","Ricaurte",4.55151203089471e-06,1.73673295501373e-05,1.0959420790516e-05
"Mazurén","Universidad Nacional",1.15558013877933e-05,1.03516189762979e-05,1.09537101820456e-05
"Normandia","Parque",1.31539856170909e-05,8.75047649066539e-06,1.09522310538781e-05
"Suba - Tv. 91","Universidad Nacional",1.42320429084527e-05,7.48305640021774e-06,1.08575496543352e-05
"Calle 146","Av. Eldorado",8.43397319893332e-06,1.30979972485264e-05,1.07659852237299e-05
"Ciudad Jardín - UAN","Carrera 47",2.06778832132297e-05,8.49639007517361e-07,1.07637611103735e-05
"Portal Américas","Calle 22",1.62039544582019e-05,5.31624582563815e-06,1.076010014192e-05
"CDS Carrera 32","Prado",7.42094810161196e-06,1.40015522685004e-05,1.07112501850562e-05
"Policarpa","Portal El Dorado – C.C Nuestro Bogotá",1.30671823644709e-05,8.33112099248137e-06,1.06991516784762e-05
"Av. Primero de Mayo","Modelia",1.39247759907713e-05,7.46093877982782e-06,1.06928573852996e-05
"Av. Suba - Calle 116","Banderas",1.5248000530833e-05,6.03304427916753e-06,1.06405224050003e-05
"San Facon Carrera 22","Quirigua",1.67310480331042e-05,4.52943905099506e-06,1.06302435420496e-05
"Toberín- Foundever","Normandia",1.40006460865868e-05,7.20368770196792e-06,1.06021668942773e-05
"Niza - Calle 127","Marsella",1.69545976525173e-05,4.21530409712312e-06,1.05849508748202e-05
"Portal Sur - JFK Coop. Financiera","Av. 39",1.07101436370161e-05,1.04106788776732e-05,1.05604112573446e-05
"San Victorino","Pepe Sierra - Utel Universidad",1.85641750569666e-05,2.53130149073939e-06,1.0547738273853e-05
"Pepe Sierra - Utel Universidad","Av Américas - Av. Boyacá",1.1693264077461e-05,9.32063911117085e-06,1.05069515943159e-05
"Quirigua","Cl38A sur - CENTRO MAYOR",3.24339702002068e-06,1.7764018741322e-05,1.05037078806713e-05
"Avenida Cali","Cl38A sur - CENTRO MAYOR",4.47403466630432e-06,1.64752988637837e-05,1.0474666765044e-05
"Av. Suba - Calle 116","Santa Isabel",1.2975297404669e-05,7.96270470282437e-06,1.04690010537467e-05
"La Campiña","Gobernacion",1.76494068772817e-05,3.23568497197729e-06,1.04425459246295e-05
"Calle 106","Banderas",6.34512557033571e-06,1.45266871297161e-05,1.04359063500259e-05
"Portal Norte - Unicervantes ","Campin - UAN",3.52994195699285e-06,1.72517654592585e-05,1.03908537081257e-05
"Mazurén","Av. 39",5.03781415775657e-06,1.57276191162889e-05,1.03827166370227e-05
"Portal Américas","Calle 26 - Atrio",1.52297186433317e-05,5.51824386497117e-06,1.03739812541514e-05
"Bicentenario","Carrera 90",3.7880031644804e-06,1.69339681303965e-05,1.03609856474384e-05
"San Victorino","Portal Américas",1.90398633577475e-05,1.65301091005362e-06,1.03464371339006e-05
"Banderas","Suba Calle 100",1.94258658131194e-05,1.20964585075151e-06,1.03177558319355e-05
"Terreros - H. Cardiovascular","Hortúa",6.65783797589902e-06,1.38763027812141e-05,1.02670703785566e-05
"La Castellana","Restrepo",1.74383635139444e-05,3.05264309724283e-06,1.02455033055936e-05
"Bicentenario","Av. Suba - Calle 116",8.36759398777586e-06,1.20878067528696e-05,1.02277003703227e-05
"Country Sur","Calle 76",1.69889255733832e-05,3.42360966939996e-06,1.02062676213916e-05
"Av. Primero de Mayo","Polo - FINCOMERCIO",1.91278464249685e-05,1.19536982935141e-06,1.01616081271599e-05
"Carrera 47","General Santander",1.39723517968262e-05,6.19669833110488e-06,1.00845250639655e-05
"Modelia","Biblioteca",9.56225962134037e-06,1.05684918990128e-05,1.00653757601766e-05
"Salitre El Greco - Vive Claro","La Despensa",1.29124606664267e-05,7.21360670352442e-06,1.00630336849756e-05
"Venecia","Calle 76",8.21409750059575e-06,1.18676880618565e-05,1.00408927812261e-05
"Las Aguas - Centro Colombo Americano","Granja - cra 77",1.35255577888154e-05,6.52451033324129e-06,1.00250340610283e-05
"Ciudad Universitaria- Lotería de Bogotá","Portal Usme",9.90458864994899e-06,1.01136138149804e-05,1.00091012324647e-05
"Avenida 68","Fucha",9.4045370676065e-06,1.05145032482556e-05,9.95952015793105e-06
"7 de Agosto","Socorro",1.14000819978808e-05,8.43766785200692e-06,9.91887492494386e-06
"Calle 85 - Gato Dumas","Quiroga",6.3115324895749e-06,1.35010473712221e-05,9.90628993039849e-06
"Perdomo","Marly",8.65723321074922e-06,1.11158340028903e-05,9.88653360681978e-06
"San Victorino","Niza - Calle 127",4.92179955263748e-06,1.48207992220108e-05,9.87129938732415e-06
"Calle 106","Transversal 86",4.17481366672726e-06,1.5560467814031e-05,9.86764074037912e-06
"El Tiempo - Cámara De Comercio De Bogotá","La Despensa",1.24703109867719e-05,7.25835002712458e-06,9.86433050694823e-06
"Suba - Av. Boyacá","Pradera - Plaza Central",1.33923701949018e-05,6.28461018617707e-06,9.83849019053945e-06
"Calle 142","Quinta Paredes",1.80662343668282e-05,1.59142787625139e-06,9.82883112153977e-06
"CAN - British Council","Danubio",1.36491023506671e-05,5.95136870093036e-06,9.80023552579872e-06
"Las Nieves","Avenida Cali",1.60949874614051e-05,3.3879399770852e-06,9.74146371924515e-06
"Escuela Militar","Calle 40 Sur",4.23429270811295e-06,1.52388250272288e-05,9.73655886767088e-06
"Portal El Dorado – C.C Nuestro Bogotá","La Despensa",5.93121772657937e-06,1.34968787379586e-05,9.714048232269e-06
"La Campiña","Corferias",7.03871220826286e-06,1.23683917978469e-05,9.70355200305488e-06
"7 de Agosto","Biblioteca",1.53497304973656e-05,4.05646556447589e-06,9.70309803092075e-06
"Policarpa","Calle 100 - Marketmedios",1.40469609150533e-05,5.35048938165783e-06,9.69872514835554e-06
"Calle 127","Avenida Jiménez",1.02398402749163e-05,9.14887016111294e-06,9.69435521801462e-06
"Bicentenario","Boyacá",1.64575094404212e-05,2.78796756375582e-06,9.6227385020885e-06
"Niza - Calle 127","Ricaurte",1.32307325942262e-05,5.91297333118691e-06,9.57185296270657e-06
"Calle 106","Biblioteca Tintal",2.50778408324526e-06,1.66296907829267e-05,9.56873743308597e-06
"La Campiña","Calle 57",1.35986769481288e-05,5.52486047520025e-06,9.56176871166453e-06
"Calle 127","Comuneros",5.70109299585528e-06,1.33506408737112e-05,9.52586693478324e-06
"Portal Suba","CAN - British Council",1.80293344395133e-05,9.87941337580012e-07,9.50863788854664e-06
"Calle 85 - Gato Dumas","Alquería",8.01941666855022e-06,1.09522746475544e-05,9.48584565805233e-06
"Escuela Militar","Venecia",6.29678516715216e-06,1.26409294312511e-05,9.46885729920161e-06
"Av. Eldorado","Portal Usme",9.20831826387845e-06,9.65158875709396e-06,9.4299535104862e-06
"Calle 85 - Gato Dumas","Olaya",1.1227048019167e-05,7.57274623296738e-06,9.39989712606718e-06
"Polo - FINCOMERCIO","General Santander",1.48945043683924e-05,3.81723814825809e-06,9.35587125832525e-06
"Suba Calle 100","Hortúa",1.64718847664043e-05,2.2282277515845e-06,9.35005625899441e-06
"De La Sabana","Humedal Córdoba",1.46585347580992e-05,4.02059166251848e-06,9.33956321030882e-06
"Portal Suba","Universidad Nacional",5.21807864197984e-06,1.34073453667103e-05,9.31271200434509e-06
"Carrera 53","Cl38A sur - CENTRO MAYOR",1.71483154420727e-05,1.45018988419477e-06,9.29925266313374e-06
"Salitre El Greco - Vive Claro","Danubio",9.42423669845978e-06,9.12911743648625e-06,9.27667706747301e-06
"Las Nieves","Calle 127",1.67801249112297e-05,1.74691148852006e-06,9.26351819987487e-06
"Modelia","La Despensa",7.95026472591652e-06,1.05625241944628e-05,9.25639446018967e-06
"Rionegro","Restrepo",9.09812682545468e-06,9.28540565472143e-06,9.19176624008806e-06
"Avenida Cali","Avenida Jiménez",1.33765383561034e-05,4.96886577300412e-06,9.17270206455374e-06
"Museo Nacional","Prado",1.71774063125826e-05,1.14964973347857e-06,9.16352802303056e-06
"Polo - FINCOMERCIO","Calle 40 Sur",5.24328193151872e-06,1.30771074686762e-05,9.16019470009743e-06
"Museo Nacional","Portal Sur - JFK Coop. Financiera",1.53138988437558e-05,2.93927257411176e-06,9.12658570893376e-06
"Portal Norte - Unicervantes ","Modelia",6.94225223087472e-06,1.12910974431244e-05,9.11667483699953e-06
"Calle 187","7 de Agosto",5.02300440653745e-06,1.31881075442636e-05,9.10555597540052e-06
"Granja - cra 77","NQS Calle 30 SUR",7.03726126507637e-06,1.10415209704476e-05,9.039391117762e-06
"Zona Industrial","San Mateo",5.04848562418314e-06,1.30166841843755e-05,9.03258490427933e-06
"Bosa","Movistar Arena",3.1089636163746e-06,1.49084030193241e-05,9.00868331784933e-06
"Carrera 43 - Comapan","Prado",1.0325952831402e-05,7.53563011364161e-06,8.93079147252182e-06
"San Victorino","Granja - cra 77",1.42303565364288e-05,3.5622019455253e-06,8.89627924097707e-06
"Av. Primero de Mayo","Escuela Militar",1.3076200429255e-05,4.69538182620556e-06,8.88579112773028e-06
"Niza - Calle 127","Av Américas - Av. Boyacá",1.3653805876907e-05,4.10212583894397e-06,8.87796585792548e-06
"Terminal","NQS Calle 75",1.30185340580239e-05,4.72671742730697e-06,8.87262574266542e-06
"Policarpa","Avenida 68",1.68786519420208e-05,8.33921862398848e-07,8.85628690220985e-06
"Toberín- Foundever","Calle 57",8.50198971604868e-06,9.17516971263507e-06,8.83857971434187e-06
"Portal El Dorado – C.C Nuestro Bogotá","Calle 40 Sur",7.76200964277773e-06,9.76948506611032e-06,8.76574735444403e-06
"San Mateo","Fucha",1.02674540696429e-05,7.25247740872637e-06,8.75996573918463e-06
"San Victorino","Bosa",1.23112849442317e-05,5.19546883331973e-06,8.7533768887757e-06
"San Martín","Alquería",8.10052495244189e-06,9.40546677521539e-06,8.75299586382864e-06
"Terminal","Flores",2.96232965406856e-06,1.45186561470371e-05,8.74049290055282e-06
"Estación San Bernardo","Ferias",1.68273920278911e-05,4.95716421461675e-07,8.66155422467641e-06
"Granja - cra 77","General Santander",4.48156949776136e-06,1.27871556388265e-05,8.63436256829395e-06
"Prado","Calle 22",1.02115874421966e-05,7.02722528960071e-06,8.61940636589867e-06
"Ferias","Nariño",9.06985527440752e-06,8.15542156881994e-06,8.61263842161373e-06
"Gratamira","Centro Memoria",8.64060679717939e-06,8.58412801819499e-06,8.61236740768719e-06
"Portal Norte - Unicervantes ","Flores",1.25360354324244e-05,4.65464213308765e-06,8.59533878275601e-06
"San Martín","Olaya",8.45750032856754e-06,8.73001550722121e-06,8.59375791789438e-06
"San Martín","General Santander",1.05587249996999e-05,6.54721677070404e-06,8.55297088520197e-06
"Ciudad Universitaria- Lotería de Bogotá","Bosa",1.26599330078509e-05,4.43767898287215e-06,8.54880599536152e-06
"Parque","Flores",4.30457426440679e-06,1.2776172558986e-05,8.5403734116964e-06
"Portal 20  de Julio","La Castellana",3.46803196038857e-06,1.35916711221566e-05,8.52985154127258e-06
"Niza - Calle 127","Tygua-San José",3.92996683918872e-06,1.31046698993559e-05,8.51731836927231e-06
"Quirigua","NQS Calle 30 SUR",3.86940840941086e-06,1.31388848791627e-05,8.5041466442868e-06
"Gratamira","CAD",1.02762379104568e-05,6.69050597438861e-06,8.48337194242269e-06
"Policarpa","León XIII",8.97037941531701e-06,7.99015926983179e-06,8.4802693425744e-06
"Avenida Chile","Calle 40 Sur",1.37873763867117e-05,3.15622013696921e-06,8.47179826184043e-06
"Normandia","La Despensa",9.81279544469598e-06,7.0678528073937e-06,8.44032412604484e-06
"CAN - British Council","La Despensa",1.27789457740604e-05,4.07247603444651e-06,8.42571090425346e-06
"Avenida 68","Cl38A sur - CENTRO MAYOR",1.33394124822749e-05,3.50474086928065e-06,8.42207667577776e-06
"Calle 146","Gobernacion",1.54509962738024e-05,1.381315455606e-06,8.41615586470421e-06
"Polo - FINCOMERCIO","Quiroga",7.92949912172163e-06,8.86306402299002e-06,8.39628157235582e-06
"Av. Primero de Mayo","Virrey - Cendiatra",9.54596344788934e-06,7.24013283462879e-06,8.39304814125907e-06
"Alcalá - Colegio S. Tomás Dominicos","Distrito Grafiti",4.44121160868177e-06,1.21695964612771e-05,8.30540403497943e-06
"Calle 127","Guatoque - Veraguas",7.05437562782695e-06,9.55627177825791e-06,8.30532370304243e-06
"León XIII","Hortúa",1.36310693353968e-05,2.95848342702797e-06,8.2947763812124e-06
"Las Nieves","Portal Américas",1.57609792065731e-05,8.20386308236335e-07,8.29068275740473e-06
"Pepe Sierra - Utel Universidad","Tygua-San José",1.18822199309522e-05,4.6815294818435e-06,8.28187470639787e-06
"Modelia","Parque",7.0634015186351e-06,9.39387645424315e-06,8.22863898643912e-06
"Sevillana","Flores",1.1106777514012e-05,5.30612379224807e-06,8.20645065313001e-06
"Bicentenario","Avenida Cali",5.34445835382348e-06,1.10497364384754e-05,8.19709739614946e-06
"Granja - cra 77","Cl38A sur - CENTRO MAYOR",5.49270883628181e-06,1.08591682957872e-05,8.17593856603452e-06
"Zona Industrial","Prado",9.17060090220027e-06,7.15693799035598e-06,8.16376944627813e-06
"Portal Américas","Av. 39",1.12116080201627e-05,5.10702735249863e-06,8.15931768633067e-06
"Portal 20  de Julio","Calle 76",1.15889879150471e-05,4.7210089985463e-06,8.15499845679672e-06
"Quinta Paredes","La Despensa",1.14053255390588e-05,4.86041147131426e-06,8.13286850518653e-06
"Carrera 53","Fucha",1.37265497512456e-05,2.52328650072454e-06,8.12491812598509e-06
"Calle 127","Av Américas - Av. Boyacá",6.50088060839892e-06,9.74221581674479e-06,8.12154821257185e-06
"Normandia","Consuelo",6.31145295177628e-06,9.90819923177835e-06,8.10982609177731e-06
"Calle 146","Av. 39",8.01874894079439e-06,8.1374374862741e-06,8.07809321353425e-06
"Carrera 43 - Comapan","Suba - Av. Boyacá",1.43109777388414e-05,1.84340716425866e-06,8.07719245155003e-06
"Rionegro","Biblioteca Tintal",1.23795542550309e-05,3.76120702680896e-06,8.07038064091991e-06
"Calle 100 - Marketmedios","NQS Calle 30 SUR",7.18326915758879e-06,8.94039755898273e-06,8.06183335828576e-06
"De La Sabana","Quirigua",9.08202787154525e-06,6.99651853890148e-06,8.03927320522337e-06
"Normandia","Molinos",4.74987539297738e-06,1.12290862595932e-05,7.9894808262853e-06
"Gobernacion","La Despensa",1.23749728080842e-05,3.60287846325154e-06,7.98892563566785e-06
"C.C Paseo Villa Del Rio - Madelena","Avenida Chile",6.43419139397156e-06,9.54108460124778e-06,7.98763799760967e-06
"De La Sabana","Carrera 90",1.2816383306396e-05,3.11772771824146e-06,7.96705551231873e-06
"Policarpa","Suba - Calle 95",1.42509175950305e-05,1.68136451245044e-06,7.96614105374048e-06
"San Facon Carrera 22","La Despensa",1.3959665880372e-05,1.88776502122374e-06,7.92371545079789e-06
"Calle 100 - Marketmedios","Nariño",1.08252314035825e-05,4.95774345593069e-06,7.89148742975659e-06
"Carrera 47","Alquería",1.10261223920631e-05,4.7411238156454e-06,7.88362310385427e-06
"Las Nieves","Carrera 90",1.09270398446397e-05,4.73762516108357e-06,7.83233250286161e-06
"Calle 142","Ciudad Universitaria- Lotería de Bogotá",1.35534944280731e-05,2.1090609224818e-06,7.83127767527746e-06
"Suba - Av. Boyacá","Paloquemao",9.4542933933257e-06,6.20490380376456e-06,7.82959859854513e-06
"Av. Eldorado","La Despensa",3.80736149237712e-06,1.1844339417304e-05,7.82585045484058e-06
"Quirigua","Sevillana",2.01393646499719e-06,1.36286949808647e-05,7.82131572293096e-06
"Rionegro","Olaya",5.01139342059006e-06,1.0627867097345e-05,7.81963025896754e-06
"Calle 161","Marly",7.9614860229138e-06,7.66961124319517e-06,7.81554863305449e-06
"Av. Primero de Mayo","San Martín",1.10233283690274e-05,4.56973067490531e-06,7.79652952196633e-06
"San Facon Carrera 22","Portal 80",1.15217804295477e-05,3.94930845513329e-06,7.73554444234049e-06
"Carrera 53","Restrepo",1.18825553948989e-05,3.58717544858482e-06,7.73486542174186e-06
"Portal Usme","Av. 39",7.42162156342064e-06,8.02563013140721e-06,7.72362584741392e-06
"Ferias","Restrepo",4.97365360222121e-06,1.04253952601857e-05,7.69952443120343e-06
"Santa Lucía","Calle 76",4.06782037601138e-06,1.13153383077736e-05,7.69157934189251e-06
"21 Ángeles","Concejo de Bogotá",6.08370261695367e-06,9.24919643792289e-06,7.66644952743828e-06
"Polo - FINCOMERCIO","Alquería",1.11538147087919e-05,4.1695550783801e-06,7.66168489358601e-06
"Alcalá - Colegio S. Tomás Dominicos","Calle 26 - Atrio",8.45283542011019e-06,6.8526617215926e-06,7.6527485708514e-06
"Ferias","NQS Calle 30 SUR",1.29724708117965e-05,2.31119062056067e-06,7.64183071617857e-06
"Av. Primero de Mayo","Terreros - H. Cardiovascular",9.23204083430996e-06,6.03439558011428e-06,7.63321820721212e-06
"Ciudad Jardín - UAN","Rionegro",1.27753780869109e-05,2.39525037492512e-06,7.58531423091798e-06
"Bicentenario","Calle 106",1.1057155101546e-05,4.08645710290608e-06,7.57180610222603e-06
"Comuneros","San Mateo",9.03158229557548e-06,6.05157616376721e-06,7.54157922967135e-06
"Minuto De Dios","Portal Américas",9.74521737967613e-06,5.31270099930551e-06,7.52895918949082e-06
"San Victorino","Avenida Cali",9.87034401982058e-06,5.17588470357425e-06,7.52311436169742e-06
"Mazurén","CAN - British Council",1.34463767908122e-05,1.54078918211218e-06,7.4935829864622e-06
"Suba - Tv. 91","Marly",1.10713817744235e-05,3.81351541016431e-06,7.44244859229388e-06
"Museo Nacional","Portal 80",1.29086676792008e-05,1.92130155614731e-06,7.41498461767406e-06
"Calle 100 - Marketmedios","Cl38A sur - CENTRO MAYOR",4.54247217800527e-06,1.00219889076968e-05,7.28223054285102e-06
"San Victorino","Carrera 90",6.82003042515234e-06,7.73240922198296e-06,7.27621982356765e-06
"Calle 106","Mandalay",9.11675241810294e-06,5.42939701767559e-06,7.27307471788926e-06
"Prado","Pradera - Plaza Central",6.19174700204587e-06,8.35355959225013e-06,7.272653297148e-06
"Rionegro","Cl38A sur - CENTRO MAYOR",9.37145728672336e-06,5.1408247147769e-06,7.25614100075013e-06
"Ciudad Jardín - UAN","Carrera 53",1.43289129239728e-05,1.58656622736351e-07,7.24378477335459e-06
"Granja - cra 77","Venecia",3.2823137682274e-06,1.12032530691628e-05,7.24278341869508e-06
"Granja - cra 77","Alquería",4.09564175084052e-06,1.03617073919463e-05,7.22867457139343e-06
"Tygua-San José","León XIII",1.10812530847928e-05,3.32482276034491e-06,7.20303792256887e-06
"Avenida Cali","General Santander",3.73017060401882e-06,1.06529522384405e-05,7.19156142122966e-06
"Transversal 86","Portal Usme",7.8588080799577e-06,6.49623442615948e-06,7.17752125305859e-06
"Puentelargo","Hortúa",9.87509716718206e-06,4.44402754712928e-06,7.15956235715567e-06
"De La Sabana","Portal 80",6.22752661493354e-06,8.07204873245496e-06,7.14978767369425e-06
"Puentelargo","Transversal 86",1.25142726309559e-05,1.74436433985761e-06,7.12931848540678e-06
"Humedal Córdoba","Guatoque - Veraguas",9.94336648601002e-06,4.24753066610588e-06,7.09544857605795e-06
"Boyacá","NQS Calle 30 SUR",1.05040223210529e-05,3.61378756769156e-06,7.05890494437222e-06
"Ferias","Fucha",5.6576080818412e-06,8.45960341618354e-06,7.05860574901237e-06
"Boyacá","Restrepo",3.7401781752209e-06,1.03639000155051e-05,7.05203909536298e-06
"Perdomo","Calle 57",6.02517928412249e-06,8.04954215414124e-06,7.03736071913186e-06
"Suba - Calle 95","Transversal 86",1.29487068731719e-05,1.12593377622524e-06,7.03732032469858e-06
"Danubio","Marly",9.44855286463679e-06,4.55492162655392e-06,7.00173724559535e-06
"Suba - Av. Boyacá","Calle 26 - Atrio",9.38834358513905e-06,4.5996214995981e-06,6.99398254236858e-06
"Zona Industrial","Suba - Av. Boyacá",1.15775906568848e-05,2.38524777565741e-06,6.98141921627112e-06
"Niza - Calle 127","Universidades CityU",7.95610117656735e-06,6.00038796434654e-06,6.97824457045694e-06
"Quirigua","Venecia",2.48985007797262e-06,1.14114505976365e-05,6.95065033780457e-06
"Granja - cra 77","Hortúa",5.53423181714011e-06,8.36592488448236e-06,6.95007835081124e-06
"Calle 161","Salitre El Greco - Vive Claro",9.32030124454443e-06,4.57782116451797e-06,6.9490612045312e-06
"Portal Américas","NQS Calle 75",6.44546634066966e-06,7.4399136040014e-06,6.94268997233553e-06
"San Diego","Quirigua",1.18999755137243e-05,1.9849007128681e-06,6.94243811329622e-06
"CAD","León XIII",4.25337195587058e-06,9.62031001269475e-06,6.93684098428266e-06
"Héroes - Colmena Seguros","Venecia",5.71144382396618e-06,8.11735774700583e-06,6.914400785486e-06
"Museo Del Oro","Bosa",7.2103010473031e-06,6.5986333865663e-06,6.9044672169347e-06
"Carrera 47","Olaya",9.286329299247e-06,4.49644801700817e-06,6.89138865812759e-06
"San Diego","Suba - Av. Boyacá",5.6583132042902e-06,8.0900344401141e-06,6.87417382220215e-06
"Calle 127","Santa Isabel",3.79620946151784e-06,9.91934973335559e-06,6.85777959743671e-06
"Avenida Cali","Universidades CityU",1.13648593841421e-05,2.3096854846753e-06,6.83727243440867e-06
"Concejo de Bogotá","Bosa",1.06027709375638e-05,3.045008201914e-06,6.82388956973891e-06
"Portal 20  de Julio","Normandia",1.09795589909088e-05,2.65933809663754e-06,6.81944854377317e-06
"Estación San Bernardo","Avenida Cali",3.9780395023754e-06,9.63170607773963e-06,6.80487279005752e-06
"Carrera 90","Avenida Jiménez",9.33307158223359e-06,4.16998739306999e-06,6.75152948765179e-06
"Carrera 53","General Santander",1.21309876358429e-05,1.34161723498317e-06,6.73630243541306e-06
"Avenida 68","General Santander",9.68781544620779e-06,3.73998394644724e-06,6.71389969632752e-06
"Suba - Calle 95","Fucha",6.35781893502297e-06,7.06499049504986e-06,6.71140471503642e-06
"Museo Del Oro","Avenida Cali",9.18930047705893e-06,4.15843391148009e-06,6.67386719426951e-06
"Universidad Nacional","La Despensa",2.73061145990956e-06,1.05874643580556e-05,6.65903790898259e-06
"Modelia","Socorro",5.28452270339407e-06,8.01521329833413e-06,6.6498680008641e-06
"Boyacá","Nariño",6.65496480795046e-06,6.63648097539662e-06,6.64572289167354e-06
"Portal 80","Venecia",1.91683618470489e-06,1.13400634703486e-05,6.62844982752677e-06
"Portal Américas","Marly",8.72606236437295e-06,4.52913862508838e-06,6.62760049473067e-06
"Alquería","La Castellana",8.36387581320759e-06,4.88277768864458e-06,6.62332675092608e-06
"Puentelargo","Nariño",5.54031152702779e-06,7.69611553653445e-06,6.61821353178112e-06
"Transversal 86","Suba Calle 100",1.26825839330508e-05,5.03288029841529e-07,6.59293598144615e-06
"Suba Calle 100","Nariño",9.14355403402687e-06,4.03027496329426e-06,6.58691449866056e-06
"Alcalá - Colegio S. Tomás Dominicos","Paloquemao",4.30608722704081e-06,8.77726757353604e-06,6.54167740028842e-06
"Av. Suba - Calle 116","Transversal 86",1.08650149478787e-05,2.21782428376799e-06,6.54141961582335e-06
"Bicentenario","Minuto De Dios",1.16088956810924e-05,1.39772544925892e-06,6.50331056517567e-06
"San Diego","Portal Américas",1.24985842375166e-05,4.85968225231639e-07,6.49227623137413e-06
"7 de Agosto","Parque",9.35905702959007e-06,3.61819502619867e-06,6.48862602789437e-06
"Niza - Calle 127","Guatoque - Veraguas",5.63419733000731e-06,7.32807475328032e-06,6.48113604164381e-06
"Virrey - Cendiatra","Alquería",5.00800020442151e-06,7.95081805126691e-06,6.47940912784421e-06
"Polo - FINCOMERCIO","Biblioteca",1.88934420500545e-06,1.09953559695992e-05,6.44235008730233e-06
"San Facon Carrera 22","Niza - Calle 127",1.2402774284855e-05,4.67126396270021e-07,6.4349503405625e-06
"7 de Agosto","Danubio",2.20874884324181e-06,1.05637023591841e-05,6.38622560121295e-06
"La Campiña","Quinta Paredes",1.00338240240296e-05,2.72818316030446e-06,6.38100359216704e-06
"Paloquemao","Terreros - H. Cardiovascular",4.17847373904247e-06,8.57915119262904e-06,6.37881246583575e-06
"Calle 85 - Gato Dumas","Venecia",4.41941748257314e-06,8.32061767542603e-06,6.37001757899959e-06
"Calle 187","Portal El Dorado – C.C Nuestro Bogotá",4.6458579803094e-06,8.08170790144912e-06,6.36378294087926e-06
"21 Ángeles","Av. Eldorado",9.80031722729646e-06,2.92612116324956e-06,6.36321919527301e-06
"Estación San Bernardo","Puentelargo",1.06751385429085e-05,2.04846417882578e-06,6.36180136086715e-06
"Country Sur","Héroes - Colmena Seguros",1.03969748065975e-05,2.30971898977514e-06,6.35334689818632e-06
"Estación San Bernardo","Boyacá",1.19514325789855e-05,7.32496872098199e-07,6.34196472554183e-06
"7 de Agosto","Portal Tunal",9.12367186719871e-06,3.48182851361549e-06,6.3027501904071e-06
"Policarpa","Suba Calle 100",1.12455839739677e-05,1.32006282143594e-06,6.28282339770182e-06
"Pepe Sierra - Utel Universidad","Biblioteca Tintal",1.88651627493422e-06,1.06681981873803e-05,6.27735723115727e-06
"Calle 146","Corferias",9.06873743352145e-06,3.46606314273032e-06,6.26740028812589e-06
"Alcalá - Colegio S. Tomás Dominicos","Centro Memoria",1.07925987759314e-05,1.71865065570691e-06,6.25562471581916e-06
"Rionegro","Alquería",4.80208115667827e-06,7.62118179465341e-06,6.21163147566584e-06
"San Victorino","Humedal Córdoba",8.97721798366588e-06,3.42455156526099e-06,6.20088477446343e-06
"Puente Aranda","Alcalá - Colegio S. Tomás Dominicos",5.39379328401695e-06,6.98043800003169e-06,6.18711564202432e-06
"Country Sur","Calle 85 - Gato Dumas",7.52691387475998e-06,4.82999803052086e-06,6.17845595264042e-06
"Las Nieves","Suba - Av. Boyacá",3.06143589261765e-06,9.28788830317162e-06,6.17466209789464e-06
"Boyacá","Portal Américas",8.38579020211729e-06,3.89725053436345e-06,6.14152036824037e-06
"Suba - Calle 95","NQS Calle 30 SUR",8.73723030085893e-06,3.53960515957742e-06,6.13841773021818e-06
"C.C Paseo Villa Del Rio - Madelena","NQS Calle 75",3.77832799735183e-06,8.48683952692529e-06,6.13258376213856e-06
"Humedal Córdoba","Banderas",9.43595944942093e-06,2.81566561391981e-06,6.12581253167037e-06
"Calle 146","CAD",3.36051918168337e-06,8.8681957107451e-06,6.11435744621424e-06
"Av. Primero de Mayo","Carrera 47",1.09588193905136e-05,1.25544005159619e-06,6.10712972105489e-06
"Bicentenario","Granja - cra 77",7.56851691605214e-06,4.63059370501158e-06,6.09955531053186e-06
"Niza - Calle 127","Mandalay",8.74196544635424e-06,3.42826252415146e-06,6.08511398525285e-06
"Portal Norte - Unicervantes ","Av. Rojas - UNISALESIANA",4.3714919654735e-06,7.7844934912519e-06,6.0779927283627e-06
"Ciudad Jardín - UAN","Portal El Dorado – C.C Nuestro Bogotá",8.76765716149013e-06,3.34092871131048e-06,6.0542929364003e-06
"De La Sabana","La Despensa",8.56176794560205e-06,3.50567779626946e-06,6.03372287093576e-06
"Estación San Bernardo","León XIII",5.94754699944695e-06,6.04210162942209e-06,5.99482431443452e-06
"Bosa","Calle 22",6.89224326686464e-06,5.08491270105353e-06,5.98857798395908e-06
"Bosa","7 de Agosto",1.94280946787936e-06,1.00299531241026e-05,5.98638129599097e-06
"Av. Rojas - UNISALESIANA","Terreros - H. Cardiovascular",2.84594261886675e-06,9.08354692365032e-06,5.96474477125853e-06
"Quirigua","Alquería",2.77244046550578e-06,9.12319623262724e-06,5.94781834906651e-06
"Las Aguas - Centro Colombo Americano","Avenida Cali",9.14337893654926e-06,2.74230419201001e-06,5.94284156427964e-06
"Quirigua","Tygua-San José",5.82089077524629e-06,6.04608489708413e-06,5.93348783616521e-06
"Toberín- Foundever","El Tiempo - Cámara De Comercio De Bogotá",7.85393883496483e-06,3.98865619385173e-06,5.92129751440828e-06
"Quirigua","Avenida Jiménez",6.59647601521066e-06,5.23126026154075e-06,5.91386813837571e-06
"Carrera 47","Quiroga",5.69753390117093e-06,6.0892988874147e-06,5.89341639429282e-06
"Carrera 90","Cl38A sur - CENTRO MAYOR",3.8196761429721e-06,7.94953136492843e-06,5.88460375395027e-06
"La Despensa","Avenida Jiménez",7.54622050998538e-06,4.17485841100942e-06,5.8605394604974e-06
"Portal 80","Avenida Jiménez",4.52022669140076e-06,7.19456659217493e-06,5.85739664178784e-06
"CDS Carrera 32","Terreros - H. Cardiovascular",6.80685769459754e-06,4.87729491405285e-06,5.84207630432519e-06
"Calle 146","Quinta Paredes",1.0836186607942e-05,8.10425317454945e-07,5.82330596269845e-06
"21 Ángeles","Av. 39",6.33021416201893e-06,5.3117448915131e-06,5.82097952676602e-06
"Avenida 68","Alquería",8.01835708535372e-06,3.61456644558911e-06,5.81646176547141e-06
"Mazurén","Gobernacion",9.92114771451437e-06,1.57897250146576e-06,5.75006010799007e-06
"Portal Suba","Gobernacion",1.08457481130021e-05,6.20133430116896e-07,5.73294077155949e-06
"Las Aguas - Centro Colombo Americano","Humedal Córdoba",1.1194497079753e-05,1.81579710809404e-07,5.68803839528119e-06
"Calle 187","Modelia",3.58820317508324e-06,7.77526579697135e-06,5.68173448602729e-06
"Gratamira","Distrito Grafiti",8.75350724061467e-06,2.60635953491902e-06,5.67993338776684e-06
"Boyacá","Fucha",4.22942979711168e-06,7.12124709286292e-06,5.6753384449873e-06
"Puente Aranda","Gratamira",8.90314992286567e-06,2.44001203965112e-06,5.6715809812584e-06
"Toberín- Foundever","Universidad Nacional",3.41660408700797e-06,7.89878782121327e-06,5.65769595411062e-06
"Portal 80","Alquería",2.09003201037389e-06,9.21989122802618e-06,5.65496161920004e-06
"Humedal Córdoba","Tygua-San José",7.03537987687405e-06,4.25558733617135e-06,5.6454836065227e-06
"Tygua-San José","Terreros - H. Cardiovascular",5.26043260823832e-06,6.02855514132452e-06,5.64449387478142e-06
"Portal 80","General Santander",2.12569025695024e-06,9.15512488401859e-06,5.64040757048442e-06
"Av. Rojas - UNISALESIANA","Danubio",2.92584413341967e-06,8.31470955351413e-06,5.6202768434669e-06
"Country Sur","Modelia",8.3205151426629e-06,2.88917782403636e-06,5.60484648334963e-06
"21 Ángeles","Centro Memoria",3.48351419031305e-06,7.65208971107771e-06,5.56780195069538e-06
"Museo Nacional","Portal Américas",1.05839789185035e-05,5.34878700267162e-07,5.55942880938534e-06
"Rionegro","General Santander",6.24329185144472e-06,4.87355366228568e-06,5.5584227568652e-06
"Pepe Sierra - Utel Universidad","Banderas",4.59511069707934e-06,6.51356397772684e-06,5.55433733740309e-06
"Calle 106","Hortúa",6.60369341046448e-06,4.46131696261227e-06,5.53250518653837e-06
"Minuto De Dios","NQS Calle 30 SUR",8.71649395610239e-06,2.33289566785719e-06,5.52469481197979e-06
"Alcalá - Colegio S. Tomás Dominicos","Ricaurte",2.06497154198108e-06,8.93060342362258e-06,5.49778748280183e-06
"Niza - Calle 127","Avenida Jiménez",6.13816194966978e-06,4.8504255463341e-06,5.49429374800194e-06
"Museo Nacional","Suba - Av. Boyacá",7.86881662205084e-06,3.11472408095548e-06,5.49177035150316e-06
"Av. Primero de Mayo","Portal El Dorado – C.C Nuestro Bogotá",5.70388781438901e-06,5.23836021085688e-06,5.47112401262295e-06
"Modelia","Terreros - H. Cardiovascular",2.08569804512297e-06,8.84131212310093e-06,5.46350508411195e-06
"Country Sur","San Mateo",8.32744884698602e-06,2.5857753991109e-06,5.45661212304846e-06
"Socorro","Flores",6.07588580819359e-06,4.80301011173239e-06,5.43944795996299e-06
"Ferias","Cl38A sur - CENTRO MAYOR",9.3502694587558e-06,1.49925408378619e-06,5.42476177127099e-06
"Carrera 53","Alquería",9.81442941004109e-06,9.99231138210865e-07,5.40683027412598e-06
"Av. Suba - Calle 116","Nariño",3.16268261484443e-06,7.64532486671909e-06,5.40400374078176e-06
"Portal Américas","Calle 57",7.33186867568771e-06,3.46142455812696e-06,5.39664661690733e-06
"Portal Américas","La Castellana",2.45726295557748e-06,8.30344203482921e-06,5.38035249520334e-06
"Sevillana","Calle 76",5.26938802513536e-06,5.48712692490147e-06,5.37825747501841e-06
"NQS Calle 75","Calle 40 Sur",8.166802391531e-06,2.58401934007628e-06,5.37541086580364e-06
"La Castellana","Olaya",9.51454375204224e-06,1.18367511949329e-06,5.34910943576777e-06
"Calle 100 - Marketmedios","General Santander",2.97931809118029e-06,7.69164477337537e-06,5.33548143227783e-06
"Centro Memoria","Bosa",8.2786938443242e-06,2.3119276968533e-06,5.29531077058875e-06
"Avenida Cali","Alquería",3.4717565721583e-06,7.08923773104906e-06,5.28049715160368e-06
"Av. Eldorado","León XIII",2.04634677474377e-06,8.47436707559111e-06,5.26035692516744e-06
"Calle 142","Concejo de Bogotá",8.89563486333185e-06,1.60509201441646e-06,5.25036343887415e-06
"Universidad Nacional","Portal Usme",4.30258927426124e-06,6.19147111078074e-06,5.24703019252099e-06
"Estación San Bernardo","Calle 106",7.65172292862783e-06,2.83937968127503e-06,5.24555130495143e-06
"Calle 142","Distrito Grafiti",2.85202356716443e-06,7.63299558485189e-06,5.24250957600816e-06
"Portal 80","NQS Calle 30 SUR",2.81609089478098e-06,7.65737350644116e-06,5.23673220061107e-06
"Biblioteca","Calle 76",3.02205233114549e-06,7.43498093992155e-06,5.22851663553352e-06
"Carrera 47","Venecia",6.79737735965677e-06,3.64625893203528e-06,5.22181814584602e-06
"Boyacá","Cl38A sur - CENTRO MAYOR",7.73282371704517e-06,2.70218958633225e-06,5.21750665168871e-06
"Portal Norte - Unicervantes ","Normandia",6.07566619290309e-06,4.33568573064467e-06,5.20567596177388e-06
"Las Nieves","Bosa",8.32289243717908e-06,2.0860554936751e-06,5.20447396542709e-06
"El Tiempo - Cámara De Comercio De Bogotá","Danubio",5.05355225299734e-06,5.34378597358504e-06,5.19866911329119e-06
"Carrera 90","Alquería",3.11670739242906e-06,7.26395931848087e-06,5.19033335545497e-06
"Ricaurte","San Mateo",3.97433033638472e-06,6.24810769350317e-06,5.11121901494395e-06
"Avenida 68","Portal Américas",7.19255702747701e-06,3.01573407694328e-06,5.10414555221014e-06
"Humedal Córdoba","Comuneros",8.76594960029359e-06,1.40987458455712e-06,5.08791209242536e-06
"Quinta Paredes","Portal Usme",6.61406309194217e-06,3.5603445382706e-06,5.08720381510638e-06
"Bicentenario","Pepe Sierra - Utel Universidad",7.0418455712587e-06,3.11572933861756e-06,5.07878745493813e-06
"Portal 20  de Julio","Calle 85 - Gato Dumas",4.48402693542877e-06,5.66958054246267e-06,5.07680373894572e-06
"Suba - Av. Boyacá","Marsella",8.00068647067118e-06,2.13423542344685e-06,5.06746094705901e-06
"Portal Sur - JFK Coop. Financiera","Marly",5.85044693735366e-06,4.28149504808831e-06,5.06597099272098e-06
"San Victorino","Calle 127",8.74667231207553e-06,1.36139860599844e-06,5.05403545903698e-06
"Carrera 90","General Santander",3.27303274599599e-06,6.82516395644289e-06,5.04909835121944e-06
"Museo Del Oro","Humedal Córdoba",9.69991406753206e-06,3.91197922713647e-07,5.04555599512286e-06
"Granja - cra 77","Sevillana",2.51194542612703e-06,7.54382867548341e-06,5.02788705080522e-06
"Av. Suba - Calle 116","Hortúa",5.58177220631288e-06,4.46271183999274e-06,5.02224202315281e-06
"Escuela Militar","Sevillana",4.22267066033156e-06,5.80992970476293e-06,5.01630018254724e-06
"Virrey - Cendiatra","Quiroga",3.71222590287065e-06,6.29554967628096e-06,5.00388778957581e-06
"Portal 20  de Julio","San Mateo",6.25374808534494e-06,3.73833589414729e-06,4.99604198974611e-06
"Virrey - Cendiatra","Olaya",6.54946395709932e-06,3.42904914013881e-06,4.98925654861907e-06
"Terminal","Avenida Chile",7.96187741659079e-06,2.01540086140761e-06,4.9886391389992e-06
"Gratamira","Pradera - Plaza Central",6.94032611342625e-06,3.01938532494173e-06,4.97985571918399e-06
"La Campiña","CAD",1.91700816805859e-06,8.00316035996108e-06,4.96008426400983e-06
"Policarpa","Ferias",9.54872907792595e-06,3.26606939589289e-07,4.93766800875762e-06
"La Campiña","Marly",7.53909873772134e-06,2.32909875267371e-06,4.93409874519752e-06
"San Facon Carrera 22","León XIII",7.6684418469786e-06,2.13499323394371e-06,4.90171754046115e-06
"Ciudad Jardín - UAN","Avenida 68",9.44184909035176e-06,3.17456627726635e-07,4.8796528590392e-06
"De La Sabana","Niza - Calle 127",8.09515522035541e-06,1.65053403993816e-06,4.87284463014679e-06
"Calle 127","Banderas",2.65090118457545e-06,7.06272208267023e-06,4.85681163362284e-06
"San Diego","Prado",9.11062226087116e-06,5.79525158705411e-07,4.84507370978829e-06
"Bosa","Calle 26 - Atrio",5.41883081649916e-06,4.22336184795519e-06,4.82109633222718e-06
"Calle 187","Flores",5.71393662424305e-06,3.91669138551721e-06,4.81531400488013e-06
"Ciudad Jardín - UAN","Calle 100 - Marketmedios",7.39110339438278e-06,2.1683934067064e-06,4.77974840054459e-06
"Carrera 90","Universidades CityU",7.5171536733691e-06,2.01295331323899e-06,4.76505349330404e-06
"San Diego","Portal 80",8.07368094740745e-06,1.44623520764165e-06,4.75995807752455e-06
"Suba - Calle 95","Biblioteca Tintal",8.55724156209138e-06,9.59135875142374e-07,4.75818871861688e-06
"Museo Del Oro","Prado",2.83058257733851e-06,6.65574780489757e-06,4.74316519111804e-06
"Portal 80","Tygua-San José",4.0295812770019e-06,5.44045170332604e-06,4.73501649016397e-06
"Portal Suba","Calle 57",6.74789894558707e-06,2.72115539363426e-06,4.73452716961067e-06
"De La Sabana","Prado",3.6084140221795e-06,5.84902212175875e-06,4.72871807196913e-06
"Carrera 47","Portal Américas",5.52128413415594e-06,3.89146881710524e-06,4.70637647563059e-06
"Virrey - Cendiatra","Venecia",2.81612733103722e-06,6.57428479952988e-06,4.69520606528355e-06
"Av. Rojas - UNISALESIANA","León XIII",6.26058917863027e-06,3.08756530913172e-06,4.67407724388099e-06
"Calle 100 - Marketmedios","Fucha",5.87803701850562e-06,3.4504938703941e-06,4.66426544444986e-06
"Suba - Av. Boyacá","Calle 22",6.04607200087541e-06,3.27231664140914e-06,4.65919432114227e-06
"Country Sur","Polo - FINCOMERCIO",8.772689182581e-06,4.93050831419568e-07,4.63287000700028e-06
"Polo - FINCOMERCIO","Santa Lucía",2.4655870026056e-06,6.74210930667223e-06,4.60384815463892e-06
"Ferias","Portal Américas",7.70138288068162e-06,1.50408135794892e-06,4.60273211931527e-06
"Calle 146","Ciudad Universitaria- Lotería de Bogotá",8.03271870442915e-06,1.16048069539359e-06,4.59659969991137e-06
"Country Sur","Virrey - Cendiatra",4.32960251592824e-06,4.85951187023959e-06,4.59455719308392e-06
"Toberín- Foundever","Marly",4.46800551603144e-06,4.66465112961649e-06,4.56632832282397e-06
"NQS Calle 30 SUR","Suba Calle 100",7.4010711804554e-06,1.71722321025582e-06,4.55914719535561e-06
"CDS Carrera 32","Alcalá - Colegio S. Tomás Dominicos",3.3753150480416e-06,5.70271235016892e-06,4.53901369910526e-06
"Puentelargo","NQS Calle 30 SUR",5.12184745725907e-06,3.94557109912237e-06,4.53370927819072e-06
"Av. Primero de Mayo","Rionegro",6.62125559904399e-06,2.44390225775671e-06,4.53257892840035e-06
"Suba - Tv. 91","Av. Eldorado",6.50249409451175e-06,2.55552965092838e-06,4.52901187272007e-06
"Boyacá","General Santander",5.93604929219927e-06,3.12025129363032e-06,4.5281502929148e-06
"Avenida Cali","Venecia",2.87700955812772e-06,6.17334815904053e-06,4.52517885858412e-06
"Puentelargo","Biblioteca Tintal",7.82415534633711e-06,1.22079589120132e-06,4.52247561876921e-06
"Las Nieves","Quirigua",7.53654460535381e-06,1.50754444591092e-06,4.52204452563237e-06
"Pepe Sierra - Utel Universidad","Mandalay",6.54758246868873e-06,2.48410296975159e-06,4.51584271922016e-06
"Suba - Calle 95","Restrepo",5.39154646232658e-06,3.61955592315328e-06,4.50555119273993e-06
"Danubio","Calle 57",5.16948544597407e-06,3.83798908787879e-06,4.50373726692643e-06
"Calle 100 - Marketmedios","Restrepo",4.94724577057282e-06,4.03939699548567e-06,4.49332138302924e-06
"CDS Carrera 32","San Mateo",3.46889052091562e-06,5.51183964646297e-06,4.4903650836893e-06
"Perdomo","Avenida Chile",3.49687388264974e-06,5.48348231233017e-06,4.49017809748996e-06
"Modelia","Molinos",2.36664086409799e-06,6.58768797166184e-06,4.47716441787991e-06
"Mazurén","Av. Eldorado",5.31593512653883e-06,3.62984548270953e-06,4.47289030462418e-06
"Estación San Bernardo","Minuto De Dios",8.49553513140028e-06,4.50067286596518e-07,4.4728012089984e-06
"Portal 20  de Julio","Héroes - Colmena Seguros",6.20691495485464e-06,2.73315650723511e-06,4.47003573104487e-06
"Portal 80","Cl38A sur - CENTRO MAYOR",2.38814748778408e-06,6.54505034458121e-06,4.46659891618265e-06
"Biblioteca Tintal","Suba Calle 100",8.55390241380623e-06,3.76057452736438e-07,4.46497993327133e-06
"Venecia","La Castellana",4.82632295395256e-06,4.10209259329524e-06,4.4642077736239e-06
"Portal Suba","Av. Eldorado",2.40441947590007e-06,6.47651912874122e-06,4.44046930232065e-06
"Av. Suba - Calle 116","Biblioteca Tintal",7.135235906838e-06,1.73170262830088e-06,4.43346926756944e-06
"San Victorino","La Despensa",5.5157874253804e-06,3.34961492463963e-06,4.43270117501002e-06
"Avenida 68","Olaya",4.9260097427605e-06,3.93100640570607e-06,4.42850807423328e-06
"Calle 161","Av. Eldorado",2.78390082503668e-06,6.06455484545723e-06,4.42422783524696e-06
"Gratamira","Paloquemao",4.63685397092592e-06,4.20889762799932e-06,4.42287579946262e-06
"San Facon Carrera 22","Prado",4.94846165604858e-06,3.89527350070619e-06,4.42186757837738e-06
"Movistar Arena","La Despensa",1.36612670640433e-06,7.45967886453687e-06,4.4129027854706e-06
"Policarpa","Avenida Cali",2.35880651654146e-06,6.45312612655123e-06,4.40596632154634e-06
"Ferias","General Santander",7.01967494910276e-06,1.7339918959228e-06,4.37683342251278e-06
"Suba - Av. Boyacá","Av Américas - Av. Boyacá",6.61944414420376e-06,2.1177545761648e-06,4.36859936018428e-06
"C.C Paseo Villa Del Rio - Madelena","Flores",4.86119319387875e-06,3.8543175145498e-06,4.35775535421428e-06
"Héroes - Colmena Seguros","Santa Lucía",2.59076959843174e-06,6.10079750569839e-06,4.34578355206507e-06
"Minuto De Dios","Cl38A sur - CENTRO MAYOR",6.57926116714555e-06,2.05782640895261e-06,4.31854378804908e-06
"CDS Carrera 32","Suba - Av. Boyacá",8.12404819999049e-06,5.07814769633922e-07,4.31593148481221e-06
"Niza - Calle 127","Banderas",6.60445050513446e-06,2.00188921157015e-06,4.3031698583523e-06
"Polo - FINCOMERCIO","Venecia",6.28440200224536e-06,2.30904938619603e-06,4.29672569422069e-06
"Portal 80","Sevillana",1.56745201812325e-06,7.00843221845198e-06,4.28794211828762e-06
"Boyacá","Alquería",5.15298987491633e-06,3.36908055308932e-06,4.26103521400283e-06
"San Martín","Venecia",4.76251718546211e-06,3.71684703701287e-06,4.23968211123749e-06
"Museo Del Oro","Quirigua",4.29872305296664e-06,4.16061392336122e-06,4.22966848816393e-06
"Policarpa","Puentelargo",6.61203706527787e-06,1.84328503256038e-06,4.22766104891913e-06
"Calle 161","CAN - British Council",7.32646988859448e-06,1.12306389449599e-06,4.22476689154524e-06
"Portal El Dorado – C.C Nuestro Bogotá","Santa Lucía",4.42617185115435e-06,4.01237236918643e-06,4.21927211017039e-06
"Carrera 43 - Comapan","Alcalá - Colegio S. Tomás Dominicos",4.78734779361239e-06,3.62202468912723e-06,4.20468624136981e-06
"Calle 127","Tygua-San José",5.6456006954246e-06,2.75499315971875e-06,4.20029692757167e-06
"Portal Sur - JFK Coop. Financiera","Avenida Chile",2.62095370668758e-06,5.70864813044109e-06,4.16480091856433e-06
"Avenida Cali","Sevillana",2.23751398990028e-06,6.08966497146335e-06,4.16358948068182e-06
"Modelia","Consuelo",3.17615533547109e-06,5.14878907508109e-06,4.16247220527609e-06
"San Martín","Quiroga",4.99150439125045e-06,3.32733348009531e-06,4.15941893567288e-06
"Portal 20  de Julio","Modelia",4.97503509194678e-06,3.3242542222069e-06,4.14964465707684e-06
"Portal Sur - JFK Coop. Financiera","Calle 57",4.1355149475257e-06,4.1572842151674e-06,4.14639958134655e-06
"Calle 142","Paloquemao",2.66238329507877e-06,5.60511858293532e-06,4.13375093900704e-06
"Portal 20  de Julio","Virrey - Cendiatra",2.57152276321142e-06,5.69040335094868e-06,4.13096305708005e-06
"San Mateo","Hortúa",3.56826618179741e-06,4.69124029639871e-06,4.12975323909806e-06
"Guatoque - Veraguas","San Mateo",5.08539736473913e-06,3.16604878406367e-06,4.1257230744014e-06
"Carrera 53","Portal Américas",6.62350650575695e-06,1.62098091405268e-06,4.12224370990482e-06
"Calle 127","Biblioteca Tintal",1.1569447159601e-06,7.07326254522882e-06,4.11510363059446e-06
"Calle 85 - Gato Dumas","Calle 40 Sur",4.09836721163285e-06,4.12291441413351e-06,4.11064081288318e-06
"Portal Américas","Universidades CityU",6.78569057871794e-06,1.43269462524367e-06,4.1091926019808e-06
"Portal 80","C.C Paseo Villa Del Rio - Madelena",1.2284038177801e-06,6.98563684723376e-06,4.10702033250693e-06
"Museo Nacional","Alcalá - Colegio S. Tomás Dominicos",7.65743761573383e-06,5.52419649660611e-07,4.10492863269722e-06
"Avenida 68","Venecia",5.37713045194142e-06,2.74088045047688e-06,4.05900545120915e-06
"Calle 127","Transversal 86",1.82332288833776e-06,6.28625103405529e-06,4.05478696119653e-06
"Ciudad Jardín - UAN","Suba - Calle 95",7.58740921780738e-06,5.06030490755961e-07,4.04671985428167e-06
"Calle 85 - Gato Dumas","Sevillana",2.87744111265767e-06,5.20616747028562e-06,4.04180429147164e-06
"Ferias","Alquería",5.97881169467894e-06,2.06485291926368e-06,4.02183230697131e-06
"Alcalá - Colegio S. Tomás Dominicos","Calle 22",4.55559654796042e-06,3.47507096168827e-06,4.01533375482435e-06
"Suba - Tv. 91","Concejo de Bogotá",4.05123440590594e-06,3.97823277518163e-06,4.01473359054379e-06
"Corferias","León XIII",4.99812471807868e-06,2.98721915117082e-06,3.99267193462475e-06
"Carrera 43 - Comapan","Gratamira",7.12956221270101e-06,8.30904625166821e-07,3.98023341893392e-06
"Portal Norte - Unicervantes ","Universidad Nacional",1.31053177798217e-06,6.64106259923498e-06,3.97579718860857e-06
"Portal El Dorado – C.C Nuestro Bogotá","Portal Tunal",4.30261027631831e-06,3.64445379373876e-06,3.97353203502854e-06
"Av. Primero de Mayo","Carrera 53",7.69843072108342e-06,2.34049543196283e-07,3.96624013213985e-06
"Ciudad Jardín - UAN","Terreros - H. Cardiovascular",6.40126915638576e-06,1.52326884786348e-06,3.96226900212462e-06
"Carrera 90","Venecia",2.69263790663134e-06,5.22571638484213e-06,3.95917714573673e-06
"Carrera 53","Olaya",6.9816965611979e-06,9.18690144785325e-07,3.95019335299161e-06
"El Tiempo - Cámara De Comercio De Bogotá","León XIII",6.74689338951951e-06,1.12538169843505e-06,3.93613754397728e-06
"Salitre El Greco - Vive Claro","León XIII",6.93821992972365e-06,9.2121031633498e-07,3.92971512302931e-06
"Minuto De Dios","Nariño",4.92216993886048e-06,2.90083973823607e-06,3.91150483854827e-06
"San Mateo","Nariño",5.38284055834508e-06,2.43534050070984e-06,3.90909052952746e-06
"Carrera 47","Calle 40 Sur",3.9755179753376e-06,3.80577702906271e-06,3.89064750220016e-06
"Museo Del Oro","Carrera 90",6.23359285164121e-06,1.53867014170048e-06,3.88613149667084e-06
"Estación San Bernardo","Pepe Sierra - Utel Universidad",4.87476875350298e-06,2.87461604176829e-06,3.87469239763563e-06
"Puente Aranda","Calle 142",3.41674213868906e-06,4.30619668924957e-06,3.86146941396932e-06
"Zona Industrial","Alcalá - Colegio S. Tomás Dominicos",4.2166511801922e-06,3.49758769087892e-06,3.85711943553556e-06
"Calle 187","Movistar Arena",2.20359914871103e-06,5.50475455915582e-06,3.85417685393342e-06
"Terminal","Modelia",2.01885730937449e-06,5.67311306602564e-06,3.84598518770007e-06
"La Castellana","Quiroga",5.53248655913771e-06,2.12470017141685e-06,3.82859336527728e-06
"Calle 142","Centro Memoria",6.61996777156458e-06,1.02920842670771e-06,3.82458809913615e-06
"Héroes - Colmena Seguros","Sevillana",3.69961796664534e-06,3.91879280667893e-06,3.80920538666214e-06
"Portal El Dorado – C.C Nuestro Bogotá","Socorro",2.46036308217914e-06,5.14133458896421e-06,3.80084883557168e-06
"Niza - Calle 127","Comuneros",5.02823655904612e-06,2.56222511875276e-06,3.79523083889944e-06
"Mazurén","Corferias",5.76072389639356e-06,1.81851634391906e-06,3.78962012015631e-06
"Country Sur","Escuela Militar",6.12430592497519e-06,1.44610849719295e-06,3.78520721108407e-06
"Suba - Calle 95","Olaya",2.97168405113709e-06,4.58365696999499e-06,3.77767051056604e-06
"Avenida Chile","Santa Lucía",6.56256183706312e-06,9.80561308586154e-07,3.77156157282464e-06
"Parque","Calle 76",1.7847450415046e-06,5.7490944191217e-06,3.76691973031315e-06
"Mazurén","Quinta Paredes",6.91344521655231e-06,6.15928982894582e-07,3.76468709972345e-06
"Minuto De Dios","Restrepo",2.85042398306147e-06,4.67109907752826e-06,3.76076153029487e-06
"Minuto De Dios","General Santander",5.18418062549653e-06,2.33104565009119e-06,3.75761313779386e-06
"Humedal Córdoba","Transversal 86",7.02829693661456e-06,4.78040049184295e-07,3.75316849289943e-06
"Alcalá - Colegio S. Tomás Dominicos","Pradera - Plaza Central",3.01568686201288e-06,4.48105784471228e-06,3.74837235336258e-06
"Estación San Bernardo","Carrera 90",2.84419009957424e-06,4.65233145408439e-06,3.74826077682931e-06
"Estación San Bernardo","Granja - cra 77",5.59886771111491e-06,1.88863046174128e-06,3.74374908642809e-06
"Calle 187","Campin - UAN",1.42128866749621e-06,6.04952033629787e-06,3.73540450189704e-06
"Prado","Marsella",2.9003907716206e-06,4.5310599123564e-06,3.7157253419885e-06
"Granja - cra 77","Perdomo",1.14975032524771e-06,6.26565991595217e-06,3.70770512059994e-06
"Gratamira","Calle 26 - Atrio",5.21533269073547e-06,2.19853516048925e-06,3.70693392561236e-06
"Quirigua","C.C Paseo Villa Del Rio - Madelena",1.54057555797212e-06,5.84708124202525e-06,3.69382839999869e-06
"Ciudad Universitaria- Lotería de Bogotá","La Despensa",5.50684084029231e-06,1.87538638963182e-06,3.69111361496206e-06
"Avenida 68","Quiroga",3.19277393469607e-06,4.17483469848896e-06,3.68380431659251e-06
"Suba - Av. Boyacá","Ricaurte",4.83983596769272e-06,2.51997766300882e-06,3.67990681535077e-06
"Portal El Dorado – C.C Nuestro Bogotá","Molinos",1.08172734643933e-06,6.24849097553112e-06,3.66510916098522e-06
"Policarpa","Boyacá",6.84123896732604e-06,4.70496700360604e-07,3.65586783384332e-06
"Mazurén","Distrito Grafiti",1.12779959460849e-06,6.16079100666544e-06,3.64429530063697e-06
"CAN - British Council","León XIII",6.84749161895678e-06,4.35152361311387e-07,3.64132199013408e-06
"San Victorino","Suba - Av. Boyacá",1.69066390689282e-06,5.55881066408942e-06,3.62473728549112e-06
"Portal Tunal","Calle 76",1.66281824959314e-06,5.57897034786221e-06,3.62089429872767e-06
"Granja - cra 77","C.C Paseo Villa Del Rio - Madelena",1.70551647912688e-06,5.53562889454373e-06,3.62057268683531e-06
"Toberín- Foundever","Salitre El Greco - Vive Claro",5.43386741608661e-06,1.79689922238959e-06,3.6153833192381e-06
"Escuela Militar","C.C Paseo Villa Del Rio - Madelena",2.13487815389422e-06,5.05766375365836e-06,3.59627095377629e-06
"Calle 146","Distrito Grafiti",1.74131653331477e-06,5.42282900994442e-06,3.58207277162959e-06
"San Diego","Gratamira",2.76178872522526e-06,4.39475656650584e-06,3.57827264586555e-06
"Quirigua","Universidades CityU",5.06814025776487e-06,2.07015152948711e-06,3.56914589362599e-06
"Carrera 53","Venecia",6.32011080786163e-06,8.16333049899612e-07,3.56822192888062e-06
"Las Aguas - Centro Colombo Americano","Prado",3.54702798224209e-06,3.57721644248126e-06,3.56212221236168e-06
"Portal El Dorado – C.C Nuestro Bogotá","Biblioteca",4.57367189951669e-06,2.54221518872162e-06,3.55794354411916e-06
"Suba - Av. Boyacá","Tygua-San José",1.3975876450882e-06,5.71699143277114e-06,3.55728953892967e-06
"Estación San Bernardo","Av. Suba - Calle 116",5.89387339927507e-06,1.18644015727488e-06,3.54015677827498e-06
"Sevillana","La Castellana",3.1992799842357e-06,3.87078641474429e-06,3.53503319948999e-06
"Campin - UAN","La Despensa",1.71295240164832e-06,5.33235958337126e-06,3.52265599250979e-06
"Humedal Córdoba","Santa Isabel",6.01456216024283e-06,1.02795331495374e-06,3.52125773759828e-06
"De La Sabana","San Mateo",1.15677941265043e-06,5.8827819678869e-06,3.51978069026866e-06
"Museo Nacional","Gratamira",4.37560313518444e-06,2.64911115039867e-06,3.51235714279156e-06
"Gobernacion","León XIII",6.61913525256844e-06,3.95390951731164e-07,3.5072631021498e-06
"Gobernacion","Portal Usme",4.09081726978092e-06,2.92036287648246e-06,3.50559007313169e-06
"Bicentenario","León XIII",4.89318820027485e-06,2.11015301574502e-06,3.50167060800994e-06
"Las Aguas - Centro Colombo Americano","Carrera 90",6.09295696543569e-06,9.0434321596208e-07,3.49865009069889e-06
"Escuela Militar","Santa Lucía",2.01503407976051e-06,4.96548164310976e-06,3.49025786143514e-06
"Calle 142","Calle 26 - Atrio",3.99421723301388e-06,2.97088141768277e-06,3.48254932534832e-06
"CAD","Terreros - H. Cardiovascular",1.92802362687998e-06,5.03090497869306e-06,3.47946430278652e-06
"Quirigua","Portal Sur - JFK Coop. Financiera",1.05207443346939e-06,5.89092696188571e-06,3.47150069767755e-06
"El Tiempo - Cámara De Comercio De Bogotá","Terreros - H. Cardiovascular",3.04250510452472e-06,3.88849448896776e-06,3.46549979674624e-06
"21 Ángeles","CAD",4.36669956598573e-06,2.53169829075776e-06,3.44919892837174e-06
"De La Sabana","Terreros - H. Cardiovascular",2.22470095281552e-06,4.67021334007823e-06,3.44745714644688e-06
"Terreros - H. Cardiovascular","Avenida Jiménez",1.98413553818576e-06,4.89086163592885e-06,3.4374985870573e-06
"Minuto De Dios","Alquería",4.6009466362999e-06,2.25815501930419e-06,3.42955082780205e-06
"21 Ángeles","Pradera - Plaza Central",3.92640783185275e-06,2.93237624951904e-06,3.4293920406859e-06
"Av. Primero de Mayo","Calle 100 - Marketmedios",3.78243447463625e-06,3.04519805622589e-06,3.41381626543107e-06
"Carrera 47","Sevillana",4.62548338194246e-06,2.16463154021116e-06,3.39505746107681e-06
"Prado","Universidades CityU",4.76121193371166e-06,2.0283666050856e-06,3.39478926939863e-06
"Zona Industrial","Gratamira",5.73744254544692e-06,1.04381034901608e-06,3.3906264472315e-06
"Modelia","León XIII",4.45643002793255e-06,2.28661128099725e-06,3.3715206544649e-06
"Calle 142","Ricaurte",1.27956557517523e-06,5.46302427990099e-06,3.37129492753811e-06
"Terminal","Portal El Dorado – C.C Nuestro Bogotá",2.67481684051216e-06,4.06683830619e-06,3.37082757335108e-06
"21 Ángeles","Distrito Grafiti",4.65967003458283e-06,2.02417933844941e-06,3.34192468651612e-06
"Suba - Calle 95","Cl38A sur - CENTRO MAYOR",5.64136781732051e-06,1.03784112750874e-06,3.33960447241462e-06
"Portal Américas","Portal Usme",4.30204707101901e-06,2.3686993256536e-06,3.3353731983363e-06
"Biblioteca Tintal","Portal Usme",3.45599938929563e-06,3.20446949752985e-06,3.33023444341274e-06
"De La Sabana","León XIII",4.74556839208424e-06,1.90614028971202e-06,3.32585434089813e-06
"Quinta Paredes","León XIII",6.09976590504933e-06,5.44658990464002e-07,3.32221244775667e-06
"Virrey - Cendiatra","Sevillana",1.84889303124034e-06,4.77215102201951e-06,3.31052202662993e-06
"Las Nieves","Portal 80",5.13244042463717e-06,1.47603023254998e-06,3.30423532859358e-06
"Av. Suba - Calle 116","NQS Calle 30 SUR",3.27744230906006e-06,3.3029947800579e-06,3.29021854455898e-06
"Puente Aranda","21 Ángeles",4.45089837544992e-06,2.12833678621483e-06,3.28961758083237e-06
"Suba - Tv. 91","Av. 39",3.94386984985842e-06,2.6298689076995e-06,3.28686937877896e-06
"Mazurén","Ciudad Universitaria- Lotería de Bogotá",5.07396000036339e-06,1.49513478394182e-06,3.2845473921526e-06
"Puente Aranda","Mazurén",1.3252277763906e-06,5.23179929684331e-06,3.27851353661696e-06
"San Victorino","Quirigua",4.78038354699485e-06,1.77086611480205e-06,3.27562483089845e-06
"Molinos","Flores",3.82363701278014e-06,2.72373426221776e-06,3.27368563749895e-06
"Rionegro","Quiroga",2.94884323787069e-06,3.58357310876533e-06,3.26620817331801e-06
"Portal 20  de Julio","Polo - FINCOMERCIO",5.85698526211582e-06,6.72981462267719e-07,3.26498336219177e-06
"Portal Suba","Quinta Paredes",6.09624608127812e-06,4.07983065377402e-07,3.25211457332776e-06
"Suba Calle 100","Fucha",5.12951178868616e-06,1.33242900572339e-06,3.23097039720477e-06
"Boyacá","Venecia",3.76484753965394e-06,2.68848945427876e-06,3.22666849696635e-06
"Portal El Dorado – C.C Nuestro Bogotá","Consuelo",1.46536063488924e-06,4.9802006824073e-06,3.22278065864827e-06
"Normandia","León XIII",5.42025439432075e-06,1.02357769113841e-06,3.22191604272958e-06
"Granja - cra 77","Nariño",3.42139661150754e-06,3.00299076829516e-06,3.21219368990135e-06
"Calle 161","CAD",1.11278167951784e-06,5.31113164517144e-06,3.21195666234464e-06
"Ciudad Jardín - UAN","Suba Calle 100",6.01201091638079e-06,4.11107247816463e-07,3.21155908209862e-06
"San Diego","Bosa",5.40251264492153e-06,9.99583238229619e-07,3.20104794157557e-06
"Carrera 90","Sevillana",2.13677662983908e-06,4.25400592561537e-06,3.19539127772722e-06
"Minuto De Dios","Fucha",3.2002663851453e-06,3.16155756392844e-06,3.18091197453687e-06
"Calle 127","Mandalay",3.72666800372531e-06,2.63001056168297e-06,3.17833928270414e-06
"Policarpa","Calle 106",4.64867319071565e-06,1.69957897483951e-06,3.17412608277758e-06
"Ferias","Olaya",3.07381403193466e-06,3.27437206093734e-06,3.174093046436e-06
"Escuela Militar","Portal Américas",4.19122613250534e-06,2.11097887909437e-06,3.15110250579986e-06
"Calle 161","Gobernacion",5.34797521044888e-06,9.4238803758508e-07,3.14518162401698e-06
"C.C Paseo Villa Del Rio - Madelena","Calle 76",2.39742673979083e-06,3.89059108799642e-06,3.14400891389362e-06
"Las Aguas - Centro Colombo Americano","Quirigua",4.13589009807999e-06,2.12804302895446e-06,3.13196656351723e-06
"Las Aguas - Centro Colombo Americano","Niza - Calle 127",6.06936316280616e-06,1.86745377243863e-07,3.12805427002501e-06
"Portal 80","Universidades CityU",3.43532900987714e-06,2.80467080750032e-06,3.11999990868873e-06
"Av. Primero de Mayo","San Mateo",5.16528381587184e-06,1.0665185382403e-06,3.11590117705607e-06
"Universidad Nacional","León XIII",1.46265873170316e-06,4.76085241439809e-06,3.11175557305063e-06
"Suba - Av. Boyacá","Mandalay",4.45664255111747e-06,1.76281234138441e-06,3.10972744625094e-06
"Calle 146","Concejo de Bogotá",5.25655358537844e-06,9.6284866353668e-07,3.10970112445756e-06
"Avenida 68","Calle 40 Sur",2.33278777174932e-06,3.87953605652305e-06,3.10616191413618e-06
"Las Aguas - Centro Colombo Americano","Bosa",4.27691993527298e-06,1.92695892568398e-06,3.10193943047848e-06
"Consuelo","Flores",4.3860618677592e-06,1.81293459519747e-06,3.09949823147834e-06
"Portal Sur - JFK Coop. Financiera","NQS Calle 75",1.55084768212484e-06,4.61950816926724e-06,3.08517792569604e-06
"Pepe Sierra - Utel Universidad","Hortúa",4.21968629914274e-06,1.91130289310396e-06,3.06549459612335e-06
"Country Sur","Carrera 47",5.21377624179598e-06,8.72522483929735e-07,3.04314936286286e-06
"Policarpa","Terreros - H. Cardiovascular",4.44805281268883e-06,1.60057813929842e-06,3.02431547599362e-06
"Bicentenario","Quirigua",2.71823052689225e-06,3.29378430603492e-06,3.00600741646359e-06
"Portal Suba","Corferias",4.23398663931016e-06,1.77369807148979e-06,3.00384235539998e-06
"Calle 100 - Marketmedios","Alquería",2.26323128730619e-06,3.72239793737272e-06,2.99281461233946e-06
"Portal El Dorado – C.C Nuestro Bogotá","Terreros - H. Cardiovascular",1.61694989291709e-06,4.33598720268877e-06,2.97646854780293e-06
"Niza - Calle 127","Transversal 86",5.07303694786075e-06,8.45601552908244e-07,2.95931925038449e-06
"Virrey - Cendiatra","Portal Américas",1.28847679856297e-06,4.62633536636826e-06,2.95740608246561e-06
"Campin - UAN","Portal Usme",1.6253777331444e-06,4.28590974155085e-06,2.95564373734762e-06
"Rionegro","Venecia",2.84089562499368e-06,3.04670804698948e-06,2.94380183599158e-06
"Portal 20  de Julio","Escuela Militar",4.0084716868819e-06,1.84331079164341e-06,2.92589123926266e-06
"CDS Carrera 32","Calle 142",2.09506252617862e-06,3.75376313297649e-06,2.92441282957755e-06
"La Campiña","Paloquemao",9.4091718294866e-07,4.88467215262607e-06,2.91279466778736e-06
"Country Sur","San Martín",5.12083860892054e-06,6.91761599013721e-07,2.90630010396713e-06
"Puentelargo","Fucha",3.17271704368411e-06,2.63192887262277e-06,2.90232295815344e-06
"Avenida Chile","Biblioteca",5.17618742859015e-06,6.13408477761463e-07,2.8947979531758e-06
"Portal 80","Portal Sur - JFK Coop. Financiera",8.6546670781963e-07,4.8745044441063e-06,2.86998557596297e-06
"San Facon Carrera 22","San Mateo",1.83213971841961e-06,3.90718251156197e-06,2.86966111499079e-06
"Universidades CityU","Bosa",3.63235062056264e-06,2.0919851502713e-06,2.86216788541697e-06
"Héroes - Colmena Seguros","Biblioteca",1.7073603355091e-06,4.00485225628682e-06,2.85610629589796e-06
"Ferias","Venecia",4.22126316405468e-06,1.47274338878445e-06,2.84700327641957e-06
"Portal El Dorado – C.C Nuestro Bogotá","Parque",3.46826638242867e-06,2.20933184008699e-06,2.83879911125783e-06
"Calle 161","Av. 39",2.62410761681374e-06,3.02830293032484e-06,2.82620527356929e-06
"Calle 85 - Gato Dumas","Portal Américas",1.72476753540234e-06,3.92157968775433e-06,2.82317361157834e-06
"Normandia","Terreros - H. Cardiovascular",2.49705924797744e-06,3.13695734606593e-06,2.81700829702169e-06
"Museo Del Oro","Niza - Calle 127",5.28530498913426e-06,3.47841847971526e-07,2.81657341855289e-06
"La Campiña","Ciudad Universitaria- Lotería de Bogotá",4.60621857585879e-06,1.02215256511597e-06,2.81418557048738e-06
"Av. Primero de Mayo","Avenida 68",5.13349244971006e-06,4.81533331404571e-07,2.80751289055732e-06
"Bosa","Av. 39",2.84425440692543e-06,2.72479188581063e-06,2.78452314636803e-06
"Salitre El Greco - Vive Claro","Terreros - H. Cardiovascular",3.10848155430687e-06,2.44813163981492e-06,2.7783065970609e-06
"Ciudad Jardín - UAN","Ferias",5.42155896348273e-06,1.19084001225129e-07,2.77032148235393e-06
"Carrera 53","Quiroga",4.41084150153874e-06,1.12669416127537e-06,2.76876783140705e-06
"Minuto De Dios","Venecia",3.49770442175008e-06,2.01577053209091e-06,2.75673747692049e-06
"Polo - FINCOMERCIO","Parque",1.13930332649198e-06,4.3574997059865e-06,2.74840151623924e-06
"Concejo de Bogotá","La Despensa",4.61298697450842e-06,8.50358182949584e-07,2.731672578729e-06
"Portal El Dorado – C.C Nuestro Bogotá","León XIII",3.38611358432899e-06,2.07618763775329e-06,2.73115061104114e-06
"Policarpa","Carrera 90",1.70748795236222e-06,3.74366285448258e-06,2.7255754034224e-06
"Prado","Av Américas - Av. Boyacá",2.23205001797935e-06,3.17325190741376e-06,2.70265096269656e-06
"Calle 161","Corferias",3.05405913800918e-06,2.32875626268118e-06,2.69140770034518e-06
"Gratamira","Marsella",4.28422821048745e-06,1.0954484919156e-06,2.68983835120153e-06
"Humedal Córdoba","Biblioteca Tintal",4.87116677289192e-06,4.89302878171944e-07,2.68023482553193e-06
"Calle 106","NQS Calle 30 SUR",2.58143142798866e-06,2.76213797990579e-06,2.67178470394722e-06
"Avenida 68","Sevillana",3.79317926640316e-06,1.5391903342896e-06,2.66618480034638e-06
"Mazurén","CAD",2.12069898582687e-06,3.20831564960347e-06,2.66450731771517e-06
"7 de Agosto","La Despensa",8.60277748433431e-07,4.45851488406989e-06,2.65939631625166e-06
"Portal Suba","Marly",3.75800616122661e-06,1.55911222008881e-06,2.65855919065771e-06
"Cl38A sur - CENTRO MAYOR","Suba Calle 100",4.82870782359462e-06,4.67323059337589e-07,2.6480154414661e-06
"Portal Américas","Flores",4.28189940620909e-06,1.01373016562857e-06,2.64781478591883e-06
"Prado","Comuneros",1.62685467097969e-06,3.66788446725822e-06,2.64736956911895e-06
"Museo Del Oro","Portal 80",2.92757461765469e-06,2.35745089368028e-06,2.64251275566749e-06
"Polo - FINCOMERCIO","Portal Tunal",1.09643283784564e-06,4.17835657052206e-06,2.63739470418385e-06
"León XIII","Avenida Jiménez",4.2046129400877e-06,1.06396270504967e-06,2.63428782256868e-06
"San Facon Carrera 22","Terreros - H. Cardiovascular",3.55406066077873e-06,1.69955325484796e-06,2.62680695781334e-06
"Carrera 43 - Comapan","Calle 142",3.01076414171575e-06,2.24045130077814e-06,2.62560772124695e-06
"Calle 187","Av. Rojas - UNISALESIANA",1.88389556132173e-06,3.34486753991841e-06,2.61438155062007e-06
"Polo - FINCOMERCIO","Sevillana",4.12480899462878e-06,1.10321580671809e-06,2.61401240067344e-06
"Suba - Av. Boyacá","Guatoque - Veraguas",2.05491737781679e-06,3.17195983419089e-06,2.61343860600384e-06
"Niza - Calle 127","Santa Isabel",3.46796813894004e-06,1.75608329836093e-06,2.61202571865049e-06
"Portal Norte - Unicervantes ","Calle 57",3.23652071023483e-06,1.98344246190798e-06,2.6099815860714e-06
"Portal Norte - Unicervantes ","El Tiempo - Cámara De Comercio De Bogotá",3.23563937255009e-06,1.98009811140235e-06,2.60786874197622e-06
"Prado","Avenida Jiménez",2.83029103592291e-06,2.38396695164738e-06,2.60712899378514e-06
"Boyacá","Olaya",2.3569419075312e-06,2.84623171017912e-06,2.60158680885516e-06
"Policarpa","Minuto De Dios",4.91693814844708e-06,2.80914398834402e-07,2.59892627364074e-06
"Avenida Cali","Hortúa",4.00453708696885e-06,1.16952107279108e-06,2.58702907987996e-06
"Mazurén","Calle 26 - Atrio",1.47838200579729e-06,3.68635996679792e-06,2.5823709862976e-06
"Granja - cra 77","Restrepo",2.06343855064574e-06,3.09617066651249e-06,2.57980460857912e-06
"San Martín","Calle 40 Sur",3.37465776328359e-06,1.748141242188e-06,2.56139950273579e-06
"San Martín","Sevillana",3.18024015391847e-06,1.93012673140209e-06,2.55518344266028e-06
"Humedal Córdoba","Hortúa",2.46893211686372e-06,2.62486997416565e-06,2.54690104551469e-06
"Suba - Tv. 91","CAD",2.97872755612472e-06,2.11052681703251e-06,2.54462718657862e-06
"Portal Suba","Transversal 86",7.57536694258695e-07,4.33040126414096e-06,2.54396897919983e-06
"Calle 106","Cl38A sur - CENTRO MAYOR",1.65960823741061e-06,3.42059864984804e-06,2.54010344362932e-06
"Las Nieves","Prado",4.62309111456192e-06,4.54955460465146e-07,2.53902328751353e-06
"Avenida Chile","Consuelo",2.57933025142778e-06,2.49219867633918e-06,2.53576446388348e-06
"Suba Calle 100","Restrepo",4.36240881510731e-06,7.0058221279365e-07,2.53149551395048e-06
"Puente Aranda","Calle 146",2.06426659732997e-06,2.98736666705793e-06,2.52581663219395e-06
"Country Sur","Portal El Dorado – C.C Nuestro Bogotá",3.47026809694388e-06,1.55801619109676e-06,2.51414214402032e-06
"Mazurén","Concejo de Bogotá",3.31202811540077e-06,1.70602496152419e-06,2.50902653846248e-06
"Salitre El Greco - Vive Claro","Portal Usme",1.77841651249367e-06,3.21116284394611e-06,2.49478967821989e-06
"Museo Del Oro","León XIII",1.80678570249268e-06,3.15761007565072e-06,2.4821978890717e-06
"Museo Del Oro","La Despensa",3.2285925316568e-06,1.70750783931865e-06,2.46805018548773e-06
"Calle 106","Nariño",3.6177182304996e-06,1.30451795769778e-06,2.46111809409869e-06
"Terminal","Normandia",1.48267053037846e-06,3.43521759903704e-06,2.45894406470775e-06
"Perdomo","NQS Calle 75",2.06141529413858e-06,2.83336987555936e-06,2.44739258484897e-06
"Carrera 53","Sevillana",4.38045232561976e-06,5.11311071967463e-07,2.44588169879361e-06
"Bicentenario","Niza - Calle 127",2.0057760884844e-06,2.85773032298716e-06,2.43175320573578e-06
"Ferias","Calle 40 Sur",1.54376523027605e-06,3.31674241703183e-06,2.43025382365394e-06
"Granja - cra 77","Fucha",2.29436283125122e-06,2.55848816983042e-06,2.42642550054082e-06
"Avenida Chile","Socorro",3.79415644795208e-06,1.01583489855493e-06,2.4049956732535e-06
"Calle 142","Pradera - Plaza Central",1.96276462484625e-06,2.82974334355409e-06,2.39625398420017e-06
"Suba - Calle 95","General Santander",3.78042237562275e-06,1.00949184585722e-06,2.39495711073999e-06
"Héroes - Colmena Seguros","Parque",1.0151780075592e-06,3.77471233479361e-06,2.3949451711764e-06
"Suba - Tv. 91","Centro Memoria",2.00018417902796e-06,2.78734841534992e-06,2.39376629718894e-06
"San Martín","Socorro",9.28975867541743e-07,3.8574293772921e-06,2.39320262241692e-06
"Bicentenario","Calle 127",3.32300820548701e-06,1.45549774490629e-06,2.38925297519665e-06
"Zona Industrial","Calle 142",2.63684500334784e-06,2.13601473341236e-06,2.3864298683801e-06
"La Campiña","Distrito Grafiti",2.74186120671334e-06,2.01842593793628e-06,2.38014357232481e-06
"Boyacá","Quiroga",1.61189864021021e-06,3.13231946839153e-06,2.37210905430087e-06
"Policarpa","Av. Suba - Calle 116",3.67727044514097e-06,1.04905087640361e-06,2.36316066077229e-06
"Suba - Tv. 91","Pradera - Plaza Central",2.9246024516297e-06,1.80096975320762e-06,2.36278610241866e-06
"NQS Calle 75","Santa Lucía",3.87865191492662e-06,8.28025662196275e-07,2.35333878856145e-06
"NQS Calle 75","Consuelo",1.53428167050519e-06,3.16330518066703e-06,2.34879342558611e-06
"Las Nieves","La Despensa",3.69477280967494e-06,9.94485791442153e-07,2.34462930055855e-06
"Museo Nacional","Bosa",3.96521640624089e-06,7.15641059987674e-07,2.34042873311428e-06
"Bicentenario","Terreros - H. Cardiovascular",2.70010560556403e-06,1.97974127557571e-06,2.33992344056987e-06
"Gratamira","Av Américas - Av. Boyacá",3.58522098143761e-06,1.07782003716082e-06,2.33152050929922e-06
"Toberín- Foundever","CAN - British Council",4.24078648484665e-06,4.13942656837302e-07,2.32736457084198e-06
"San Victorino","Portal 80",3.26865364691001e-06,1.38455686459086e-06,2.32660525575043e-06
"Mazurén","Pradera - Plaza Central",7.91267936928637e-07,3.84873596879136e-06,2.32000195286e-06
"Suba - Tv. 91","Distrito Grafiti",3.31807613249086e-06,1.31033377288799e-06,2.31420495268942e-06
"Av. Primero de Mayo","Avenida Cali",8.25210227976213e-07,3.80102936739045e-06,2.31311979768333e-06
"Suba - Av. Boyacá","Banderas",3.46636212479655e-06,1.15902833479341e-06,2.31269522979498e-06
"Carrera 90","C.C Paseo Villa Del Rio - Madelena",1.56911569505027e-06,3.0552303078075e-06,2.31217300142888e-06
"Avenida Cali","C.C Paseo Villa Del Rio - Madelena",1.57346042160176e-06,3.04947674848045e-06,2.3114685850411e-06
"Portal Suba","Biblioteca Tintal",8.4123203561423e-07,3.77935426991404e-06,2.31029315276413e-06
"Policarpa","Pepe Sierra - Utel Universidad",2.96338882427498e-06,1.65315983392784e-06,2.30827432910141e-06
"Suba - Av. Boyacá","Universidades CityU",2.66625692945315e-06,1.94453978309467e-06,2.30539835627391e-06
"San Facon Carrera 22","Suba - Av. Boyacá",4.39756417780583e-06,1.82574090340954e-07,2.29006913407339e-06
"Las Nieves","Gratamira",1.49335024397335e-06,3.06457703972483e-06,2.27896364184909e-06
"Puentelargo","Cl38A sur - CENTRO MAYOR",3.42766284921054e-06,1.12118991683742e-06,2.27442638302398e-06
"Prado","Guatoque - Veraguas",1.99097258700979e-06,2.55684850725069e-06,2.27391054713024e-06
"Av. Suba - Calle 116","Fucha",1.84482262120004e-06,2.69262563500412e-06,2.26872412810208e-06
"Toberín- Foundever","Av. Eldorado",1.56848030456499e-06,2.96896531618717e-06,2.26872281037608e-06
"Granja - cra 77","Portal Sur - JFK Coop. Financiera",1.00906222954732e-06,3.52508514265107e-06,2.2670736860992e-06
"Suba - Calle 95","Alquería",2.92480291555183e-06,1.60635966551367e-06,2.26558129053275e-06
"Calle 100 - Marketmedios","Venecia",1.31402259661652e-06,3.189262054268e-06,2.25164232544226e-06
"Calle 146","Centro Memoria",3.90406137941993e-06,5.9518434031432e-07,2.24962285986712e-06
"Portal 20  de Julio","Carrera 47",3.37031628953204e-06,1.11818710851314e-06,2.24425169902259e-06
"Policarpa","Granja - cra 77",3.29070187767922e-06,1.1929536668941e-06,2.24182777228666e-06
"Calle 187","Normandia",2.68289025954439e-06,1.77567133680369e-06,2.22928079817404e-06
"Socorro","Calle 76",2.43070298306891e-06,2.01582422767443e-06,2.22326360537167e-06
"Humedal Córdoba","Nariño",1.40875083495911e-06,3.03715949166735e-06,2.22295516331323e-06
"Rionegro","Socorro",5.48020134524786e-07,3.87046322696344e-06,2.20924168074411e-06
"Av. Primero de Mayo","Suba - Calle 95",3.92887838344193e-06,4.8727609650258e-07,2.20807723997225e-06
"Bicentenario","Humedal Córdoba",3.63510267433371e-06,7.7485011299546e-07,2.20497639366459e-06
"Héroes - Colmena Seguros","C.C Paseo Villa Del Rio - Madelena",1.72513188039046e-06,2.68124423411824e-06,2.20318805725435e-06
"Centro Memoria","La Despensa",3.61038333201265e-06,7.53761780763235e-07,2.18207255638794e-06
"De La Sabana","Alcalá - Colegio S. Tomás Dominicos",1.61408106883291e-06,2.7424683131618e-06,2.17827469099735e-06
"Niza - Calle 127","Biblioteca Tintal",3.65109367728063e-06,7.05307338761319e-07,2.17820050802097e-06
"Quirigua","Perdomo",1.1324354720517e-06,3.2216267436428e-06,2.17703110784725e-06
"San Diego","Alcalá - Colegio S. Tomás Dominicos",4.06159353851776e-06,2.88253105134367e-07,2.17492332182606e-06
"Estación San Bernardo","Terreros - H. Cardiovascular",3.31234176009586e-06,1.03234001329174e-06,2.1723408866938e-06
"Calle 146","Paloquemao",1.57927673445525e-06,2.73212040327092e-06,2.15569856886309e-06
"Boyacá","Calle 40 Sur",1.23221468414232e-06,3.06998536041586e-06,2.15110002227909e-06
"CDS Carrera 32","Gratamira",3.99963470615407e-06,2.9498697553719e-07,2.14731084084563e-06
"Boyacá","Sevillana",2.76021431033358e-06,1.52082209736645e-06,2.14051820385001e-06
"Terminal","7 de Agosto",2.6180683755476e-06,1.66170798512002e-06,2.13988818033381e-06
"Gratamira","Calle 22",2.94920337025709e-06,1.31940022820598e-06,2.13430179923154e-06
"Calle 161","Quinta Paredes",3.69002067087584e-06,5.71623270391946e-07,2.13082197063389e-06
"Calle 146","Calle 26 - Atrio",2.35290620446889e-06,1.90683738213181e-06,2.12987179330035e-06
"Portal Américas","Calle 76",2.72980949607249e-06,1.50506631050801e-06,2.11743790329025e-06
"La Castellana","Calle 40 Sur",3.69506086330405e-06,5.39802159823918e-07,2.11743151156399e-06
"Granja - cra 77","Quiroga",9.99524711690922e-07,3.22564683316459e-06,2.11258577242775e-06
"Calle 142","Calle 22",2.45113177211476e-06,1.76384137655052e-06,2.10748657433264e-06
"CAN - British Council","Portal Usme",2.61058051479406e-06,1.60358414033825e-06,2.10708232756615e-06
"Ferias","Quiroga",2.05676535551706e-06,2.15236221097787e-06,2.10456378324746e-06
"Pepe Sierra - Utel Universidad","Cl38A sur - CENTRO MAYOR",1.09711426951984e-06,3.10779731456884e-06,2.10245579204434e-06
"Puente Aranda","Suba - Tv. 91",3.02569826236421e-06,1.1776911128498e-06,2.101694687607e-06
"Gratamira","Tygua-San José",6.84031281479174e-07,3.5021058544263e-06,2.09306856795274e-06
"Carrera 43 - Comapan","21 Ángeles",3.45161163396429e-06,7.22827404426123e-07,2.08721951919521e-06
"Puentelargo","Restrepo",2.71644939427998e-06,1.45080907870744e-06,2.08362923649371e-06
"Perdomo","Flores",2.46731913222079e-06,1.69237277470579e-06,2.07984595346329e-06
"Portal 80","Perdomo",9.20091424942456e-07,3.23818391023981e-06,2.07913766759113e-06
"La Campiña","Transversal 86",1.13859540402756e-06,3.01675384378579e-06,2.07767462390668e-06
"Escuela Militar","Biblioteca",1.59088027066882e-06,2.55928106071878e-06,2.0750806656938e-06
"Ciudad Jardín - UAN","Puentelargo",3.56957148836921e-06,5.63468239337244e-07,2.06651986385323e-06
"Calle 100 - Marketmedios","Quiroga",1.52952635393154e-06,2.58640274938386e-06,2.0579645516577e-06
"Ciudad Jardín - UAN","Boyacá",3.92650531517108e-06,1.79639956754221e-07,2.05307263596265e-06
"Virrey - Cendiatra","Calle 40 Sur",2.42907231102682e-06,1.67465554906262e-06,2.05186393004472e-06
"Avenida Chile","Molinos",2.14499701484786e-06,1.95213298025393e-06,2.0485649975509e-06
"Rionegro","Calle 40 Sur",1.99064856126113e-06,2.10409475971979e-06,2.04737166049046e-06
"La Despensa","Calle 22",3.03321544631259e-06,1.06124848769979e-06,2.04723196700619e-06
"Portal 20  de Julio","San Martín",3.37597294799126e-06,6.85024367930387e-07,2.03049865796082e-06
"Calle 100 - Marketmedios","Olaya",2.66372961528631e-06,1.39398575988382e-06,2.02885768758506e-06
"Estación San Bernardo","Quirigua",2.05757612701327e-06,1.96324129600765e-06,2.01040871151046e-06
"San Victorino","Gratamira",8.24648048835419e-07,3.19204071217867e-06,2.00834438050704e-06
"Carrera 53","Calle 40 Sur",3.15397095776399e-06,8.61778469638385e-07,2.00787471370119e-06
"Ciudad Jardín - UAN","Avenida Cali",1.41438046353662e-06,2.55311040135737e-06,1.983745432447e-06
"Carrera 90","Hortúa",2.93403976824662e-06,1.00006334583036e-06,1.96705155703849e-06
"Country Sur","Carrera 53",3.72619625658056e-06,2.03276816192573e-07,1.96473653638657e-06
"Portal Suba","CAD",1.13778876519205e-06,2.7912014846544e-06,1.96449512492322e-06
"Bicentenario","Portal 80",1.87116714942614e-06,2.02208822915523e-06,1.94662768929069e-06
"Alcalá - Colegio S. Tomás Dominicos","Marsella",1.46185656139419e-06,2.43028192428746e-06,1.94606924284082e-06
"Museo Del Oro","Alcalá - Colegio S. Tomás Dominicos",1.26187977886655e-06,2.62666061959681e-06,1.94427019923168e-06
"San Facon Carrera 22","Alcalá - Colegio S. Tomás Dominicos",2.22419745284893e-06,1.65647620406355e-06,1.94033682845624e-06
"Museo Nacional","Calle 142",3.61746958188218e-06,2.54290158304968e-07,1.93587987009357e-06
"Suba - Av. Boyacá","Avenida Jiménez",2.12670247964949e-06,1.73050746517649e-06,1.92860497241299e-06
"La Campiña","Pradera - Plaza Central",2.49888770513474e-06,1.34969018822177e-06,1.92428894667825e-06
"Pepe Sierra - Utel Universidad","NQS Calle 30 SUR",1.6959559803859e-06,2.15194047647088e-06,1.92394822842839e-06
"Minuto De Dios","Sevillana",2.61155708003081e-06,1.23527422578353e-06,1.92341565290717e-06
"Gratamira","Ricaurte",2.38106062753125e-06,1.45789729479124e-06,1.91947896116125e-06
"Las Aguas - Centro Colombo Americano","Portal 80",2.80711551480831e-06,1.0270828842443e-06,1.91709919952631e-06
"Ferias","Sevillana",3.04711925689071e-06,7.86114536195623e-07,1.91661689654317e-06
"Prado","Santa Isabel",1.0874073757111e-06,2.73046414020077e-06,1.90893575795593e-06
"Avenida Chile","Parque",3.18065123726482e-06,6.33108652311371e-07,1.90687994478809e-06
"21 Ángeles","Marsella",2.68744003481117e-06,1.12542793563848e-06,1.90643398522482e-06
"Ferias","Biblioteca",6.65059552283143e-07,3.1431926153775e-06,1.90412608383032e-06
"Prado","Biblioteca Tintal",5.20053412188671e-07,3.2824295755174e-06,1.90124149385303e-06
"Calle 85 - Gato Dumas","Perdomo",6.3468755916728e-07,3.16613387370251e-06,1.9004107164349e-06
"Ciudad Jardín - UAN","San Mateo",3.52116759648426e-06,2.62688439653968e-07,1.89192801806911e-06
"CDS Carrera 32","Calle 146",1.24640767967753e-06,2.53394368360082e-06,1.89017568163917e-06
"Terminal","Calle 57",7.64787400901412e-07,3.01268538824778e-06,1.8887363945746e-06
"Héroes - Colmena Seguros","Portal Tunal",9.5659381845024e-07,2.81399254172732e-06,1.88529318008878e-06
"21 Ángeles","Calle 26 - Atrio",2.04290789827161e-06,1.71297561508718e-06,1.8779417566794e-06
"Country Sur","Calle 100 - Marketmedios",1.72256333764629e-06,2.03286108715332e-06,1.8777122123998e-06
"Calle 85 - Gato Dumas","C.C Paseo Villa Del Rio - Madelena",1.35919046994079e-06,2.39243053238531e-06,1.87581050116305e-06
"Portal Usme","Marly",2.26870190494768e-06,1.47497308089774e-06,1.87183749292271e-06
"Carrera 47","C.C Paseo Villa Del Rio - Madelena",2.41756382598984e-06,1.29445169656572e-06,1.85600776127778e-06
"Avenida 68","Parque",6.22358584613576e-07,3.08136825645364e-06,1.85186342053361e-06
"Calle 146","Ricaurte",7.60300790365901e-07,2.939455240572e-06,1.84987801546895e-06
"Gobernacion","Terreros - H. Cardiovascular",2.95564510414468e-06,7.42209344270854e-07,1.84892722420777e-06
"Portal 20  de Julio","Portal El Dorado – C.C Nuestro Bogotá",2.07132153625367e-06,1.62478291298169e-06,1.84805222461768e-06
"General Santander","Suba Calle 100",3.27244107254682e-06,4.08673459325514e-07,1.84055726593617e-06
"CAN - British Council","Terreros - H. Cardiovascular",3.06075951333642e-06,5.96118401367036e-07,1.82843895735173e-06
"Avenida Chile","Portal Tunal",3.13966898623288e-06,5.1213698628664e-07,1.82590298625976e-06
"Movistar Arena","Portal Usme",1.05410783688402e-06,2.59431963451338e-06,1.8242137356987e-06
"Calle 127","Hortúa",2.00208290810459e-06,1.64216503179357e-06,1.82212396994908e-06
"Zona Industrial","21 Ángeles",2.70346190793892e-06,9.13022947252378e-07,1.80824242759565e-06
"Polo - FINCOMERCIO","Portal Américas",3.05121708853229e-06,5.62767220145623e-07,1.80699215433896e-06
"Corferias","Terreros - H. Cardiovascular",2.23854315804857e-06,1.37419063174004e-06,1.8063668948943e-06
"Calle 106","General Santander",1.10939855859219e-06,2.48011445992858e-06,1.79475650926039e-06
"Calle 100 - Marketmedios","Portal Américas",7.72833547222246e-07,2.81395433193417e-06,1.79339393957821e-06
"Quirigua","Hortúa",2.16936827817548e-06,1.40999255839168e-06,1.78968041828358e-06
"Puentelargo","Alquería",1.91197787092667e-06,1.6541647229311e-06,1.78307129692889e-06
"NQS Calle 75","Molinos",1.28062041047301e-06,2.26545055212336e-06,1.77303548129819e-06
"Country Sur","Rionegro",3.06427855268464e-06,4.41016871478121e-07,1.75264771208138e-06
"NQS Calle 75","Biblioteca",3.04571666967e-06,4.57648432277783e-07,1.75168255097389e-06
"21 Ángeles","Av Américas - Av. Boyacá",2.32449588423562e-06,1.17869921042133e-06,1.75159754732848e-06
"21 Ángeles","Paloquemao",2.03819490335025e-06,1.45046327721145e-06,1.74432909028085e-06
"Portal 80","Hortúa",1.50780695359595e-06,1.96499780239971e-06,1.73640237799783e-06
"San Victorino","León XIII",3.08797919446586e-06,3.74019395918588e-07,1.73099929519222e-06
"Tygua-San José","San Mateo",2.76018660215334e-06,6.90033743894795e-07,1.72511017302407e-06
"NQS Calle 75","Socorro",2.2476937383449e-06,1.20077629921066e-06,1.72423501877778e-06
"San Martín","Portal Américas",3.04664430974482e-06,3.98413661158496e-07,1.72252898545166e-06
"Puentelargo","General Santander",2.3877490299219e-06,1.05304183810843e-06,1.72039543401516e-06
"De La Sabana","Suba - Av. Boyacá",2.81794402244947e-06,6.20057127068886e-07,1.71900057475918e-06
"Quirigua","Bosa",4.95057492981372e-07,2.93361213869652e-06,1.71433481583895e-06
"Carrera 43 - Comapan","Calle 146",1.8090252593234e-06,1.61845699512699e-06,1.71374112722519e-06
"Toberín- Foundever","Gobernacion",3.07332425136641e-06,3.51136343229729e-07,1.71223029729807e-06
"Zona Industrial","Mazurén",1.00450889269506e-06,2.41820129345108e-06,1.71135509307307e-06
"Av. Primero de Mayo","Suba Calle 100",3.12623983609016e-06,2.91703970635195e-07,1.70897190336268e-06
"Mazurén","Centro Memoria",2.45559800217784e-06,9.54501324421857e-07,1.70504966329985e-06
"Terminal","Av. Rojas - UNISALESIANA",1.02490309405365e-06,2.37934413755117e-06,1.70212361580241e-06
"Calle 187","Calle 57",1.47517186908655e-06,1.92898316141728e-06,1.70207751525192e-06
"Carrera 47","Parque",9.60817543609699e-07,2.43857411699342e-06,1.69969583030156e-06
"Portal 20  de Julio","Calle 100 - Marketmedios",1.01822113361867e-06,2.37399901103583e-06,1.69611007232725e-06
"Calle 161","Ciudad Universitaria- Lotería de Bogotá",2.66630414334957e-06,7.20598041910378e-07,1.69345109262997e-06
"Prado","Banderas",9.59445528323411e-07,2.42385392850747e-06,1.69164972841544e-06
"Avenida Cali","Nariño",2.50478827136816e-06,8.77697558076883e-07,1.69124291472252e-06
"Rionegro","Sevillana",1.9030463631701e-06,1.47343377968837e-06,1.68824007142923e-06
"Puente Aranda","La Campiña",2.41831516705289e-06,9.55702949023932e-07,1.68700905803841e-06
"Suba - Av. Boyacá","Transversal 86",2.81050281145166e-06,5.63080942170712e-07,1.68679187681119e-06
"Puentelargo","Olaya",1.5446188027575e-06,1.81638614020405e-06,1.68050247148078e-06
"Paloquemao","San Mateo",2.13060182743328e-06,1.21191643618694e-06,1.67125913181011e-06
"La Campiña","Av. 39",2.39209166724979e-06,9.46570011626382e-07,1.66933083943808e-06
"Escuela Militar","Portal Tunal",9.70707626058925e-07,2.36500675353656e-06,1.66785718979774e-06
"Portal Suba","Distrito Grafiti",1.55449813082794e-06,1.7749697716481e-06,1.66473395123802e-06
"Avenida Cali","Portal Sur - JFK Coop. Financiera",9.71099650289903e-07,2.3514980529857e-06,1.6612988516378e-06
"Portal Norte - Unicervantes ","Salitre El Greco - Vive Claro",2.19271654463965e-06,1.12713419716837e-06,1.65992537090401e-06
"Héroes - Colmena Seguros","Portal Américas",2.01953239636431e-06,1.29931713021932e-06,1.65942476329182e-06
"Suba Calle 100","Olaya",2.42678685458742e-06,8.91761187678576e-07,1.659274021133e-06
"Avenida 68","C.C Paseo Villa Del Rio - Madelena",2.15150318872639e-06,1.1550964310322e-06,1.65329980987929e-06
"Normandia","Danubio",1.43664028484046e-06,1.86379781612811e-06,1.65021905048429e-06
"Carrera 43 - Comapan","Mazurén",1.15605227132531e-06,2.13257253538886e-06,1.64431240335709e-06
"Carrera 47","Biblioteca",1.53848872164197e-06,1.74934213783836e-06,1.64391542974016e-06
"Gratamira","Mandalay",2.4677147462587e-06,8.14580959475685e-07,1.64114785286719e-06
"Carrera 47","Santa Lucía",1.90953050868535e-06,1.36572330518885e-06,1.6376269069371e-06
"Av. Suba - Calle 116","Cl38A sur - CENTRO MAYOR",2.24363659100345e-06,1.00944211543994e-06,1.6265393532217e-06
"Calle 100 - Marketmedios","Sevillana",8.74441337486738e-07,2.37460821947165e-06,1.6245247784792e-06
"Perdomo","Calle 76",1.24518087080096e-06,2.00043028663571e-06,1.62280557871834e-06
"Avenida 68","Biblioteca",9.64721026663453e-07,2.27722963257675e-06,1.6209753296201e-06
"La Despensa","Calle 26 - Atrio",2.37292493818021e-06,8.62008809450773e-07,1.61746687381549e-06
"Molinos","Calle 76",1.49892489733885e-06,1.7351836587094e-06,1.61705427802412e-06
"Av. Rojas - UNISALESIANA","Portal Usme",5.36313228034419e-07,2.66238834729966e-06,1.59935078766704e-06
"Estación San Bernardo","Calle 127",2.30172381822711e-06,8.89979940464844e-07,1.59585187934598e-06
"Ciudad Universitaria- Lotería de Bogotá","León XIII",2.95619189948443e-06,2.2585762598877e-07,1.5910247627366e-06
"Quinta Paredes","Terreros - H. Cardiovascular",2.72648439058656e-06,4.47127049836805e-07,1.58680572021168e-06
"Av. Primero de Mayo","Ferias",2.99267091963216e-06,1.79205309422871e-07,1.58593811452752e-06
"Ciudad Jardín - UAN","Calle 106",2.45159624116319e-06,7.17923508103762e-07,1.58475987463348e-06
"Calle 85 - Gato Dumas","Santa Lucía",1.9163111955562e-06,1.25097662957689e-06,1.58364391256655e-06
"Alquería","Suba Calle 100",2.55718805788448e-06,6.08526664120882e-07,1.58285736100268e-06
"Minuto De Dios","Olaya",1.8391208887445e-06,1.31282055018653e-06,1.57597071946551e-06
"Alcalá - Colegio S. Tomás Dominicos","Universidades CityU",2.1234364931252e-06,1.01212038383227e-06,1.56777843847873e-06
"Calle 146","Pradera - Plaza Central",1.21099358834072e-06,1.91542622308986e-06,1.56320990571529e-06
"Av. Suba - Calle 116","Restrepo",1.58902015626194e-06,1.50720982579469e-06,1.54811499102831e-06
"Carrera 47","Perdomo",1.36583283823037e-06,1.72352803549399e-06,1.54468043686218e-06
"San Diego","La Despensa",2.38060691373701e-06,7.04717393044976e-07,1.54266215339099e-06
"Mazurén","Calle 22",9.07532152671883e-07,2.17221652988843e-06,1.53987434128016e-06
"Zona Industrial","Calle 146",1.57755641652602e-06,1.49525686720023e-06,1.53640664186313e-06
"Toberín- Foundever","Av. 39",1.47265176994836e-06,1.58678584149981e-06,1.52971880572408e-06
"Carrera 90","Portal Sur - JFK Coop. Financiera",1.01990888752194e-06,2.02960501452601e-06,1.52475695102397e-06
"San Martín","C.C Paseo Villa Del Rio - Madelena",1.59343500212411e-06,1.45321336122887e-06,1.52332418167649e-06
"Prado","Transversal 86",6.85980092553892e-07,2.35956290516501e-06,1.52277149885945e-06
"Minuto De Dios","Quiroga",1.29109037577136e-06,1.75024695798173e-06,1.52066866687654e-06
"Suba - Av. Boyacá","Comuneros",1.87427755162242e-06,1.15912868714722e-06,1.51670311938482e-06
"Av. Suba - Calle 116","Alquería",1.31050670743505e-06,1.70399727985369e-06,1.50725199364437e-06
"Boyacá","C.C Paseo Villa Del Rio - Madelena",1.706728378855e-06,1.30653264889685e-06,1.50663051387592e-06
"Virrey - Cendiatra","Perdomo",4.22002181054826e-07,2.58934716893673e-06,1.50567467499578e-06
"Terminal","El Tiempo - Cámara De Comercio De Bogotá",7.38909982749968e-07,2.26018702715475e-06,1.49954850495236e-06
"Las Aguas - Centro Colombo Americano","Alcalá - Colegio S. Tomás Dominicos",1.5816161885075e-06,1.41270343366119e-06,1.49715981108434e-06
"Ciudad Jardín - UAN","Minuto De Dios",2.86080464373247e-06,1.13586766184708e-07,1.48719570495859e-06
"Pepe Sierra - Utel Universidad","Nariño",2.3144660785038e-06,6.49422649525573e-07,1.48194436401468e-06
"Escuela Militar","Socorro",1.16524187232883e-06,1.78636721165744e-06,1.47580454199313e-06
"Portal Suba","Ciudad Universitaria- Lotería de Bogotá",2.72370244468495e-06,2.22969216640523e-07,1.47333583066274e-06
"Escuela Militar","Perdomo",1.18159471602185e-06,1.75570408888978e-06,1.46864940245582e-06
"Suba - Tv. 91","Marsella",2.1578693504667e-06,7.64751606084461e-07,1.46131047827558e-06
"La Campiña","Concejo de Bogotá",2.5647413642962e-06,3.48616036724335e-07,1.45667870051027e-06
"Calle 106","Fucha",1.97971402464725e-06,9.19287491265888e-07,1.44950075795657e-06
"Consuelo","Calle 76",1.73401532731286e-06,1.1637325472934e-06,1.44887393730313e-06
"Gratamira","Guatoque - Veraguas",1.01047989061461e-06,1.8849349767272e-06,1.4477074336709e-06
"Alcalá - Colegio S. Tomás Dominicos","Av Américas - Av. Boyacá",1.13786392831046e-06,1.74420710814872e-06,1.44103551822959e-06
"La Campiña","Marsella",1.95290468618575e-06,9.10366014174371e-07,1.43163535018006e-06
"Carrera 90","Nariño",1.86502607544417e-06,9.96948594350777e-07,1.43098733489747e-06
"El Tiempo - Cámara De Comercio De Bogotá","Portal Usme",9.36970109860132e-07,1.9138477380648e-06,1.42540892396247e-06
"Av. Suba - Calle 116","Olaya",9.2147687024883e-07,1.90099835024763e-06,1.41123761024823e-06
"21 Ángeles","Mandalay",1.70071758281916e-06,1.11923367364869e-06,1.40997562823392e-06
"Portal Sur - JFK Coop. Financiera","Flores",1.74565829389801e-06,1.0696166476725e-06,1.40763747078526e-06
"Portal Norte - Unicervantes ","Av. Eldorado",6.00882142316012e-07,2.21030160002452e-06,1.40559187117027e-06
"Polo - FINCOMERCIO","C.C Paseo Villa Del Rio - Madelena",1.98358518188872e-06,8.18277229205793e-07,1.40093120554725e-06
"Country Sur","Avenida 68",2.5223565704917e-06,2.7818800816901e-07,1.40027228933036e-06
"Boyacá","Parque",3.64363355122778e-07,2.42714106526903e-06,1.3957522101959e-06
"Bosa","Marly",1.6028498991899e-06,1.18577837500128e-06,1.39431413709559e-06
"Toberín- Foundever","CAD",6.27843214352081e-07,2.15916007933972e-06,1.3935016468459e-06
"San Victorino","Prado",2.41198072300834e-06,3.56819186995908e-07,1.38439995500212e-06
"Calle 106","Restrepo",1.67090184183762e-06,1.08995894411477e-06,1.3804303929762e-06
"Granja - cra 77","Olaya",1.37460501994791e-06,1.37720753484284e-06,1.37590627739538e-06
"Bosa","Avenida Chile",8.27409593983542e-07,1.91858689136834e-06,1.37299824267594e-06
"Suba - Calle 95","Quiroga",1.75181725476821e-06,9.86161640743826e-07,1.36898944775602e-06
"Portal 80","Bosa",4.18460265001334e-07,2.31496144681693e-06,1.36671085590913e-06
"La Campiña","Biblioteca Tintal",9.40834588743371e-07,1.7811588254819e-06,1.36099670711263e-06
"Virrey - Cendiatra","C.C Paseo Villa Del Rio - Madelena",8.91784118733517e-07,1.82848391740102e-06,1.36013401806727e-06
"Suba - Tv. 91","Av Américas - Av. Boyacá",1.91128067510071e-06,8.05788025476276e-07,1.35853435028849e-06
"Avenida 68","Santa Lucía",1.14603276602158e-06,1.55478397466799e-06,1.35040837034478e-06
"Carrera 53","C.C Paseo Villa Del Rio - Madelena",2.38719152936937e-06,3.04089503024746e-07,1.34564051619706e-06
"C.C Paseo Villa Del Rio - Madelena","La Castellana",1.57631830258678e-06,1.10749059813466e-06,1.34190445036072e-06
"Minuto De Dios","C.C Paseo Villa Del Rio - Madelena",1.68071362435764e-06,9.99772544352318e-07,1.34024308435498e-06
"Carrera 43 - Comapan","Suba - Tv. 91",2.29226762902951e-06,3.82120634363177e-07,1.33719413169634e-06
"Escuela Militar","Parque",9.79361973814938e-07,1.69376960952705e-06,1.33656579167099e-06
"San Diego","Calle 142",2.48647523740174e-06,1.77483713328249e-07,1.331979475365e-06
"Policarpa","San Mateo",2.41184555747174e-06,2.43657261429285e-07,1.32775140945051e-06
"Estación San Bernardo","Humedal Córdoba",2.56835637431878e-06,8.58459565390545e-08,1.32710116542892e-06
"Suba - Av. Boyacá","Biblioteca Tintal",2.16197323160082e-06,4.91942043897966e-07,1.32695763774939e-06
"De La Sabana","Calle 142",9.90432706589355e-07,1.65029508874691e-06,1.32036389766813e-06
"Concejo de Bogotá","León XIII",2.48681705931328e-06,1.46260672667194e-07,1.31653886599024e-06
"Las Aguas - Centro Colombo Americano","León XIII",1.06765055593019e-06,1.56198898413915e-06,1.31481977003467e-06
"Pepe Sierra - Utel Universidad","General Santander",7.38649273345634e-07,1.88822124278679e-06,1.31343525806621e-06
"Av. Suba - Calle 116","General Santander",1.60167172818986e-06,1.02383838232103e-06,1.31275505525545e-06
"Portal 20  de Julio","Carrera 53",2.38027694819725e-06,2.42526149200818e-07,1.31140154869903e-06
"Gratamira","Banderas",1.94502597133595e-06,6.647787652717e-07,1.30490236830383e-06
"Toberín- Foundever","Corferias",1.73537166964607e-06,8.71281686118876e-07,1.30332667788247e-06
"La Campiña","Av Américas - Av. Boyacá",1.76224245561095e-06,8.22168686136054e-07,1.2922055708735e-06
"Portal Usme","Calle 57",1.22290026136085e-06,1.35589552399572e-06,1.28939789267829e-06
"Calle 146","Calle 22",1.44413633078216e-06,1.12512109834257e-06,1.28462871456236e-06
"Calle 142","Marsella",9.74908766890595e-07,1.5822860875621e-06,1.27859742722635e-06
"Alcalá - Colegio S. Tomás Dominicos","Comuneros",7.41017463626938e-07,1.79914649239994e-06,1.27008197801344e-06
"Ferias","C.C Paseo Villa Del Rio - Madelena",1.82022128625472e-06,7.04061927025135e-07,1.26214160663993e-06
"Las Aguas - Centro Colombo Americano","La Despensa",1.91135627170711e-06,6.08018427779749e-07,1.25968734974343e-06
"Policarpa","Quirigua",1.24955730172029e-06,1.26583775434543e-06,1.25769752803286e-06
"Portal 20  de Julio","Rionegro",2.02732346270537e-06,4.84321100792085e-07,1.25582228174873e-06
"Museo Del Oro","Calle 142",7.72506314600093e-07,1.73155311559189e-06,1.25202971509599e-06
"Av. Rojas - UNISALESIANA","San Mateo",1.45043768240792e-06,1.0490629408288e-06,1.24975031161836e-06
"Escuela Militar","Portal Sur - JFK Coop. Financiera",8.99681639748195e-07,1.59534050848767e-06,1.24751107411793e-06
"Ferias","Santa Lucía",7.69764176047272e-07,1.72417464301036e-06,1.24696940952882e-06
"Avenida 68","Perdomo",1.28175011558738e-06,1.2076556282303e-06,1.24470287190884e-06
"Portal Norte - Unicervantes ","Marly",1.70085886376473e-06,7.79306472231017e-07,1.24008266799787e-06
"Minuto De Dios","Calle 40 Sur",1.0086967454346e-06,1.46575880038823e-06,1.23722777291141e-06
"Av. Primero de Mayo","Boyacá",2.1913254430338e-06,2.7786238236715e-07,1.23459391270048e-06
"Alcalá - Colegio S. Tomás Dominicos","Avenida Jiménez",1.26461874496551e-06,1.19446081925473e-06,1.22953978211012e-06
"Ciudad Jardín - UAN","Granja - cra 77",1.95144562449065e-06,4.92908837029646e-07,1.22217723076015e-06
"Museo Nacional","La Despensa",1.73969790160453e-06,7.01164289152053e-07,1.22043109537829e-06
"Terreros - H. Cardiovascular","Calle 22",8.78604555434407e-07,1.55064439685877e-06,1.21462447614659e-06
"Campin - UAN","León XIII",9.1596708331032e-07,1.51230594458832e-06,1.21413651394932e-06
"San Facon Carrera 22","Calle 142",1.3693559139826e-06,1.04249237206188e-06,1.20592414302224e-06
"Suba - Calle 95","Venecia",1.75068140284132e-06,6.60328548148709e-07,1.20550497549501e-06
"Suba - Tv. 91","Paloquemao",1.25776815739228e-06,1.13080070014079e-06,1.19428442876653e-06
"Av. Primero de Mayo","Puentelargo",1.87493002172826e-06,4.96536372802592e-07,1.18573319726543e-06
"Modelia","Danubio",7.1184208617808e-07,1.65735200744197e-06,1.18459704681003e-06
"Minuto De Dios","Perdomo",1.09136435459733e-06,1.26728916491918e-06,1.17932675975825e-06
"San Martín","Santa Lucía",1.59999802217241e-06,7.48893646174758e-07,1.17444583417358e-06
"Ciudad Jardín - UAN","Carrera 90",1.03974784306855e-06,1.3076504951346e-06,1.17369916910158e-06
"Humedal Córdoba","Fucha",8.32706414507576e-07,1.51214800494215e-06,1.17242720972486e-06
"Boyacá","Perdomo",1.07809681579293e-06,1.25370515669368e-06,1.16590098624331e-06
"Rionegro","Portal Américas",1.97448751448566e-06,3.55022644908021e-07,1.16475507969684e-06
"Ciudad Jardín - UAN","Av. Suba - Calle 116",2.00335690165626e-06,3.23580271181516e-07,1.16346858641889e-06
"Toberín- Foundever","Quinta Paredes",2.1064266712353e-06,2.07175131824496e-07,1.1568009015299e-06
"Portal Suba","Pradera - Plaza Central",1.45291774247626e-06,8.51786729841911e-07,1.15235223615909e-06
"Prado","Tygua-San José",1.57344150459737e-06,7.2803436117848e-07,1.15073793288793e-06
"Ciudad Jardín - UAN","Pepe Sierra - Utel Universidad",1.56415894612608e-06,7.36200768755473e-07,1.15017985744077e-06
"Bosa","Calle 57",1.15409309061357e-06,1.14404247851341e-06,1.14906778456349e-06
"Las Nieves","Alcalá - Colegio S. Tomás Dominicos",2.06169940867595e-06,2.2992907639136e-07,1.14581424253365e-06
"Niza - Calle 127","Nariño",7.91076720926224e-07,1.50027610605532e-06,1.14567641349077e-06
"NQS Calle 75","Parque",1.8667906661497e-06,4.12261248868715e-07,1.13952595750921e-06
"San Mateo","Avenida Jiménez",1.03682997621738e-06,1.23521294257227e-06,1.13602145939482e-06
"Calle 187","El Tiempo - Cámara De Comercio De Bogotá",1.37228513864215e-06,8.92753395220088e-07,1.13251926693112e-06
"Museo Nacional","Calle 146",2.1308298942692e-06,1.23474058893153e-07,1.12715197658118e-06
"Héroes - Colmena Seguros","Perdomo",7.99093997398513e-07,1.45445947515638e-06,1.12677673627745e-06
"Av. Primero de Mayo","Calle 106",1.25793364493549e-06,9.89776886207401e-07,1.12385526557144e-06
"Avenida Cali","Fucha",1.71015175176737e-06,5.37191147063563e-07,1.12367144941547e-06
"San Facon Carrera 22","Gratamira",2.15112916066259e-06,9.27448178543569e-08,1.12193698925848e-06
"NQS Calle 75","Portal Tunal",1.83765840155708e-06,4.00318470775308e-07,1.11898843616619e-06
"Mazurén","Marsella",4.07201691479002e-07,1.82864616495377e-06,1.11792392821638e-06
"Ferias","Parque",4.37702445254818e-07,1.79674324016051e-06,1.11722284270766e-06
"Niza - Calle 127","Hortúa",1.37950772935033e-06,8.48061031118091e-07,1.11378438023421e-06
"Avenida Cali","Perdomo",1.08788121189053e-06,1.13639221964568e-06,1.11213671576811e-06
"Héroes - Colmena Seguros","Socorro",1.35214538626366e-06,8.71946009529765e-07,1.11204569789671e-06
"Zona Industrial","Suba - Tv. 91",1.76004891163657e-06,4.63785091995408e-07,1.11191700181599e-06
"Calle 106","Portal Américas",3.95739337251734e-07,1.82592526058235e-06,1.11083229891704e-06
"Modelia","San Mateo",1.08800577312754e-06,1.12657983534187e-06,1.1072928042347e-06
"Calle 161","Concejo de Bogotá",1.73352058102267e-06,4.74183711408368e-07,1.10385214621552e-06
"Prado","Mandalay",1.32293283776647e-06,8.82746283685569e-07,1.10283956072602e-06
"Alcalá - Colegio S. Tomás Dominicos","Guatoque - Veraguas",9.00832136971135e-07,1.30326590132062e-06,1.10204901914588e-06
"Rionegro","C.C Paseo Villa Del Rio - Madelena",9.61880353784589e-07,1.24190261844475e-06,1.10189148611467e-06
"Quirigua","Nariño",1.39984981263462e-06,7.95670671329597e-07,1.09776024198211e-06
"Suba - Tv. 91","Mandalay",1.46071070503222e-06,7.1393328767345e-07,1.08732199635283e-06
"Las Nieves","León XIII",2.04898769576814e-06,1.1743283463017e-07,1.08321026519915e-06
"Boyacá","Biblioteca",5.46084063887675e-07,1.6191842579541e-06,1.08263416092089e-06
"Carrera 43 - Comapan","La Campiña",1.80289966084477e-06,3.53654913431952e-07,1.07827728713836e-06
"Estación San Bernardo","Portal 80",1.41998849921287e-06,7.29630316282062e-07,1.07480940774747e-06
"Suba - Tv. 91","Calle 26 - Atrio",1.30460457895359e-06,8.39592770341759e-07,1.07209867464767e-06
"Mazurén","Paloquemao",9.98362711320085e-07,1.14056470933951e-06,1.0694637103298e-06
"El Tiempo - Cámara De Comercio De Bogotá","San Mateo",1.54058355580752e-06,5.94969656476073e-07,1.0677766061418e-06
"Calle 85 - Gato Dumas","Biblioteca",1.26942129670109e-06,8.6479003822865e-07,1.06710566746487e-06
"Danubio","Flores",1.40068669697368e-06,7.26272511912286e-07,1.06347960444298e-06
"Movistar Arena","León XIII",7.30552970669117e-07,1.39493054818728e-06,1.0627417594282e-06
"Museo Nacional","21 Ángeles",1.68482478807806e-06,4.34680230743399e-07,1.05975250941073e-06
"San Martín","Consuelo",6.364058387627e-07,1.47982991249375e-06,1.05811787562823e-06
"La Campiña","Banderas",1.19091251072349e-06,9.24845920910498e-07,1.05787921581699e-06
"Las Aguas - Centro Colombo Americano","Suba - Av. Boyacá",2.0396588714901e-06,7.48848972178081e-08,1.05727188435395e-06
"Universidades CityU","La Despensa",1.61673437231396e-06,4.89762013277063e-07,1.05324819279551e-06
"Suba - Av. Boyacá","Santa Isabel",1.30514597336351e-06,7.98035900715665e-07,1.05159093703959e-06
"Portal Sur - JFK Coop. Financiera","Calle 76",8.99738374927315e-07,1.18846025676461e-06,1.04409931584597e-06
"21 Ángeles","Banderas",1.38842630627952e-06,6.96436051068082e-07,1.0424311786738e-06
"Suba - Calle 95","Calle 40 Sur",1.18539820248084e-06,8.95901476812091e-07,1.04064983964647e-06
"Portal Norte - Unicervantes ","CAN - British Council",1.69289039650013e-06,3.86975504981185e-07,1.03993295074066e-06
"Av. Primero de Mayo","Carrera 90",6.16229350789642e-07,1.4587780986486e-06,1.03750372471912e-06
"Centro Memoria","León XIII",1.95712053126603e-06,1.10831573357085e-07,1.03397605231156e-06
"Puente Aranda","Portal Suba",1.33829841836624e-06,7.09289885300946e-07,1.02379415183359e-06
"Gratamira","Transversal 86",1.61695197060017e-06,4.28631056078619e-07,1.0227915133394e-06
"Escuela Militar","Molinos",6.60666392961374e-07,1.37925160919358e-06,1.01995900107748e-06
"Las Nieves","21 Ángeles",5.9432066593752e-07,1.44339813139669e-06,1.0188593986671e-06
"Avenida Cali","Restrepo",1.54676889316467e-06,4.89333558314607e-07,1.01805122573964e-06
"Gratamira","Universidades CityU",1.30324297341758e-06,7.24398070925701e-07,1.01382052217164e-06
"Portal Suba","Marsella",1.18777563471652e-06,8.25385134606695e-07,1.00658038466161e-06
"Portal 80","Nariño",9.78226413759426e-07,1.03347262171643e-06,1.00584951773793e-06
"Calle 106","Alquería",8.57957096389111e-07,1.1497624702049e-06,1.00385978329701e-06
"San Diego","21 Ángeles",1.07796714265091e-06,9.27235905930081e-07,1.0026015242905e-06
"Avenida Chile","Danubio",7.27093623407337e-07,1.26877150418536e-06,9.97932563796351e-07
"Mazurén","Ricaurte",4.81340304188723e-07,1.49835952049706e-06,9.89849912342894e-07
"San Victorino","Terreros - H. Cardiovascular",1.46609808430512e-06,5.10561090654606e-07,9.88329587479863e-07
"Ferias","Portal Tunal",4.72129707493291e-07,1.5034433600758e-06,9.87786533784544e-07
"Carrera 47","Portal Tunal",9.70874305882711e-07,1.00381934989088e-06,9.87346827886796e-07
"Bosa","NQS Calle 75",4.93019224159846e-07,1.47539015493225e-06,9.84204689546047e-07
"León XIII","Calle 22",1.66553125440317e-06,3.0119164676381e-07,9.8336145058349e-07
"Av. Eldorado","Terreros - H. Cardiovascular",9.21914927594585e-07,1.04354991807312e-06,9.82732422833854e-07
"CDS Carrera 32","21 Ángeles",1.81129018991594e-06,1.53855279709956e-07,9.82572734812948e-07
"Avenida 68","Portal Tunal",6.5540810204152e-07,1.30735802141714e-06,9.81383061729327e-07
"Granja - cra 77","Bosa",4.22811807989155e-07,1.53926618142445e-06,9.81038994706803e-07
"Alcalá - Colegio S. Tomás Dominicos","Biblioteca Tintal",2.90075503493066e-07,1.66758958130591e-06,9.78832542399489e-07
"Carrera 90","Perdomo",1.11934172797667e-06,8.3592191131509e-07,9.77631819645882e-07
"Portal 20  de Julio","Avenida 68",1.59662303544142e-06,3.58247024537103e-07,9.7743502998926e-07
"Estación San Bernardo","San Mateo",1.77819847722128e-06,1.71375890362043e-07,9.74787183791659e-07
"Policarpa","Calle 127",1.40064568766973e-06,5.48503031524713e-07,9.74574359597221e-07
"21 Ángeles","Calle 22",1.03102910374248e-06,9.05951442997547e-07,9.68490273370014e-07
"Museo Del Oro","Suba - Av. Boyacá",1.79403755681841e-06,1.38729227288681e-07,9.66383392053548e-07
"Bicentenario","Suba - Av. Boyacá",6.9765075664348e-07,1.23278129775522e-06,9.6521602719935e-07
"Polo - FINCOMERCIO","Socorro",1.44687997336827e-06,4.80959592332502e-07,9.63919782850388e-07
"Humedal Córdoba","NQS Calle 30 SUR",1.59276647222912e-06,3.3072845481224e-07,9.61747463520681e-07
"Puentelargo","Venecia",1.2170946183037e-06,7.0547848887303e-07,9.61286553588365e-07
"Av. Primero de Mayo","Granja - cra 77",1.12571780555828e-06,7.94448474112824e-07,9.6008313983555e-07
"Portal Suba","Av. 39",1.36867027361967e-06,5.50827816197569e-07,9.59749044908621e-07
"Las Aguas - Centro Colombo Americano","Calle 142",9.68388707342741e-07,9.39663128333493e-07,9.54025917838117e-07
"La Castellana","Santa Lucía",1.74397689129238e-06,1.63322220068277e-07,9.53649555680328e-07
"Calle 142","Av Américas - Av. Boyacá",7.65053819759616e-07,1.14139883431686e-06,9.53226327038237e-07
"Country Sur","Suba - Calle 95",1.81677641094939e-06,8.71741000340913e-08,9.51975255491743e-07
"Calle 142","Universidades CityU",1.30030820010734e-06,6.01428142528584e-07,9.50868171317963e-07
"Calle 127","NQS Calle 30 SUR",8.4073738311535e-07,1.05938425981309e-06,9.50060821464222e-07
"Ciudad Universitaria- Lotería de Bogotá","Terreros - H. Cardiovascular",1.3294849165545e-06,5.69564393641368e-07,9.49524655097934e-07
"Salitre El Greco - Vive Claro","San Mateo",1.56551837778884e-06,3.23225480209441e-07,9.44371928999138e-07
"Alcalá - Colegio S. Tomás Dominicos","Banderas",5.05992186096406e-07,1.37855671872392e-06,9.42274452410161e-07
"Carrera 53","Santa Lucía",1.53243587640837e-06,3.48500194600541e-07,9.40468035504453e-07
"NQS Calle 75","Danubio",4.36826558543337e-07,1.44131846261404e-06,9.39072510578687e-07
"Campin - UAN","Terreros - H. Cardiovascular",4.0922472429032e-07,1.45872565533916e-06,9.33975189814739e-07
"Carrera 90","Fucha",1.30453402897548e-06,5.57265697217045e-07,9.30899863096261e-07
"Rionegro","Santa Lucía",9.43477279678118e-07,9.06692851555987e-07,9.25085065617052e-07
"Alcalá - Colegio S. Tomás Dominicos","Santa Isabel",4.96492718605951e-07,1.35018964113697e-06,9.23341179871461e-07
"Carrera 53","Perdomo",1.38519193167833e-06,4.55887485234279e-07,9.20539708456303e-07
"Mazurén","Av Américas - Av. Boyacá",3.23402616951136e-07,1.51202783724844e-06,9.17715227099787e-07
"Boyacá","Santa Lucía",6.21025992503632e-07,1.20240482440102e-06,9.11715408452325e-07
"CAD","San Mateo",9.77938120932372e-07,8.41233620397524e-07,9.09585870664948e-07
"Terminal","Movistar Arena",1.14739490660104e-06,6.69886589369315e-07,9.08640747985175e-07
"De La Sabana","Mazurén",3.67597029147886e-07,1.44949730127907e-06,9.08547165213477e-07
"21 Ángeles","Ricaurte",1.0741320757038e-06,7.3814733602072e-07,9.06139705862261e-07
"Carrera 53","Biblioteca",1.26356022926923e-06,5.48358786230228e-07,9.0595950774973e-07
"Granja - cra 77","Calle 40 Sur",8.04007930409913e-07,1.00605482035591e-06,9.05031375382913e-07
"Venecia","Suba Calle 100",1.55800392125363e-06,2.48457328936394e-07,9.03230625095011e-07
"Pepe Sierra - Utel Universidad","Portal Américas",2.97234964067028e-07,1.5048421821611e-06,9.01038573114065e-07
"Av. Primero de Mayo","Minuto De Dios",1.61876424239515e-06,1.79717863022908e-07,8.99241052709031e-07
"Calle 85 - Gato Dumas","Parque",7.57526422613858e-07,1.04076522210518e-06,8.9914582235952e-07
"Calle 127","Cl38A sur - CENTRO MAYOR",5.49264279163372e-07,1.24288608887673e-06,8.96075184020049e-07
"Av. Primero de Mayo","Pepe Sierra - Utel Universidad",8.0338120865617e-07,9.79200965855268e-07,8.91291087255719e-07
"La Despensa","Av. 39",1.2382357777113e-06,5.41867707376901e-07,8.90051742544102e-07
"Toberín- Foundever","Ciudad Universitaria- Lotería de Bogotá",1.50583243587574e-06,2.7232718609616e-07,8.89079810985952e-07
"Suba - Tv. 91","Banderas",1.22256599682223e-06,5.55516277698619e-07,8.89041137260426e-07
"Calle 187","Universidad Nacional",5.26930707545177e-07,1.25093345832038e-06,8.88932082932777e-07
"Niza - Calle 127","NQS Calle 30 SUR",9.4905557601711e-07,8.27430624648355e-07,8.88243100332732e-07
"La Campiña","Mandalay",1.39445755946634e-06,3.8136229578149e-07,8.87909927623915e-07
"Calle 146","Marsella",6.13171334772085e-07,1.16040512612734e-06,8.86788230449714e-07
"Portal Suba","Av Américas - Av. Boyacá",1.08802374502072e-06,6.76819550669802e-07,8.82421647845259e-07
"Gratamira","Avenida Jiménez",1.0377184796658e-06,7.22682041012528e-07,8.80200260339162e-07
"Portal Norte - Unicervantes ","Corferias",6.73617362560468e-07,1.07600050796185e-06,8.74808935261158e-07
"Escuela Militar","Consuelo",7.9308176567383e-07,9.54703937161655e-07,8.73892851417743e-07
"De La Sabana","Calle 146",5.84268335390242e-07,1.15694336753499e-06,8.70605851462616e-07
"Perdomo","La Castellana",7.54958078222465e-07,9.8372648913325e-07,8.69342283677857e-07
"Concejo de Bogotá","Terreros - H. Cardiovascular",1.12501735895293e-06,5.99427598722412e-07,8.6222247883767e-07
"Normandia","San Mateo",1.28630483964953e-06,4.32311821630557e-07,8.59308330640042e-07
"Calle 100 - Marketmedios","Calle 40 Sur",1.01305732050125e-06,6.87706433546413e-07,8.5038187702383e-07
"Gratamira","Comuneros",9.26326388026482e-07,7.73936151308506e-07,8.50131269667494e-07
"Pepe Sierra - Utel Universidad","Fucha",1.27019255713912e-06,4.28075981840054e-07,8.49134269489586e-07
"7 de Agosto","Portal Usme",4.65129113815272e-07,1.230314655829e-06,8.47721884822134e-07
"Zona Industrial","La Campiña",1.36566437677023e-06,3.29615915697233e-07,8.47640146233731e-07
"Estación San Bernardo","Niza - Calle 127",1.42031753922894e-06,2.72356735795365e-07,8.46337137512152e-07
"Calle 187","Marly",7.75232869108131e-07,9.12409962844395e-07,8.43821415976263e-07
"Terreros - H. Cardiovascular","Calle 26 - Atrio",5.95087259814231e-07,1.08959427028441e-06,8.42340765049322e-07
"Suba Calle 100","Quiroga",1.44624550987286e-06,2.37987288982301e-07,8.42116399427581e-07
"Policarpa","Humedal Córdoba",1.61004717719646e-06,7.34548774590059e-08,8.41751027327735e-07
"San Martín","Molinos",5.33031449424319e-07,1.15006622027474e-06,8.41548834849529e-07
"Ferias","Perdomo",1.12296869847667e-06,5.59435051084188e-07,8.41201874780431e-07
"Calle 161","Paloquemao",4.05414330525417e-07,1.27291715016322e-06,8.39165740344317e-07
"Portal El Dorado – C.C Nuestro Bogotá","Danubio",3.24090140183916e-07,1.35165396635778e-06,8.3787205327085e-07
"De La Sabana","Gratamira",1.37548383570527e-06,2.94314495156599e-07,8.34899165430934e-07
"Bicentenario","San Mateo",1.43961008958427e-06,2.27798257236805e-07,8.33704173410537e-07
"Portal Norte - Unicervantes ","CAD",2.41073447344267e-07,1.42301196431509e-06,8.32042705829679e-07
"Universidad Nacional","Terreros - H. Cardiovascular",6.55654423631881e-07,1.00661264320015e-06,8.31133533416014e-07
"Gratamira","Biblioteca Tintal",1.28435202232173e-06,3.61120780732458e-07,8.22736401527096e-07
"Carrera 90","Restrepo",1.18885229745591e-06,4.53649824652992e-07,8.21251061054452e-07
"Virrey - Cendiatra","Santa Lucía",1.13865976562258e-06,5.03716073641981e-07,8.21187919632279e-07
"La Campiña","Centro Memoria",1.42506835658186e-06,2.07614944687651e-07,8.16341650634754e-07
"Av. Suba - Calle 116","Venecia",8.67377915916915e-07,7.62648238511975e-07,8.15013077214445e-07
"Héroes - Colmena Seguros","Molinos",8.23384136060648e-07,8.06291803266358e-07,8.14837969663503e-07
"Carrera 47","Portal Sur - JFK Coop. Financiera",1.056508397953e-06,5.71328297798188e-07,8.13918347875593e-07
"Portal Suba","Concejo de Bogotá",1.5060189601353e-06,1.21484468837571e-07,8.13751714486434e-07
"Portal Suba","Banderas",7.69526875804299e-07,8.46973783184044e-07,8.08250329494171e-07
"Calle 142","Comuneros",4.60486656156647e-07,1.15340174452107e-06,8.06944200338857e-07
"CAN - British Council","San Mateo",1.53836464181919e-06,6.69450229999534e-08,8.02654832409573e-07
"La Campiña","Ricaurte",5.153317882081e-07,1.0898492866055e-06,8.02590537406799e-07
"Calle 161","Distrito Grafiti",4.75831542990184e-07,1.12301630238638e-06,7.99423922688284e-07
"Quirigua","Fucha",1.00121278289031e-06,5.94780875023817e-07,7.97996828957064e-07
"Calle 127","Nariño",1.10028536666262e-06,4.95531979675947e-07,7.97908673169284e-07
"Minuto De Dios","Parque",3.13712723101338e-07,1.27433080168802e-06,7.94021762394677e-07
"Country Sur","Ferias",1.49884741294511e-06,8.58735150787782e-08,7.92360464011944e-07
"Polo - FINCOMERCIO","Perdomo",1.06487513256591e-06,5.18034634779476e-07,7.9145488367269e-07
"Humedal Córdoba","Restrepo",7.20432108473787e-07,8.56971769189031e-07,7.88701938831409e-07
"Gobernacion","San Mateo",1.48390329574366e-06,8.99488049521985e-08,7.8692605034793e-07
"Alcalá - Colegio S. Tomás Dominicos","Transversal 86",3.70857054616809e-07,1.20121049969046e-06,7.86033777153636e-07
"San Facon Carrera 22","Calle 146",8.09742868405539e-07,7.56348963150536e-07,7.83045915778038e-07
"San Diego","Calle 146",1.46459625663597e-06,9.03093935925737e-08,7.77452825114271e-07
"Pepe Sierra - Utel Universidad","Restrepo",1.07317432735385e-06,4.80009476283552e-07,7.765919018187e-07
"San Martín","Biblioteca",1.25258447281418e-06,2.99499347213262e-07,7.76041910013721e-07
"Museo Del Oro","Terreros - H. Cardiovascular",8.57595941064335e-07,6.93283515995093e-07,7.75439728529714e-07
"Portal 80","Quiroga",3.69838743609856e-07,1.17857719617444e-06,7.7420796989215e-07
"León XIII","Calle 26 - Atrio",1.29464696655115e-06,2.53509004633087e-07,7.74077985592119e-07
"Quirigua","Restrepo",9.18795476266138e-07,6.24465430548242e-07,7.7163045340719e-07
"Calle 106","Venecia",5.1516538118182e-07,1.0268296347932e-06,7.70997507987512e-07
"Museo Del Oro","Calle 146",4.55024828128164e-07,1.08433214551709e-06,7.69678486822626e-07
"Avenida 68","Portal Sur - JFK Coop. Financiera",1.03167255193184e-06,5.06275802015533e-07,7.68974176973689e-07
"Suba - Tv. 91","Biblioteca Tintal",1.15888386081042e-06,3.78220475467567e-07,7.68552168138992e-07
"Portal 80","Restrepo",6.49291068088818e-07,8.85998028095374e-07,7.67644548092096e-07
"Portal 80","Fucha",7.05589609586562e-07,8.24697346550194e-07,7.65143478068378e-07
"Boyacá","Portal Tunal",3.99272833328738e-07,1.12076677218076e-06,7.6001980275475e-07
"21 Ángeles","Transversal 86",1.22843825618967e-06,2.90521347652801e-07,7.59479801921236e-07
"Boyacá","Portal Sur - JFK Coop. Financiera",9.05019451716198e-07,6.1205871447185e-07,7.58539083094024e-07
"NQS Calle 75","La Despensa",2.20884300472163e-07,1.29369694171383e-06,7.57290621092997e-07
"Puentelargo","Quiroga",9.44606928453035e-07,5.6966738098762e-07,7.57137154720328e-07
"Héroes - Colmena Seguros","Consuelo",9.57585214326774e-07,5.48866381945884e-07,7.53225798136329e-07
"Calle 100 - Marketmedios","Perdomo",2.10988562039793e-07,1.29044586502511e-06,7.50717213532453e-07
"Bicentenario","Prado",1.04517077837754e-06,4.50453285326197e-07,7.47812031851867e-07
"Country Sur","Suba Calle 100",1.45366872622807e-06,4.09222537739463e-08,7.4729549000101e-07
"Suba - Calle 95","Sevillana",1.17902274033196e-06,3.13751678933389e-07,7.46387209632675e-07
"Portal Norte - Unicervantes ","Gobernacion",1.21360444107691e-06,2.76835688336451e-07,7.45220064706681e-07
"Calle 142","Avenida Jiménez",7.75404000040919e-07,7.10895330705577e-07,7.43149665373248e-07
"Calle 161","Calle 26 - Atrio",7.70231419409489e-07,7.15591776555466e-07,7.42911597982477e-07
"CDS Carrera 32","Mazurén",7.89909631220652e-07,6.89342364120451e-07,7.39625997670552e-07
"Museo Nacional","Suba - Tv. 91",1.06040532810719e-06,4.15074396571504e-07,7.37739862339346e-07
"Calle 161","Ricaurte",1.95929528862092e-07,1.27549277003636e-06,7.35711149449228e-07
"Minuto De Dios","Portal Sur - JFK Coop. Financiera",9.33824633489525e-07,5.25866180641218e-07,7.29845407065372e-07
"Carrera 53","Parque",8.02570071975965e-07,6.54328914881701e-07,7.28449493428833e-07
"Suba - Calle 95","Portal Américas",1.35745658165797e-06,8.929328230512e-08,7.23374931981546e-07
"Suba - Tv. 91","Transversal 86",1.12902490511794e-06,3.13502130653297e-07,7.21263517885618e-07
"Avenida Cali","Bosa",4.20984013706061e-07,1.00491135363255e-06,7.12947683669305e-07
"21 Ángeles","Tygua-San José",2.95766281571373e-07,1.12865701067235e-06,7.12211646121859e-07
"Avenida Cali","Olaya",1.0501319688203e-06,3.7272671042358e-07,7.11429339621938e-07
"Quinta Paredes","San Mateo",1.36943193889375e-06,4.77066472106722e-08,7.0856929305221e-07
"Museo Nacional","Mazurén",1.33866417543418e-06,6.84850214826326e-08,7.03574598458406e-07
"CDS Carrera 32","Portal Suba",4.65741700618761e-07,9.41323842142718e-07,7.0353277138074e-07
"Terminal","Campin - UAN",7.39696272039164e-07,6.65803421586247e-07,7.02749846812706e-07
"Las Nieves","Calle 142",1.26244812288534e-06,1.39126722250272e-07,7.00787422567807e-07
"Avenida Cali","La Despensa",2.10597256848092e-07,1.18506999466237e-06,6.9783362575523e-07
"Avenida Chile","La Despensa",3.69892680967832e-07,1.02233801581446e-06,6.96115348391148e-07
"Av. Primero de Mayo","Av. Suba - Calle 116",1.06218552085693e-06,3.28583153914473e-07,6.953843373857e-07
"Av. Primero de Mayo","Quirigua",4.64280344058615e-07,9.25892210245934e-07,6.95086277152275e-07
"Portal Américas","Suba Calle 100",1.35240388070269e-06,3.58312254932467e-08,6.94117553097967e-07
"San Diego","León XIII",1.30926314757312e-06,7.81844586020817e-08,6.93723803087602e-07
"Calle 85 - Gato Dumas","Portal Sur - JFK Coop. Financiera",4.68026764009081e-07,9.09327869808523e-07,6.88677316908802e-07
"Policarpa","Portal 80",8.65612296907886e-07,5.00192054767604e-07,6.82902175837745e-07
"Calle 100 - Marketmedios","C.C Paseo Villa Del Rio - Madelena",4.36199437357358e-07,9.25114242095557e-07,6.80656839726458e-07
"Calle 142","Guatoque - Veraguas",5.57191146175564e-07,8.03053527506974e-07,6.80122336841269e-07
"Calle 127","General Santander",3.74030019270069e-07,9.79517838858778e-07,6.76773929064423e-07
"Puentelargo","Portal Américas",1.23220236190236e-06,1.14937248745016e-07,6.73569805323689e-07
"Portal El Dorado – C.C Nuestro Bogotá","San Mateo",8.57109157081064e-07,4.89152102041992e-07,6.73130629561528e-07
"Country Sur","Calle 106",5.75173815266515e-07,7.67443400130611e-07,6.71308607698563e-07
"Héroes - Colmena Seguros","Portal Sur - JFK Coop. Financiera",5.8516056793082e-07,7.53876838749738e-07,6.69518703340279e-07
"Avenida Cali","Quiroga",7.79811919783194e-07,5.5670889932066e-07,6.68260409551927e-07
"Pepe Sierra - Utel Universidad","Alquería",5.75086262407019e-07,7.61237822162403e-07,6.68162042284711e-07
"Carrera 43 - Comapan","Portal Suba",9.8661407036696e-07,3.42967930997858e-07,6.64791000682409e-07
"Quirigua","Quiroga",5.12620422859635e-07,8.13654880526333e-07,6.63137651692984e-07
"CDS Carrera 32","La Campiña",8.70712433668251e-07,4.55147085626284e-07,6.62929759647268e-07
"Ciudad Jardín - UAN","Quirigua",7.71933161107681e-07,5.51351253000523e-07,6.61642207054102e-07
"Carrera 90","Bosa",4.60951657911398e-07,8.61805694778446e-07,6.61378676344922e-07
"Calle 85 - Gato Dumas","Socorro",9.97200761975115e-07,3.1867278575264e-07,6.57936773863877e-07
"Portal Suba","Paloquemao",4.97637971028523e-07,8.1604509765048e-07,6.56841534339502e-07
"Suba - Calle 95","Socorro",3.26288158153836e-07,9.84396130664333e-07,6.55342144409084e-07
"Calle 146","Av Américas - Av. Boyacá",4.84315063459359e-07,8.26200729493528e-07,6.55257896476444e-07
"Minuto De Dios","Biblioteca",4.62534203203362e-07,8.47687342084774e-07,6.55110772644068e-07
"Bicentenario","Gratamira",3.40526423990743e-07,9.68654850712173e-07,6.54590637351458e-07
"21 Ángeles","Guatoque - Veraguas",4.55038323575118e-07,8.51892856886394e-07,6.53465590230756e-07
"Calle 187","Salitre El Greco - Vive Claro",9.15321886316941e-07,3.8978938696776e-07,6.5255563664235e-07
"Calle 142","Biblioteca Tintal",1.82860768185692e-07,1.11781024085109e-06,6.50335504518391e-07
"Portal 20  de Julio","Suba - Calle 95",1.20291611137907e-06,9.76041622880805e-08,6.50260136833574e-07
"Calle 85 - Gato Dumas","Portal Tunal",7.18044773913021e-07,5.80976520141849e-07,6.49510647027435e-07
"7 de Agosto","León XIII",4.60619262099779e-07,8.3417472742149e-07,6.47396994760635e-07
"Centro Memoria","Terreros - H. Cardiovascular",8.91985073300564e-07,3.99955395483395e-07,6.4597023439198e-07
"Av. Suba - Calle 116","Portal Américas",1.12617332164331e-06,1.61542989059418e-07,6.43858155351366e-07
"La Castellana","Biblioteca",1.18601584246214e-06,1.01621691395232e-07,6.43818766928688e-07
"Corferias","San Mateo",1.12580782399461e-06,1.58524102315708e-07,6.42165963155157e-07
"Calle 106","Olaya",9.08483377474055e-07,3.74563408639755e-07,6.41523393056905e-07
"Suba - Tv. 91","Calle 22",7.60689408740956e-07,5.21710074697255e-07,6.41199741719106e-07
"Calle 142","Banderas",3.4866840245629e-07,9.24670773390069e-07,6.3666958792318e-07
"Humedal Córdoba","Olaya",4.24099171531267e-07,8.48989604927207e-07,6.36544388229237e-07
"Quirigua","La Despensa",2.56233825007637e-07,1.01089744572803e-06,6.33565635367833e-07
"Carrera 47","Socorro",1.09483497072816e-06,1.72212647364546e-07,6.33523809046354e-07
"La Campiña","Comuneros",2.17250132886851e-07,1.04851606161246e-06,6.32883097249656e-07
"Country Sur","Boyacá",1.11267650793032e-06,1.48610520284286e-07,6.30643514107302e-07
"San Diego","Suba - Tv. 91",6.03673334931277e-07,6.53389745163122e-07,6.285315400472e-07
"Carrera 90","Olaya",8.27710826667619e-07,4.29278726287264e-07,6.28494776477442e-07
"San Victorino","Alcalá - Colegio S. Tomás Dominicos",1.07622578636354e-06,1.78328080522579e-07,6.27276933443057e-07
"CDS Carrera 32","Suba - Tv. 91",1.14479131449265e-06,1.00015251258909e-07,6.22403282875782e-07
"Humedal Córdoba","Cl38A sur - CENTRO MAYOR",1.11199627038866e-06,1.27220671543493e-07,6.19608470966076e-07
"Terminal","Marly",4.01911099300846e-07,8.37290618523131e-07,6.19600858911989e-07
"Carrera 53","Portal Sur - JFK Coop. Financiera",1.09335008238711e-06,1.44400824456523e-07,6.18875453421819e-07
"Puente Aranda","Calle 161",5.51404823868484e-07,6.85335837134897e-07,6.18370330501691e-07
"Las Nieves","Terreros - H. Cardiovascular",9.61490448439838e-07,2.73437891134777e-07,6.17464169787308e-07
"Calle 106","Quiroga",5.28507662967421e-07,7.04862638130431e-07,6.16685150548926e-07
"Terminal","Salitre El Greco - Vive Claro",4.87820375885944e-07,7.39489912932711e-07,6.13655144409328e-07
"Ferias","Portal Sur - JFK Coop. Financiera",9.27081280343705e-07,2.99149822110138e-07,6.13115551226921e-07
"Calle 161","Centro Memoria",9.89065530762741e-07,2.34980311608572e-07,6.12022921185657e-07
"Portal 20  de Julio","Calle 106",3.3847175176606e-07,8.72963163056517e-07,6.05717457411289e-07
"Puentelargo","Sevillana",8.41514751118209e-07,3.65124942268348e-07,6.03319846693278e-07
"Country Sur","Pepe Sierra - Utel Universidad",3.67890858131626e-07,8.35999791211457e-07,6.01945324671541e-07
"Polo - FINCOMERCIO","Consuelo",1.00690172608855e-06,1.87377082006944e-07,5.97139404047748e-07
"Alcalá - Colegio S. Tomás Dominicos","Mandalay",6.88992064990979e-07,5.04023480837182e-07,5.96507772914081e-07
"Sevillana","Suba Calle 100",1.05709673891887e-06,1.29297213732576e-07,5.93196976325722e-07
"21 Ángeles","Biblioteca Tintal",9.24454477561449e-07,2.60566515878287e-07,5.92510496719868e-07
"Mazurén","Universidades CityU",4.81477396634822e-07,7.03323683364599e-07,5.9240053999971e-07
"Toberín- Foundever","Concejo de Bogotá",9.76318435944774e-07,2.06281903523114e-07,5.91300169733944e-07
"Rionegro","Consuelo",3.75795981412499e-07,8.05481770965473e-07,5.90638876188986e-07
"Av. Suba - Calle 116","Quiroga",5.76643243879759e-07,6.0444113387607e-07,5.90542188877914e-07
"Calle 142","Transversal 86",2.60164593670803e-07,9.17482271499795e-07,5.88823432585299e-07
"Suba - Tv. 91","Tygua-San José",1.80958375681301e-07,9.93655717833537e-07,5.87307046757419e-07
"Calle 142","Santa Isabel",3.09062753129651e-07,8.64101152276515e-07,5.86581952703083e-07
"Suba - Tv. 91","Ricaurte",6.77794960952273e-07,4.93672833248938e-07,5.85733897100606e-07
"Gratamira","Santa Isabel",6.46685026087074e-07,5.23746204169919e-07,5.85215615128496e-07
"Rionegro","Molinos",3.15098110068209e-07,8.55288768441191e-07,5.851934392547e-07
"Portal 20  de Julio","Pepe Sierra - Utel Universidad",2.16136881858966e-07,9.49530794419964e-07,5.82833838139465e-07
"Calle 106","Sevillana",3.47892007325273e-07,8.14806023380891e-07,5.81349015353082e-07
"Suba Calle 100","Calle 40 Sur",9.87775178537629e-07,1.73616849864542e-07,5.80696014201086e-07
"Carrera 90","La Despensa",2.34567104937265e-07,9.13284667919778e-07,5.73925886428521e-07
"Portal Sur - JFK Coop. Financiera","La Castellana",5.68273455895202e-07,5.74824896637472e-07,5.71549176266337e-07
"Portal Suba","Mandalay",8.85926612758899e-07,2.56013399088732e-07,5.70970005923816e-07
"San Martín","Perdomo",8.77534091383462e-07,2.6434431163623e-07,5.70939201509846e-07
"Calle 146","Universidades CityU",7.66222939258427e-07,3.73424722176771e-07,5.69823830717599e-07
"Policarpa","Niza - Calle 127",8.93401057889323e-07,2.45909823083117e-07,5.6965544048622e-07
"San Martín","Portal Sur - JFK Coop. Financiera",6.65761667130645e-07,4.72413400029059e-07,5.69087533579852e-07
"Las Aguas - Centro Colombo Americano","Calle 146",5.70556019787575e-07,5.60831689694857e-07,5.65693854741216e-07
"Avenida Chile","León XIII",1.98581023168228e-07,9.32759968976285e-07,5.65670496072257e-07
"Polo - FINCOMERCIO","Molinos",8.5383089134814e-07,2.75441642490546e-07,5.64636266919343e-07
"Country Sur","Avenida Cali",4.42731170844635e-07,6.849584621478e-07,5.63844816496218e-07
"Carrera 90","Quiroga",6.31784969881836e-07,4.92983054875803e-07,5.62384012378819e-07
"Virrey - Cendiatra","Portal Sur - JFK Coop. Financiera",3.14745457228577e-07,8.06765728686894e-07,5.60755592957736e-07
"Mazurén","Banderas",1.52861088492791e-07,9.66085570011678e-07,5.59473329252235e-07
"21 Ángeles","Universidades CityU",4.98627560028045e-07,6.12918113992534e-07,5.5577283701029e-07
"Carrera 53","Portal Tunal",8.28927414371331e-07,2.78089628864052e-07,5.53508521617691e-07
"Rionegro","Biblioteca",7.38378357712211e-07,3.62657012794078e-07,5.50517685253145e-07
"Minuto De Dios","Santa Lucía",5.15178701476198e-07,5.78548373171747e-07,5.46863537323972e-07
"Portal Suba","Portal Américas",1.60226247900161e-07,9.25250338930404e-07,5.42738293415282e-07
"Mazurén","Avenida Jiménez",2.87498530718591e-07,7.978083533852e-07,5.42653442051896e-07
"Danubio","Calle 76",5.4178477853806e-07,5.38873769172502e-07,5.40329273855281e-07
"Virrey - Cendiatra","Biblioteca",7.6037253101778e-07,3.20160261034843e-07,5.40266396026312e-07
"Calle 85 - Gato Dumas","Molinos",6.03220775654153e-07,4.76420138079026e-07,5.39820456866589e-07
"Calle 85 - Gato Dumas","Consuelo",7.03516446151546e-07,3.73629610318323e-07,5.38573028234934e-07
"Alcalá - Colegio S. Tomás Dominicos","Tygua-San José",7.0656511588142e-07,3.68223122036987e-07,5.37394118959203e-07
"La Campiña","Calle 26 - Atrio",8.04831943812323e-07,2.60918298621614e-07,5.32875121216968e-07
"Polo - FINCOMERCIO","Portal Sur - JFK Coop. Financiera",7.91299416345713e-07,2.66922446218949e-07,5.29110931282331e-07
"Toberín- Foundever","Distrito Grafiti",2.76238095105121e-07,7.81398123640191e-07,5.28818109372656e-07
"Museo Nacional","León XIII",9.51653794005348e-07,1.03283729717049e-07,5.27468761861198e-07
"Quirigua","Olaya",6.54756771146058e-07,3.9868255198075e-07,5.26719661563404e-07
"Las Nieves","Suba - Tv. 91",3.3886351000885e-07,7.13645082766535e-07,5.26254296387692e-07
"Portal Norte - Unicervantes ","Quinta Paredes",8.23427837933795e-07,2.27733687488797e-07,5.25580762711296e-07
"Portal 20  de Julio","Ferias",9.39118158043092e-07,1.10151627478554e-07,5.24634892760823e-07
"Suba - Calle 95","Santa Lucía",5.62461497385675e-07,4.83139353840437e-07,5.22800425613056e-07
"Las Aguas - Centro Colombo Americano","Gratamira",9.96368927429424e-07,4.74422510297949e-08,5.21905589229609e-07
"Pepe Sierra - Utel Universidad","Venecia",3.49735622742054e-07,6.89762852228422e-07,5.19749237485238e-07
"San Martín","Portal Tunal",7.54253990294596e-07,2.79617679596913e-07,5.16935834945754e-07
"Puentelargo","Calle 40 Sur",6.59659272229442e-07,3.73683674039452e-07,5.16671473134447e-07
"San Mateo","Calle 22",4.53020629590935e-07,5.80214795233084e-07,5.16617712412009e-07
"Country Sur","Granja - cra 77",5.95489921950692e-07,4.29517758174597e-07,5.12503840062645e-07
"Museo Del Oro","San Mateo",4.50236749386458e-07,5.69058465077989e-07,5.09647607232223e-07
"Universidades CityU","León XIII",8.99287069691776e-07,1.15056387080841e-07,5.07171728386308e-07
"Portal 80","Olaya",4.6717263358971e-07,5.40705981050927e-07,5.03939307320318e-07
"Niza - Calle 127","Fucha",4.71970740812303e-07,5.35196375368951e-07,5.03583558090627e-07
"Estación San Bernardo","Prado",7.24496971587081e-07,2.8205234910766e-07,5.03274660347371e-07
"Zona Industrial","Portal Suba",7.40415790549469e-07,2.60174351429341e-07,5.00295070989405e-07
"21 Ángeles","Avenida Jiménez",4.27517699684289e-07,5.72496777402837e-07,5.00007238543563e-07
"San Diego","Mazurén",9.20126655339979e-07,7.79602266666088e-08,4.99043441003294e-07
"Movistar Arena","Terreros - H. Cardiovascular",3.262268375677e-07,6.7161519989033e-07,4.98921018729015e-07
"Portal 20  de Julio","Suba Calle 100",9.5746663769453e-07,3.93127821002593e-08,4.98389709897395e-07
"Av. Suba - Calle 116","Sevillana",6.10108515366732e-07,3.86608288714717e-07,4.98358402040725e-07
"San Victorino","21 Ángeles",3.34131605813625e-07,6.59087343095304e-07,4.96609474454464e-07
"Terreros - H. Cardiovascular","Av. 39",3.03403985467807e-07,6.88246020294044e-07,4.95825002880925e-07
"Prado","Hortúa",5.57047800717525e-07,4.31200563391332e-07,4.94124182054428e-07
"La Castellana","Socorro",8.94460285143548e-07,9.37529337338731e-08,4.94106609438711e-07
"San Facon Carrera 22","21 Ángeles",9.22508966066727e-07,5.79283129236549e-08,4.90218639495191e-07
"Ciudad Jardín - UAN","Calle 127",7.40349606647807e-07,2.2416907463185e-07,4.82259340639828e-07
"Country Sur","Puentelargo",8.83447527049501e-07,7.91799320213472e-08,4.81313729535424e-07
"Museo Del Oro","Gratamira",8.75292651807373e-07,8.33216931087056e-08,4.79307172458039e-07
"Humedal Córdoba","General Santander",8.11250777769417e-07,1.4509773833602e-07,4.78174258052718e-07
"Calle 127","Fucha",6.0665173052931e-07,3.48887104345736e-07,4.77769417437523e-07
"Country Sur","Minuto De Dios",8.36153072516659e-07,1.16835111909527e-07,4.76494092213093e-07
"Universidades CityU","Terreros - H. Cardiovascular",4.23720013656792e-07,5.27794886583297e-07,4.75757450120044e-07
"Niza - Calle 127","Cl38A sur - CENTRO MAYOR",6.71661869502705e-07,2.54530277934105e-07,4.63096073718405e-07
"Calle 127","Restrepo",5.13412652501039e-07,4.09570139031607e-07,4.61491395766323e-07
"Minuto De Dios","Portal Tunal",3.50075582538821e-07,5.72318547693735e-07,4.61197065116278e-07
"San Martín","Parque",7.66743450315395e-07,1.52355855737869e-07,4.59549653026632e-07
"La Despensa","Marly",6.97315899426896e-07,2.18951550138432e-07,4.58133724782664e-07
"Humedal Córdoba","Alquería",6.76826045688578e-07,2.38108413922132e-07,4.57467229805355e-07
"San Facon Carrera 22","Mazurén",5.10528707384431e-07,4.03122898525135e-07,4.56825802954783e-07
"Normandia","Portal Usme",2.60390471503639e-07,6.51314499628674e-07,4.55852485566157e-07
"Suba - Tv. 91","Guatoque - Veraguas",2.87351420758561e-07,6.20561824603955e-07,4.53956622681258e-07
"Ciudad Jardín - UAN","Humedal Córdoba",8.82546049290065e-07,2.31512094785517e-08,4.52848629384309e-07
"Carrera 53","Socorro",8.71324172398442e-07,3.41611605245932e-08,4.52742666461518e-07
"Calle 146","Banderas",2.25114462915167e-07,6.80245147062823e-07,4.52679804988995e-07
"Portal Norte - Unicervantes ","Av. 39",5.60602302932485e-07,3.44305248856071e-07,4.52453775894278e-07
"Portal 20  de Julio","Granja - cra 77",3.64891264298878e-07,5.35790077185539e-07,4.50340670742208e-07
"Calle 146","Avenida Jiménez",4.57176830326837e-07,4.37402894383272e-07,4.47289862355055e-07
"Calle 161","Pradera - Plaza Central",3.38546526414758e-07,5.47693885179664e-07,4.43120205797211e-07
"Portal 20  de Julio","Boyacá",6.92659418233738e-07,1.89320687518659e-07,4.40990052876198e-07
"Suba - Calle 95","C.C Paseo Villa Del Rio - Madelena",6.04118519983761e-07,2.76630314012811e-07,4.40374416998286e-07
"Puentelargo","Socorro",1.59621661618477e-07,7.07898174911237e-07,4.33759918264857e-07
"Calle 127","Portal Américas",1.82242279516711e-07,6.84392222477326e-07,4.33317250997018e-07
"Niza - Calle 127","Alquería",4.20597308401062e-07,4.44386820870189e-07,4.32492064635625e-07
"Pepe Sierra - Utel Universidad","Sevillana",2.37516949261199e-07,6.26304948422444e-07,4.31910948841822e-07
"Carrera 47","Consuelo",7.34708352396748e-07,1.2682394415349e-07,4.30766148275119e-07
"La Castellana","Parque",7.20444102883897e-07,1.20308432876983e-07,4.2037626788044e-07
"La Campiña","Santa Isabel",1.57585091900203e-07,6.82635947092901e-07,4.20110519496552e-07
"Calle 146","Comuneros",2.7422201167102e-07,5.65122857625188e-07,4.19672434648104e-07
"León XIII","Av. 39",6.68817332892788e-07,1.64372866356699e-07,4.16595099624744e-07
"Museo Nacional","La Campiña",6.48251701719744e-07,1.84306827937614e-07,4.16279264828679e-07
"Av. Suba - Calle 116","Socorro",9.9647704493994e-08,7.29970014941161e-07,4.14808859717578e-07
"San Victorino","San Mateo",7.69714567313481e-07,5.83914367638209e-08,4.14053002038651e-07
"Virrey - Cendiatra","Parque",4.5636078821893e-07,3.70477450899786e-07,4.13419119559358e-07
"La Castellana","Consuelo",6.1799840345595e-07,2.08817173412487e-07,4.13407788434218e-07
"Av. Suba - Calle 116","Calle 40 Sur",4.10729679230143e-07,4.11076322697425e-07,4.10903000963784e-07
"Humedal Córdoba","Portal Américas",7.7530115549016e-07,4.63870443980099e-08,4.10844099944085e-07
"Las Nieves","Calle 146",7.43690021038403e-07,7.51492467163031e-08,4.09419633877353e-07
"Avenida Cali","Calle 40 Sur",6.38423292554578e-07,1.78257253345528e-07,4.08340272950053e-07
"Portal Suba","Ricaurte",2.75677129651044e-07,5.34402844007661e-07,4.05039986829352e-07
"Bosa","Flores",5.07020665962403e-07,3.00315511058896e-07,4.03668088510649e-07
"Suba - Av. Boyacá","Nariño",2.84348016135735e-07,5.22983189724236e-07,4.03665602929986e-07
"Calle 142","Mandalay",4.70461931058641e-07,3.34005084598089e-07,4.02233507828365e-07
"Toberín- Foundever","Calle 26 - Atrio",4.32337530547909e-07,3.72014036729326e-07,4.02175783638618e-07
"Suba - Av. Boyacá","Hortúa",4.91175961514676e-07,3.07561385050028e-07,3.99368673282352e-07
"Avenida 68","Socorro",6.47505415429199e-07,1.48253193688274e-07,3.97879304558736e-07
"Rionegro","Portal Sur - JFK Coop. Financiera",4.06748129288747e-07,3.85726645823417e-07,3.96237387556082e-07
"Calle 187","CAN - British Council",7.00902773893182e-07,8.6838183368234e-08,3.93870478630708e-07
"Calle 161","Calle 22",4.15482693593929e-07,3.70239751253377e-07,3.92861222423653e-07
"Suba - Av. Boyacá","NQS Calle 30 SUR",3.79046352554034e-07,4.06668740105095e-07,3.92857546329564e-07
"Portal 20  de Julio","Avenida Cali",2.70087892374857e-07,5.14537222851296e-07,3.92312557613077e-07
"Escuela Militar","Bosa",2.91876039241633e-07,4.9258790705313e-07,3.92231973147381e-07
"Rionegro","Portal Tunal",4.45110735347727e-07,3.38721028153926e-07,3.91915881750827e-07
"Calle 146","Biblioteca Tintal",1.21975125231157e-07,6.60953135302869e-07,3.91464130267013e-07
"Portal Suba","Centro Memoria",7.30088554799782e-07,5.03620157212228e-08,3.90225285260503e-07
"Rionegro","Perdomo",5.33138809043158e-07,2.46435300368068e-07,3.89787054705613e-07
"Calle 127","Alquería",2.94328720924175e-07,4.84276181447574e-07,3.89302451185875e-07
"Museo Nacional","Calle 161",6.97218966905909e-07,8.07595100235268e-08,3.88989238464718e-07
"Carrera 43 - Comapan","Calle 161",4.77563137538297e-07,3.00222915645209e-07,3.88893026591753e-07
"La Castellana","Portal Tunal",7.01113848606307e-07,7.5881366280778e-08,3.88497607443542e-07
"Carrera 47","Molinos",6.0500975743497e-07,1.70210107614801e-07,3.87609932524886e-07
"Puentelargo","C.C Paseo Villa Del Rio - Madelena",4.58570177096784e-07,3.15947207520442e-07,3.87258692308613e-07
"Virrey - Cendiatra","Socorro",5.89929709788461e-07,1.83289354947605e-07,3.86609532368033e-07
"Pepe Sierra - Utel Universidad","Olaya",5.85625586826202e-07,1.83907542623335e-07,3.84766564724769e-07
"San Victorino","Calle 142",6.59260095364226e-07,1.09484357988526e-07,3.84372226676376e-07
"De La Sabana","21 Ángeles",5.7140526251337e-07,1.96344257364849e-07,3.83874759939109e-07
"Niza - Calle 127","General Santander",4.97418635797879e-07,2.61870859807892e-07,3.79644747802885e-07
"Granja - cra 77","Santa Lucía",4.18424959224099e-07,3.35587237655596e-07,3.77006098439848e-07
"Calle 146","Guatoque - Veraguas",3.30636100895887e-07,4.22090239838198e-07,3.76363170367043e-07
"Portal Norte - Unicervantes ","Ciudad Universitaria- Lotería de Bogotá",5.79045779730411e-07,1.72340308454956e-07,3.75693044092683e-07
"Portal 80","La Despensa",2.19212962586303e-07,5.31950272405109e-07,3.75581617495706e-07
"Ciudad Universitaria- Lotería de Bogotá","San Mateo",6.70548389548884e-07,7.6742865796061e-08,3.73645627672473e-07
"Puente Aranda","Toberín- Foundever",3.17044612916111e-07,4.27553934263075e-07,3.72299273589593e-07
"Ciudad Jardín - UAN","Portal 80",5.37419813699608e-07,2.05894724785486e-07,3.71657269242547e-07
"San Mateo","Calle 26 - Atrio",3.04995774501964e-07,4.31423788965699e-07,3.68209781733832e-07
"21 Ángeles","Comuneros",4.31573304289548e-07,2.99225688442634e-07,3.65399496366091e-07
"La Despensa","Calle 57",5.0285464691016e-07,2.2703386964154e-07,3.6494425827585e-07
"Zona Industrial","Calle 161",4.12616139391787e-07,3.15036454590383e-07,3.63826296991085e-07
"Toberín- Foundever","Paloquemao",2.29202795678214e-07,4.90817906937484e-07,3.60010351307849e-07
"Carrera 90","Calle 40 Sur",5.29162982948002e-07,1.84886013741973e-07,3.57024498344987e-07
"Av. Suba - Calle 116","C.C Paseo Villa Del Rio - Madelena",3.45951849801814e-07,3.66420547188468e-07,3.56186198495141e-07
"Niza - Calle 127","Restrepo",4.09603168688828e-07,2.98813994058467e-07,3.54208581373647e-07
"Concejo de Bogotá","San Mateo",5.69836044990795e-07,1.38557600603919e-07,3.54196822797357e-07
"La Castellana","Molinos",5.21192136697927e-07,1.83698392595157e-07,3.52445264646542e-07
"San Victorino","Suba - Tv. 91",1.93662185660054e-07,5.04357614107579e-07,3.49009899883816e-07
"Av. Primero de Mayo","Calle 127",3.80881955990447e-07,3.15942089784412e-07,3.48412022887429e-07
"San Diego","Terreros - H. Cardiovascular",6.08015741098073e-07,8.8120995141903e-08,3.48068368119988e-07
"Quirigua","Calle 40 Sur",4.38492238356705e-07,2.55205892240855e-07,3.4684906529878e-07
"Portal Norte - Unicervantes ","Paloquemao",8.82924062371938e-08,6.04732628125499e-07,3.46512517181346e-07
"Portal 80","Calle 40 Sur",3.19431221829642e-07,3.72710457682427e-07,3.46070839756035e-07
"Mazurén","Mandalay",2.03473288872655e-07,4.88227453814318e-07,3.45850371343486e-07
"Calle 187","Av. Eldorado",2.4140777749199e-07,4.49165599985063e-07,3.45286688738526e-07
"Bicentenario","Alcalá - Colegio S. Tomás Dominicos",4.66911001994063e-07,2.21232024736072e-07,3.44071513365068e-07
"Virrey - Cendiatra","Consuelo",4.13778914309698e-07,2.7203331710548e-07,3.42906115707589e-07
"Calle 100 - Marketmedios","Santa Lucía",4.76940550346301e-07,2.07629894994823e-07,3.42285222670562e-07
"Calle 146","Transversal 86",1.70399884134151e-07,5.12686950991431e-07,3.41543417562791e-07
"Av. Eldorado","San Mateo",4.6557090408477e-07,2.14274406922153e-07,3.39922655503462e-07
"Pepe Sierra - Utel Universidad","Quiroga",3.42353325832148e-07,3.35655186905744e-07,3.39004256368946e-07
"Las Aguas - Centro Colombo Americano","Terreros - H. Cardiovascular",5.05692616627865e-07,1.71471873981352e-07,3.38582245304608e-07
"Virrey - Cendiatra","Molinos",3.5327475514822e-07,3.1492607120851e-07,3.34100413178365e-07
"Av. Primero de Mayo","Portal 80",3.24978304132068e-07,3.41713723901349e-07,3.33346014016708e-07
"Virrey - Cendiatra","Portal Tunal",4.36581423612596e-07,2.29110982882446e-07,3.32846203247521e-07
"7 de Agosto","Terreros - H. Cardiovascular",2.05783577447154e-07,4.59745661974626e-07,3.3276461971089e-07
"Portal 20  de Julio","Minuto De Dios",5.16784799116963e-07,1.46139294214458e-07,3.31462046665711e-07
"Granja - cra 77","Biblioteca",3.86271517253975e-07,2.75366061787271e-07,3.30818789520623e-07
"Calle 142","Tygua-San José",4.34747307159918e-07,2.25778925746145e-07,3.30263116453032e-07
"C.C Paseo Villa Del Rio - Madelena","Suba Calle 100",5.51189944460132e-07,1.037282081977e-07,3.27459076328916e-07
"Country Sur","Quirigua",2.58592314918958e-07,3.95497758044185e-07,3.27045036481571e-07
"Niza - Calle 127","Portal Américas",5.86601232884333e-07,6.72500240907797e-08,3.26925628487556e-07
"Toberín- Foundever","Centro Memoria",5.55928049651283e-07,9.57135992479895e-08,3.25820824449636e-07
"CDS Carrera 32","Calle 161",3.22053066412185e-07,3.25783542253852e-07,3.23918304333018e-07
"Niza - Calle 127","Olaya",2.43672757509997e-07,3.91543025813868e-07,3.17607891661933e-07
"La Campiña","Guatoque - Veraguas",2.18831661461031e-07,4.16209993987532e-07,3.17520827724281e-07
"Suba - Calle 95","Biblioteca",4.41599599242818e-07,1.90948159104428e-07,3.16273879173623e-07
"Rionegro","Parque",4.52078333381157e-07,1.79815589505249e-07,3.15946961443203e-07
"Toberín- Foundever","Ricaurte",1.10959360749278e-07,5.19427346523431e-07,3.15193353636354e-07
"Calle 127","Venecia",1.82660586433878e-07,4.44503606072637e-07,3.13582096253257e-07
"Bosa","Calle 76",2.69399178285536e-07,3.49020643521282e-07,3.09209910903409e-07
"Portal Suba","Calle 26 - Atrio",4.65360277258883e-07,1.49452751661213e-07,3.07406514460048e-07
"Estación San Bernardo","Suba - Av. Boyacá",4.96154032662627e-07,1.18332643664256e-07,3.07243338163442e-07
"Calle 146","Santa Isabel",1.84293472972626e-07,4.25690159778963e-07,3.04991816375795e-07
"Portal Usme","Flores",3.24262489509705e-07,2.85655663398112e-07,3.04959076453908e-07
"Suba Calle 100","Socorro",2.71822627752025e-07,3.37946088421416e-07,3.04884358086721e-07
"Carrera 53","Consuelo",5.76062707873702e-07,2.34867865548979e-08,2.997747472143e-07
"Granja - cra 77","Parque",2.67884808905505e-07,3.28843146799231e-07,2.98363977852368e-07
"Granja - cra 77","Portal Tunal",3.06111918863632e-07,2.87281258642265e-07,2.96696588752949e-07
"San Facon Carrera 22","Suba - Tv. 91",5.59238729587479e-07,3.16947144257227e-08,2.95466722006601e-07
"Calle 100 - Marketmedios","Portal Sur - JFK Coop. Financiera",1.60272226323151e-07,4.29214183969407e-07,2.94743205146279e-07
"Portal 20  de Julio","Quirigua",1.56251592894285e-07,4.33191454550544e-07,2.94721523722414e-07
"Humedal Córdoba","Venecia",4.64524417518678e-07,1.24454895089477e-07,2.94489656304077e-07
"Minuto De Dios","Bosa",3.72526497651994e-07,2.1533159884248e-07,2.93929048247237e-07
"Modelia","Portal Usme",1.28005681370495e-07,4.58629112993221e-07,2.93317397181858e-07
"Boyacá","Bosa",3.48232063499598e-07,2.37185224052612e-07,2.92708643776105e-07
"Terminal","Av. 39",1.16370042645604e-07,4.67377767139385e-07,2.91873904892495e-07
"Escuela Militar","Danubio",2.24836657693209e-07,3.57053219611155e-07,2.90944938652182e-07
"Country Sur","Carrera 90",3.37064075769175e-07,2.41563442151988e-07,2.89313758960581e-07
"Portal 20  de Julio","Puentelargo",5.05354199153752e-07,6.85456941069079e-08,2.8694994663033e-07
"Calle 187","Gobernacion",4.98377040538642e-07,7.30440951528118e-08,2.85710567845727e-07
"Ciudad Jardín - UAN","Niza - Calle 127",4.91881688028294e-07,7.651888041617e-08,2.84200284222232e-07
"Country Sur","Av. Suba - Calle 116",5.06666511379411e-07,5.99888622949798e-08,2.83327686837195e-07
"Héroes - Colmena Seguros","Danubio",2.95131862604274e-07,2.66778835323984e-07,2.80955348964129e-07
"Suba Calle 100","Santa Lucía",4.70474807642886e-07,8.89145697479205e-08,2.79694688695403e-07
"Las Nieves","Mazurén",4.6728376833911e-07,9.17192116764329e-08,2.79501490007771e-07
"Ferias","Socorro",4.32060189066929e-07,1.20529433489769e-07,2.76294811278349e-07
"Avenida 68","Bosa",3.67562734675586e-07,1.8356318444266e-07,2.75562959559123e-07
"Carrera 47","Bosa",3.51600779669286e-07,1.98415080687352e-07,2.75007930178319e-07
"Prado","NQS Calle 30 SUR",2.47995924937061e-07,2.99438512346448e-07,2.73717218641755e-07
"Mazurén","Guatoque - Veraguas",2.09091111568068e-07,3.38253329160825e-07,2.73672220364446e-07
"Calle 106","Calle 40 Sur",3.54391415951292e-07,1.91991586655204e-07,2.73191501303248e-07
"La Campiña","Calle 22",4.1646768027437e-07,1.2851968208842e-07,2.72493681181395e-07
"Calle 146","Mandalay",3.01529154561718e-07,2.37638228227956e-07,2.69583691394837e-07
"Las Nieves","San Mateo",5.00426504279391e-07,3.65875030342941e-08,2.68507003656843e-07
"Policarpa","Prado",3.87800762827969e-07,1.48026547444499e-07,2.67913655136234e-07
"Carrera 90","Consuelo",9.60766391599309e-08,4.38734767499128e-07,2.67405703329529e-07
"Museo Del Oro","Mazurén",2.85866328427575e-07,2.45073150935884e-07,2.65469739681729e-07
"Centro Memoria","San Mateo",4.54271077353134e-07,7.36224332078075e-08,2.63946755280471e-07
"Prado","Cl38A sur - CENTRO MAYOR",1.64231566545882e-07,3.61076927736083e-07,2.62654247140982e-07
"21 Ángeles","Santa Isabel",3.06044170361348e-07,2.15203548725446e-07,2.60623859543397e-07
"Granja - cra 77","La Despensa",2.08623712790709e-07,3.1234234904468e-07,2.60483030917694e-07
"Calle 106","Perdomo",8.91993499542215e-08,4.30485474945631e-07,2.59842412449926e-07
"Suba - Tv. 91","Comuneros",2.79951631456575e-07,2.38896686108833e-07,2.59424158782704e-07
"Universidad Nacional","San Mateo",3.29941646857234e-07,1.84687026940527e-07,2.5731433689888e-07
"Toberín- Foundever","Pradera - Plaza Central",1.9846061241691e-07,3.11834361027536e-07,2.55147486722223e-07
"Calle 187","Av. 39",2.24462257810899e-07,2.85049365782331e-07,2.54755811796615e-07
"Suba - Tv. 91","Avenida Jiménez",2.51164732450023e-07,2.57903471422619e-07,2.54534101936321e-07
"Suba - Tv. 91","Universidades CityU",2.74768027035799e-07,2.32040286496014e-07,2.53404156765907e-07
"Niza - Calle 127","Venecia",2.96003418389703e-07,2.1023030659369e-07,2.53116862491696e-07
"Avenida 68","Consuelo",4.22795035545473e-07,8.11592830172927e-08,2.51977159281383e-07
"San Diego","La Campiña",4.23744261841965e-07,7.91446211585825e-08,2.51444441500274e-07
"Carrera 53","Molinos",4.68568570644517e-07,3.11148274687952e-08,2.49841699056656e-07
"Av. Primero de Mayo","Humedal Córdoba",4.7100481886536e-07,2.75276941523942e-08,2.49266256508877e-07
"Puentelargo","Santa Lucía",3.17290741947417e-07,1.7582893649602e-07,2.46559839221718e-07
"Portal El Dorado – C.C Nuestro Bogotá","Portal Usme",5.79252282547852e-08,4.32228150177332e-07,2.45076689216059e-07
"Calle 106","C.C Paseo Villa Del Rio - Madelena",1.79960623270002e-07,3.09586264250734e-07,2.44773443760368e-07
"San Facon Carrera 22","La Campiña",4.1376199904106e-07,7.33129194524114e-08,2.43537459246736e-07
"Gratamira","NQS Calle 30 SUR",1.91234104478335e-07,2.92993010291774e-07,2.42113557385054e-07
"Carrera 43 - Comapan","Toberín- Foundever",2.73229091179786e-07,2.1074152902327e-07,2.41985310101528e-07
"Museo Nacional","Terreros - H. Cardiovascular",4.38940635885629e-07,4.34131823405692e-08,2.41176909113099e-07
"Las Aguas - Centro Colombo Americano","Mazurén",3.58491700337211e-07,1.21075688087408e-07,2.3978369421231e-07
"Humedal Córdoba","Calle 40 Sur",1.95638414692041e-07,2.81113319517794e-07,2.38375867104917e-07
"CDS Carrera 32","Toberín- Foundever",1.82587994973166e-07,2.90888152090053e-07,2.36738073531609e-07
"Calle 127","Sevillana",1.25187941259642e-07,3.44510418337187e-07,2.34849179798415e-07
"Terminal","CAN - British Council",3.71560660863844e-07,9.75552306295332e-08,2.34557945746688e-07
"Boyacá","Socorro",3.47304316435963e-07,1.21602024665849e-07,2.34453170550906e-07
"Quirigua","León XIII",1.47798394081891e-07,3.19652304063939e-07,2.33725349072915e-07
"Calle 187","CAD",9.70036119529248e-08,3.6922121141825e-07,2.33112411685587e-07
"Alcalá - Colegio S. Tomás Dominicos","Hortúa",2.49909997724984e-07,2.15280180023936e-07,2.3259508887446e-07
"León XIII","Marly",3.74157916471449e-07,8.90036838823021e-08,2.31580800176876e-07
"Terreros - H. Cardiovascular","Marly",1.68168498737243e-07,2.92115658775124e-07,2.30142078756183e-07
"Ferias","Bosa",3.45830250343246e-07,1.10740837795554e-07,2.282855440694e-07
"Calle 100 - Marketmedios","Biblioteca",3.22591853924013e-07,1.31989175475213e-07,2.27290514699613e-07
"Estación San Bernardo","Alcalá - Colegio S. Tomás Dominicos",3.23806241241856e-07,1.28531283283179e-07,2.26168762262518e-07
"Avenida 68","Molinos",3.40342490664412e-07,1.1108702551979e-07,2.25714758092101e-07
"Portal Norte - Unicervantes ","Concejo de Bogotá",3.73814098833303e-07,7.63125575626932e-08,2.25063328197998e-07
"Calle 161","Marsella",1.78788468171996e-07,2.67190926783823e-07,2.2298969747791e-07
"Calle 85 - Gato Dumas","Danubio",2.15257877359953e-07,2.29665656997291e-07,2.22461767178622e-07
"San Victorino","Calle 146",3.88449986077864e-07,5.62513224369516e-08,2.22350654257408e-07
"Calle 85 - Gato Dumas","Bosa",1.44570454178173e-07,2.99329050168435e-07,2.21949752173304e-07
"Humedal Córdoba","Quiroga",2.70267175255827e-07,1.72375117716268e-07,2.21321146486047e-07
"Calle 127","Quiroga",1.66040136747422e-07,2.75422057541947e-07,2.20731097144685e-07
"De La Sabana","Suba - Tv. 91",3.37832108258643e-07,9.9504260728421e-08,2.18668184493532e-07
"Prado","Nariño",3.06941050965422e-07,1.30247923308281e-07,2.18594487136851e-07
"Zona Industrial","Toberín- Foundever",2.35148565961308e-07,2.01833093977593e-07,2.1849082996945e-07
"Suba - Calle 95","Portal Tunal",2.68026864164761e-07,1.67893912784721e-07,2.17960388474741e-07
"Calle 187","Corferias",2.73137848302429e-07,1.61120487783037e-07,2.17129168042733e-07
"Carrera 53","Bosa",3.7644477342243e-07,5.23257971264384e-08,2.14385285274434e-07
"Calle 127","Olaya",2.8181340991143e-07,1.44846528816924e-07,2.13329969364177e-07
"Toberín- Foundever","Calle 22",2.33270974382267e-07,1.89190522234777e-07,2.11230748308522e-07
"Policarpa","Suba - Av. Boyacá",3.14144818644661e-07,1.07424092864243e-07,2.10784455754452e-07
"Museo Nacional","Toberín- Foundever",3.91237556970257e-07,2.97782461988796e-08,2.10507901584569e-07
"La Campiña","Portal Américas",1.74054248533888e-07,2.46751496909316e-07,2.10402872721602e-07
"San Mateo","Av. 39",1.54002399252645e-07,2.6085962954738e-07,2.07431014400013e-07
"San Diego","Calle 161",3.69849470060289e-07,4.45132544095125e-08,2.07181362234901e-07
"Campin - UAN","San Mateo",2.0548560533125e-07,2.06874678770394e-07,2.06180142050822e-07
"Suba - Av. Boyacá","Alquería",1.81043994669807e-07,2.28089444252285e-07,2.04566719461046e-07
"Biblioteca","Suba Calle 100",3.7272383394379e-07,3.51981017717074e-08,2.03960967857749e-07
"Héroes - Colmena Seguros","Bosa",1.78794567316223e-07,2.29070057546359e-07,2.03932312431291e-07
"San Martín","Danubio",1.82991294740061e-07,2.23149450263489e-07,2.03070372501775e-07
"Mazurén","Comuneros",1.73942213051131e-07,2.31586635667914e-07,2.02764424359523e-07
"Terreros - H. Cardiovascular","Calle 57",1.20658451229069e-07,2.83515615281548e-07,2.02087033255308e-07
"Suba - Av. Boyacá","Portal Américas",3.55567852815945e-07,4.8229883292827e-08,2.01898868054386e-07
"Prado","Portal Américas",8.22761633758903e-08,3.20719333079758e-07,2.01497748227824e-07
"Suba - Av. Boyacá","Cl38A sur - CENTRO MAYOR",2.74873061810254e-07,1.2713986657707e-07,2.01006464193662e-07
"Las Aguas - Centro Colombo Americano","21 Ángeles",3.84120284035239e-07,1.74319755306478e-08,2.00776129782943e-07
"Avenida Cali","Santa Lucía",3.36261759222756e-07,6.4466293704377e-08,2.00364026463566e-07
"Prado","General Santander",1.13604967791026e-07,2.85540805407561e-07,1.99572886599294e-07
"Suba - Calle 95","Perdomo",3.38023897844277e-07,6.10457737769435e-08,1.9953483581061e-07
"Las Aguas - Centro Colombo Americano","San Mateo",2.65105170395241e-07,1.33713709550541e-07,1.99409439972891e-07
"Museo Nacional","Portal Suba",3.72813165340937e-07,2.54682273213834e-08,1.9914069633116e-07
"Portal 20  de Julio","Carrera 90",2.04537580949408e-07,1.91872565851241e-07,1.98205073400324e-07
"Humedal Córdoba","Sevillana",3.32245656856134e-07,6.03770927458932e-08,1.96311374801014e-07
"Av. Suba - Calle 116","Santa Lucía",1.99442292852883e-07,1.90229408785332e-07,1.94835850819107e-07
"Country Sur","Calle 127",1.74849745207127e-07,2.14643789269934e-07,1.94746767238531e-07
"Avenida Cali","Consuelo",1.15232739604522e-07,2.71323209424196e-07,1.93277974514359e-07
"Suba - Calle 95","Consuelo",2.23367371107832e-07,1.62820019149438e-07,1.93093695128635e-07
"Bosa","La Castellana",1.81169768356584e-07,2.00894315207345e-07,1.91032041781965e-07
"Universidades CityU","San Mateo",2.21261478928467e-07,1.59878632151827e-07,1.90570055540147e-07
"Museo Del Oro","21 Ángeles",3.45674787730813e-07,3.47749438139804e-08,1.90224865772397e-07
"Terminal","Universidad Nacional",2.73985863518979e-07,1.05827149553584e-07,1.89906506536282e-07
"Terminal","Gobernacion",2.62795027819457e-07,1.14267548038742e-07,1.88531287929099e-07
"Calle 187","Quinta Paredes",3.3561470449103e-07,4.08018482569753e-08,1.88208276374002e-07
"Virrey - Cendiatra","Bosa",9.90052022307099e-08,2.76860325463592e-07,1.87932763847151e-07
"Polo - FINCOMERCIO","Danubio",2.9889091202928e-07,7.6466353643782e-08,1.87678632836531e-07
"Calle 146","Tygua-San José",2.56973313099363e-07,1.18337852371514e-07,1.87655582735439e-07
"NQS Calle 75","León XIII",1.18671027422586e-07,2.56423950414252e-07,1.87547488918419e-07
"Suba - Tv. 91","Santa Isabel",2.01122101197822e-07,1.70495980825116e-07,1.85809041011469e-07
"Portal 80","Terreros - H. Cardiovascular",6.20810993995074e-08,3.07913715284747e-07,1.84997407342127e-07
"Bicentenario","Calle 142",2.51464042884392e-07,1.17885964151808e-07,1.846750035181e-07
"Granja - cra 77","Socorro",2.32393653412272e-07,1.35220348061061e-07,1.83807000736667e-07
"Gratamira","Hortúa",2.40467465309747e-07,1.26883571829468e-07,1.83675518569608e-07
"Suba - Av. Boyacá","Fucha",1.72599416803142e-07,1.93590830270655e-07,1.83095123536898e-07
"De La Sabana","Calle 161",1.48131807276519e-07,2.11808029574254e-07,1.79969918425386e-07
"Portal Suba","Calle 22",2.75897654618202e-07,8.32992491976025e-08,1.79598451907902e-07
"Granja - cra 77","Terreros - H. Cardiovascular",5.50782805880242e-08,3.03976204947028e-07,1.79527242767526e-07
"Avenida Cali","Biblioteca",3.15787674977723e-07,4.08270787043946e-08,1.78307376841059e-07
"Suba - Calle 95","Molinos",1.87083176548286e-07,1.69295127530133e-07,1.7818915203921e-07
"De La Sabana","La Campiña",2.45908562104188e-07,1.10017380815911e-07,1.77962971460049e-07
"Carrera 90","Santa Lucía",2.83211388383513e-07,7.21164335112267e-08,1.7766391094737e-07
"Calle 161","Av Américas - Av. Boyacá",1.4325103801503e-07,2.11288456125057e-07,1.77269747070043e-07
"San Martín","Bosa",2.14869558146619e-07,1.39060620972588e-07,1.76965089559604e-07
"Portal 20  de Julio","Calle 127",1.02453263186007e-07,2.48372553748809e-07,1.75412908467408e-07
"Minuto De Dios","Socorro",2.87099647235082e-07,6.20538562156911e-08,1.74576751725387e-07
"Calle 100 - Marketmedios","Parque",1.95416133991081e-07,1.52868897639893e-07,1.74142515815487e-07
"Suba - Calle 95","Portal Sur - JFK Coop. Financiera",2.59925726950371e-07,8.59723535271454e-08,1.72949040238758e-07
"Suba - Calle 95","Parque",2.71084146527196e-07,7.31153057130326e-08,1.72099726120114e-07
"Suba - Av. Boyacá","General Santander",2.09087678118021e-07,1.32753113260703e-07,1.70920395689362e-07
"Portal 20  de Julio","Av. Suba - Calle 116",2.87101124789072e-07,5.47038219416121e-08,1.70902473365342e-07
"San Facon Carrera 22","Portal Suba",2.17330203909491e-07,1.21308918263411e-07,1.69319561086451e-07
"León XIII","Calle 57",2.69280926584472e-07,6.86908293316801e-08,1.68985877958076e-07
"Av. Primero de Mayo","Niza - Calle 127",2.63751305237598e-07,7.40157553404207e-08,1.68883530289009e-07
"Portal Suba","Comuneros",1.17952721652304e-07,2.19203542745774e-07,1.68578132199039e-07
"Calle 161","Comuneros",7.10265676531371e-08,2.65226216635509e-07,1.68126392144323e-07
"Estación San Bernardo","Gratamira",2.42276446887877e-07,9.22178224741963e-08,1.67247134681037e-07
"La Campiña","Cl38A sur - CENTRO MAYOR",4.56911237450289e-08,2.8789308293349e-07,1.66792103339259e-07
"Perdomo","Suba Calle 100",3.1190401564722e-07,1.9878335940949e-08,1.65891175794084e-07
"Gratamira","Nariño",1.39450087960885e-07,1.91362904997741e-07,1.65406496479313e-07
"Carrera 90","Socorro",1.56932478271529e-07,1.73345782980434e-07,1.65139130625982e-07
"Pepe Sierra - Utel Universidad","C.C Paseo Villa Del Rio - Madelena",1.24591867896966e-07,2.04968839463943e-07,1.64780353680454e-07
"Quirigua","Santa Lucía",2.38322436574067e-07,9.11396561453463e-08,1.64731046359707e-07
"Polo - FINCOMERCIO","Bosa",2.47094203995424e-07,8.22173696209362e-08,1.6465578680818e-07
"Country Sur","Portal 80",1.82276556115527e-07,1.45385756555851e-07,1.63831156335689e-07
"Niza - Calle 127","Sevillana",2.14212608403613e-07,1.11364502734939e-07,1.62788555569276e-07
"Ferias","Consuelo",2.78019452133191e-07,4.62274793411206e-08,1.62123465737156e-07
"San Diego","San Mateo",3.14022750346083e-07,9.86345137889862e-09,1.61943100862491e-07
"Calle 100 - Marketmedios","Socorro",2.45470165129692e-07,7.80833412960599e-08,1.61776753212876e-07
"Avenida Cali","León XIII",1.19214665429061e-07,2.01463327935469e-07,1.60338996682265e-07
"Pepe Sierra - Utel Universidad","Calle 40 Sur",2.30629724403637e-07,8.61330445992052e-08,1.58381384501421e-07
"San Mateo","Marly",8.47878990123242e-08,2.29204579220704e-07,1.56996239116514e-07
"Carrera 90","Biblioteca",2.71860593010097e-07,4.19908849225739e-08,1.56925738966336e-07
"Calle 161","Universidades CityU",1.93564727460184e-07,1.16838164362683e-07,1.55201445911433e-07
"Portal 80","Santa Lucía",1.74921914926181e-07,1.33593560297708e-07,1.54257737611945e-07
"Portal Usme","Calle 76",1.23697051384431e-07,1.83328294303932e-07,1.53512672844182e-07
"Avenida Cali","Portal Tunal",2.57507260348745e-07,4.89843250674122e-08,1.53245792708079e-07
"San Facon Carrera 22","Calle 161",2.06436257599997e-07,9.78047859017702e-08,1.52120521750883e-07
"Quirigua","Biblioteca",2.33471841179069e-07,6.77811094249042e-08,1.50626475301987e-07
"La Castellana","Danubio",1.80924369630686e-07,1.19721727971546e-07,1.50323048801116e-07
"Museo Del Oro","Portal Suba",7.09381579297791e-08,2.2757214040565e-07,1.49255149167714e-07
"Virrey - Cendiatra","Danubio",1.25228886102702e-07,1.72584405162378e-07,1.4890664563254e-07
"Bicentenario","Suba - Tv. 91",9.5703270805806e-08,2.0165115678434e-07,1.48677213795073e-07
"Avenida Chile","Portal Usme",1.52893045884428e-07,1.44061643450354e-07,1.48477344667391e-07
"Humedal Córdoba","Santa Lucía",9.58047724634892e-08,2.00251270263435e-07,1.48028021363462e-07
"San Victorino","Mazurén",2.44132855833956e-07,5.03372771754639e-08,1.4723506650471e-07
"Avenida Cali","Socorro",1.86507932782567e-07,1.07678868552212e-07,1.4709340066739e-07
"Mazurén","Santa Isabel",1.17033954481663e-07,1.76724144402499e-07,1.46879049442081e-07
"Calle 161","Guatoque - Veraguas",8.49636110600448e-08,2.06773984524912e-07,1.45868797792478e-07
"Granja - cra 77","Consuelo",1.44669701565259e-07,1.46287688923898e-07,1.45478695244578e-07
"Toberín- Foundever","Marsella",1.0672028692386e-07,1.83403864051613e-07,1.45062075487736e-07
"Bicentenario","21 Ángeles",1.24437641829633e-07,1.65113733677729e-07,1.44775687753681e-07
"Puentelargo","Perdomo",2.34690468145254e-07,5.39796003437855e-08,1.4433503424452e-07
"La Despensa","Flores",2.22284757076865e-07,6.61456732127061e-08,1.44215215144786e-07
"Calle 100 - Marketmedios","Consuelo",1.70625409987329e-07,1.17182359499562e-07,1.43903884743446e-07
"Calle 187","Ciudad Universitaria- Lotería de Bogotá",2.3322295572325e-07,5.43285739132808e-08,1.43775764818266e-07
"Quirigua","Portal Tunal",2.04102666481824e-07,8.33747170490755e-08,1.4373869176545e-07
"Calle 100 - Marketmedios","Portal Tunal",1.89675315619026e-07,9.73645317728816e-08,1.43519923695954e-07
"Puentelargo","Biblioteca",2.25675131038712e-07,6.08099707461962e-08,1.43242550892454e-07
"Ferias","Molinos",2.21028146649746e-07,6.37392523879719e-08,1.42383699518859e-07
"Boyacá","Consuelo",2.21395789886724e-07,6.30949163468833e-08,1.42245353116803e-07
"Carrera 90","Portal Tunal",2.29835377031276e-07,5.40774814013629e-08,1.4195642921632e-07
"Niza - Calle 127","Quiroga",1.57270127686398e-07,1.26323867725501e-07,1.41796997705949e-07
"Carrera 90","Molinos",7.29964514322141e-08,2.10146520459741e-07,1.41571485945978e-07
"Las Nieves","La Campiña",2.40798019045192e-07,4.17255981389993e-08,1.41261808592095e-07
"Calle 142","Hortúa",1.53672227307469e-07,1.28410517553678e-07,1.41041372430573e-07
"Portal 80","Portal Tunal",1.53945201014488e-07,1.2623509048772e-07,1.40090145751104e-07
"Granja - cra 77","Molinos",1.11662110280088e-07,1.68511398075678e-07,1.40086754177883e-07
"Puentelargo","Portal Sur - JFK Coop. Financiera",1.86187061137752e-07,9.39263399900115e-08,1.40056700563882e-07
"Portal 20  de Julio","Portal 80",1.09972529136559e-07,1.69562771263706e-07,1.39767650200132e-07
"Calle 100 - Marketmedios","Molinos",1.44699959569181e-07,1.33604367414426e-07,1.39152163491803e-07
"Portal 80","León XIII",1.27321392194051e-07,1.50649188920901e-07,1.38985290557476e-07
"Portal Sur - JFK Coop. Financiera","Suba Calle 100",2.41963664294775e-07,3.48286522796549e-08,1.38396158287215e-07
"Portal 80","Biblioteca",1.73087948258974e-07,1.00439337478982e-07,1.36763642868978e-07
"Suba Calle 100","Consuelo",1.84901591069477e-07,8.84778453515943e-08,1.36689718210536e-07
"Mazurén","Tygua-San José",1.61961629079751e-07,1.10340154139755e-07,1.36150891609753e-07
"La Campiña","Avenida Jiménez",1.82105867288089e-07,8.64715426127115e-08,1.342887049504e-07
"Alcalá - Colegio S. Tomás Dominicos","NQS Calle 30 SUR",1.15332553759088e-07,1.52281266461349e-07,1.33806910110218e-07
"Pepe Sierra - Utel Universidad","Perdomo",6.23493806197612e-08,2.04939438712316e-07,1.33644409666039e-07
"Carrera 47","Danubio",2.02343901954975e-07,6.41972167837513e-08,1.33270559369363e-07
"Ciudad Jardín - UAN","Prado",2.05366176286803e-07,6.09554039949378e-08,1.3316079014087e-07
"Puentelargo","Consuelo",1.07003190201668e-07,1.58662006620805e-07,1.32832598411236e-07
"Rionegro","Danubio",1.08422465660392e-07,1.54449424379889e-07,1.31435945020141e-07
"Museo Del Oro","Calle 161",1.14904281883669e-07,1.47667125545836e-07,1.31285703714752e-07
"Prado","Fucha",1.70285104118489e-07,9.22720157161914e-08,1.3127855991734e-07
"Avenida Cali","Parque",2.22097374601465e-07,4.03045255580969e-08,1.31200950079781e-07
"Suba - Av. Boyacá","Restrepo",1.50650311447784e-07,1.11734563155652e-07,1.31192437301718e-07
"Portal Tunal","Suba Calle 100",2.29754812317067e-07,3.19945941769941e-08,1.3087470324703e-07
"Boyacá","Molinos",1.7457992392118e-07,8.51201585352325e-08,1.29850041228206e-07
"Humedal Córdoba","C.C Paseo Villa Del Rio - Madelena",1.95908428538002e-07,6.35336824320069e-08,1.29721055485004e-07
"La Campiña","NQS Calle 30 SUR",5.76531854534553e-08,2.01598054117982e-07,1.29625619785719e-07
"Av. Suba - Calle 116","Portal Sur - JFK Coop. Financiera",1.47212301970309e-07,1.1112183727009e-07,1.29167069620199e-07
"Movistar Arena","San Mateo",1.63775199575571e-07,9.42030784544388e-08,1.28989139015005e-07
"La Campiña","Tygua-San José",1.34904273394606e-07,1.22705063691064e-07,1.28804668542835e-07
"Portal Norte - Unicervantes ","Centro Memoria",2.12180386386011e-07,4.35463705123207e-08,1.27863378449166e-07
"Calle 161","Avenida Jiménez",1.15761823658578e-07,1.39055439241874e-07,1.27408631450226e-07
"Quirigua","Terreros - H. Cardiovascular",7.14997364516198e-08,1.82537312729597e-07,1.27018524590608e-07
"Alcalá - Colegio S. Tomás Dominicos","Cl38A sur - CENTRO MAYOR",7.70320904376505e-08,1.76815837758233e-07,1.26923964097942e-07
"Portal Suba","Santa Isabel",8.61624551779663e-08,1.67654008763539e-07,1.26908231970753e-07
"Prado","Restrepo",1.44436935051884e-07,1.08662366109893e-07,1.26549650580889e-07
"21 Ángeles","Nariño",6.1638643168345e-08,1.90929330691555e-07,1.2628398692995e-07
"NQS Calle 75","Portal Usme",9.26913240768621e-08,1.59575597453691e-07,1.26133460765277e-07
"Gratamira","Portal Américas",2.14346010249321e-07,3.66117365981738e-08,1.25478873423747e-07
"Calle 161","Santa Isabel",4.78784881820661e-08,2.0302739908945e-07,1.25452943635758e-07
"Escuela Militar","La Despensa",1.31568400539217e-07,1.18852164420211e-07,1.25210282479714e-07
"Granja - cra 77","León XIII",1.17228282962695e-07,1.32965193440256e-07,1.25096738201476e-07
"Av. Suba - Calle 116","Perdomo",1.81867205727342e-07,6.7829371424629e-08,1.24848288575986e-07
"Terminal","Concejo de Bogotá",7.80027259770426e-08,1.71095372205535e-07,1.24549049091289e-07
"Museo Del Oro","La Campiña",1.3882764053468e-07,1.10088969187356e-07,1.24458304861018e-07
"Avenida Cali","Molinos",8.83193929644658e-08,1.6049314579344e-07,1.24406269378953e-07
"Suba - Tv. 91","Portal Américas",2.0798504678617e-07,4.04272373658942e-08,1.24206142076032e-07
"Portal Norte - Unicervantes ","Calle 26 - Atrio",1.6463796441319e-07,8.29627028153805e-08,1.23800333614285e-07
"Rionegro","Bosa",1.32598214933142e-07,1.14879082110004e-07,1.23738648521573e-07
"Quirigua","Parque",1.70060722844458e-07,7.69054709866962e-08,1.23483096915577e-07
"Estación San Bernardo","Calle 142",1.7444954232355e-07,7.1375417525138e-08,1.22912479924344e-07
"Suba - Av. Boyacá","Venecia",1.33213051118297e-07,1.12501964686431e-07,1.22857507902364e-07
"Parque","Suba Calle 100",2.30287468471183e-07,1.44348666160224e-08,1.22361167543603e-07
"La Castellana","León XIII",4.36828643284223e-08,2.00654907417226e-07,1.22168885872824e-07
"Calle 161","Banderas",6.95611283088802e-08,1.73732182991507e-07,1.21646655650193e-07
"Policarpa","Alcalá - Colegio S. Tomás Dominicos",1.73464581790355e-07,6.85910418342477e-08,1.21027811812301e-07
"Carrera 90","León XIII",1.34028811170831e-07,1.07891350546628e-07,1.20960080858729e-07
"Mazurén","Transversal 86",1.17124525632552e-07,1.24676733731259e-07,1.20900629681906e-07
"Gratamira","Alquería",9.38237826944201e-08,1.46893519907012e-07,1.20358651300716e-07
"Mazurén","Biblioteca Tintal",8.5151197976249e-08,1.5537837814795e-07,1.20264788062099e-07
"Niza - Calle 127","C.C Paseo Villa Del Rio - Madelena",1.29810737640482e-07,1.10443709553385e-07,1.20127223596934e-07
"La Campiña","Universidades CityU",1.91018868423338e-07,4.75038443928181e-08,1.19261356408078e-07
"Calle 127","Perdomo",3.41361722451765e-08,2.0415414371357e-07,1.19145157979373e-07
"Policarpa","Gratamira",1.53519612868119e-07,8.41928154533945e-08,1.18856214160757e-07
"Portal 80","Parque",1.2718272823025e-07,1.10225007582219e-07,1.18703867906234e-07
"Suba - Av. Boyacá","Olaya",9.13752414938903e-08,1.44266986449403e-07,1.17821113971647e-07
"Country Sur","Humedal Córdoba",2.26663449472089e-07,6.87662118545197e-09,1.1677003532877e-07
"Terminal","Ciudad Universitaria- Lotería de Bogotá",1.21411845229033e-07,1.1114420781598e-07,1.16278026522506e-07
"Prado","Alquería",9.07230000662895e-08,1.41695505013563e-07,1.16209252539926e-07
"Carrera 90","Parque",1.9468529401703e-07,3.63063587174069e-08,1.15495826367219e-07
"Museo Nacional","San Mateo",2.25557408685771e-07,4.9217723115062e-09,1.15239590498638e-07
"Gratamira","Cl38A sur - CENTRO MAYOR",1.39836772186537e-07,8.98952633774375e-08,1.14866017781987e-07
"De La Sabana","Toberín- Foundever",8.32920184212477e-08,1.45046246409502e-07,1.14169132415375e-07
"Las Aguas - Centro Colombo Americano","Calle 161",1.44105252205589e-07,8.42213811312622e-08,1.14163316668426e-07
"Portal Norte - Unicervantes ","Distrito Grafiti",1.10877521055292e-07,1.17329808481197e-07,1.14103664768244e-07
"Calle 106","Santa Lucía",1.67648125071094e-07,5.82946107461311e-08,1.12971367908612e-07
"San Diego","Portal Suba",2.15229823740062e-07,1.0094980863792e-08,1.12662402301927e-07
"Quirigua","Consuelo",8.01981410479867e-08,1.44952334608375e-07,1.12575237828181e-07
"Calle 161","Biblioteca Tintal",4.61174762593076e-08,1.78939097746847e-07,1.12528287003077e-07
"Las Aguas - Centro Colombo Americano","Suba - Tv. 91",2.13196452795324e-07,1.09367431584163e-08,1.1206659797687e-07
"Las Aguas - Centro Colombo Americano","La Campiña",1.48932879324324e-07,7.5083875005071e-08,1.12008377164698e-07
"Calle 106","Portal Sur - JFK Coop. Financiera",6.9123382346171e-08,1.54531880855804e-07,1.11827631600988e-07
"Toberín- Foundever","Av Américas - Av. Boyacá",8.60377334832735e-08,1.37483359611712e-07,1.11760546547493e-07
"Minuto De Dios","La Despensa",1.80333127930264e-07,4.31286888208279e-08,1.11730908375546e-07
"San Diego","Toberín- Foundever",2.07554857594119e-07,1.58317361898552e-08,1.11693296891987e-07
"De La Sabana","Portal Suba",1.27820982444397e-07,9.53194940705547e-08,1.11570238257476e-07
"Puentelargo","Molinos",8.81200068356698e-08,1.34781593771947e-07,1.11450800303808e-07
"Las Nieves","Calle 161",1.87879257670234e-07,3.44153085955639e-08,1.11147283132899e-07
"Suba Calle 100","Molinos",1.5407911484148e-07,6.76612098011477e-08,1.10870162321314e-07
"Las Aguas - Centro Colombo Americano","Portal Suba",7.54538140976426e-08,1.43453358139023e-07,1.09453586118333e-07
"Minuto De Dios","Consuelo",1.81096901053148e-07,3.68174152279284e-08,1.08957158140538e-07
"Museo Del Oro","Suba - Tv. 91",1.95986775427695e-07,2.12319507934977e-08,1.08609363110596e-07
"Boyacá","La Despensa",1.66292099095766e-07,4.83608591525058e-08,1.07326479124136e-07
"Quirigua","Socorro",1.3204076527257e-07,8.10656567878037e-08,1.06553211030187e-07
"21 Ángeles","Hortúa",1.04449759247407e-07,1.08462841308569e-07,1.06456300277988e-07
"Mazurén","Hortúa",5.72021045031484e-08,1.55702827753061e-07,1.06452466128105e-07
"Av. Suba - Calle 116","Biblioteca",1.44632891088934e-07,6.75388168379889e-08,1.06085853963461e-07
"Calle 187","Distrito Grafiti",5.25218903944256e-08,1.59410242151811e-07,1.05966066273118e-07
"Calle 127","C.C Paseo Villa Del Rio - Madelena",6.71587138046315e-08,1.42266387299976e-07,1.04712550552304e-07
"Ciudad Jardín - UAN","Suba - Av. Boyacá",1.74433580174192e-07,3.37121754587706e-08,1.04072877816482e-07
"Portal Suba","Guatoque - Veraguas",1.17257823573005e-07,9.07021507026269e-08,1.03979987137816e-07
"Bicentenario","Calle 146",1.48251450646408e-07,5.84478066818708e-08,1.03349628664139e-07
"21 Ángeles","NQS Calle 30 SUR",9.897189462523e-08,1.07593308772137e-07,1.03282601698684e-07
"Avenida 68","La Despensa",1.70727068832158e-07,3.56957697643728e-08,1.03211419298265e-07
"Alcalá - Colegio S. Tomás Dominicos","Portal Américas",4.61510394318603e-08,1.59834569911953e-07,1.02992804671907e-07
"Alcalá - Colegio S. Tomás Dominicos","Nariño",1.37929525538312e-07,6.6352703210292e-08,1.02141114374302e-07
"Niza - Calle 127","Calle 40 Sur",1.15130302448649e-07,8.91262767792713e-08,1.0212828961396e-07
"Calle 161","Transversal 86",5.43499687726997e-08,1.49880147988159e-07,1.0211505838043e-07
"Puentelargo","Portal Tunal",1.44435929998778e-07,5.9399672990294e-08,1.01917801494536e-07
"Terminal","Quinta Paredes",1.76100174693916e-07,2.67424972362732e-08,1.01421335965094e-07
"Alcalá - Colegio S. Tomás Dominicos","General Santander",5.38159933097332e-08,1.4698538326304e-07,1.00400688286387e-07
"San Facon Carrera 22","Toberín- Foundever",1.16362264806163e-07,8.39784589946184e-08,1.00170361900391e-07
"Puente Aranda","Portal Norte - Unicervantes ",1.25371151478771e-07,7.35888877772333e-08,9.94800196280024e-08
"La Campiña","General Santander",3.82090732282477e-08,1.60743574817586e-07,9.94763240229168e-08
"Gratamira","General Santander",1.07398858211508e-07,8.99404018603118e-08,9.86696300359098e-08
"Carrera 47","La Despensa",1.59704681081313e-07,3.70961079948515e-08,9.84003945380824e-08
"Niza - Calle 127","Socorro",2.81097600649783e-08,1.65604520026022e-07,9.68571400455e-08
"San Victorino","La Campiña",1.3918932968458e-07,5.33450523558546e-08,9.62671910202172e-08
"Prado","Venecia",5.79143665950796e-08,1.33978330565765e-07,9.59463485804223e-08
"Av. Primero de Mayo","Prado",1.05884703219968e-07,8.58645954111851e-08,9.58746493155767e-08
"Museo Del Oro","Toberín- Foundever",6.44822587707257e-08,1.26062840875901e-07,9.52725498233134e-08
"La Despensa","Calle 76",1.18880450211378e-07,7.13157678383968e-08,9.50981090248874e-08
"Calle 187","Concejo de Bogotá",1.50128797948488e-07,3.98498661400638e-08,9.49893320442761e-08
"Minuto De Dios","Molinos",1.41469087469282e-07,4.82144737336813e-08,9.48417806014814e-08
"Toberín- Foundever","Biblioteca Tintal",2.91289494296997e-08,1.58947223459466e-07,9.40380864445828e-08
"Calle 127","Calle 40 Sur",1.12685620749789e-07,7.47398242923439e-08,9.37127225210663e-08
"21 Ángeles","Portal Américas",1.60631544397903e-07,2.66418655929793e-08,9.36367049954409e-08
"Ferias","La Despensa",1.63272146793321e-07,2.33627610714364e-08,9.33174539323788e-08
"Museo Nacional","Portal Norte - Unicervantes ",1.48901825036609e-07,3.62661416618064e-08,9.25839833492076e-08
"Quirigua","Molinos",6.0459907049403e-08,1.24408340665121e-07,9.24341238572619e-08
"Terminal","Corferias",1.42828561133516e-07,4.14145189497058e-08,9.21215400416106e-08
"Portal 80","Socorro",9.69325962290381e-08,8.66636624597347e-08,9.17981293443864e-08
"Avenida Chile","Terreros - H. Cardiovascular",8.89082187854431e-08,9.3978139847198e-08,9.14431793163205e-08
"Carrera 53","La Despensa",1.72850440794428e-07,9.96580973715345e-09,9.14081252657906e-08
"Av. Suba - Calle 116","Consuelo",6.59804490587852e-08,1.16228310178384e-07,9.11043796185846e-08
"Terminal","Calle 26 - Atrio",3.41794917727962e-08,1.46732840401732e-07,9.04561660872643e-08
"San Martín","La Despensa",9.67226626810902e-08,7.9370601250064e-08,8.80466319655771e-08
"Portal Norte - Unicervantes ","Ricaurte",4.2860654139627e-08,1.32466853869202e-07,8.76637540044145e-08
"Escuela Militar","Portal Usme",4.76298532360229e-08,1.25465406807933e-07,8.65476300219779e-08
"Calle 146","Hortúa",9.07930581212149e-08,8.12123539695768e-08,8.60027060453958e-08
"Calle 142","NQS Calle 30 SUR",7.2742087576108e-08,9.80797816834391e-08,8.54109346297735e-08
"Suba - Tv. 91","NQS Calle 30 SUR",6.98161624241314e-08,1.00733826495202e-07,8.52749944596668e-08
"Av. Suba - Calle 116","Molinos",5.37891641790417e-08,1.1660937479261e-07,8.5199269485826e-08
"Puentelargo","Parque",1.41674426258167e-07,2.84889085220354e-08,8.50816673901011e-08
"Calle 142","Cl38A sur - CENTRO MAYOR",4.8883077149257e-08,1.17715113364009e-07,8.32990952566332e-08
"7 de Agosto","San Mateo",1.03378072497183e-07,6.30969205539517e-08,8.32374965255673e-08
"San Mateo","Calle 57",6.07025377935762e-08,1.05686477916894e-07,8.3194507855235e-08
"Carrera 53","Danubio",1.54000471808999e-07,1.16916432370245e-08,8.28460575230115e-08
"Calle 161","Mandalay",9.16634081679571e-08,7.30380765432346e-08,8.23507423555958e-08
"Av. Suba - Calle 116","Portal Tunal",9.57084251782282e-08,6.8669039956357e-08,8.21887325672926e-08
"Toberín- Foundever","Universidades CityU",1.08624251131001e-07,5.54054001584837e-08,8.20148256447425e-08
"Toberín- Foundever","Banderas",4.2581362985601e-08,1.20715388920804e-07,8.16483759532026e-08
"Portal 80","Consuelo",5.86605287889555e-08,1.04416279354413e-07,8.15384040716841e-08
"Pepe Sierra - Utel Universidad","Portal Sur - JFK Coop. Financiera",4.86897748407564e-08,1.12484850143922e-07,8.05873124923392e-08
"Terminal","Av. Eldorado",1.25458180484976e-07,3.51955484549544e-08,8.03268644699651e-08
"Suba - Av. Boyacá","Sevillana",9.84636039338027e-08,6.15906797519473e-08,8.0027141842875e-08
"Gratamira","Fucha",8.49546645773753e-08,7.48437936594944e-08,7.98992291184348e-08
"La Castellana","La Despensa",8.12697057448742e-08,7.65415066555515e-08,7.89056062002128e-08
"Portal 80","Molinos",4.40646507425247e-08,1.13704794614659e-07,7.88847226785916e-08
"Humedal Córdoba","Biblioteca",7.0635597906985e-08,8.66610597107397e-08,7.86483288088623e-08
"Calle 106","Biblioteca",1.1490262027903e-07,3.85341089208307e-08,7.67183645999304e-08
"Héroes - Colmena Seguros","Portal Usme",6.67806098415008e-08,8.42067589050615e-08,7.54936843732811e-08
"Policarpa","Calle 142",1.06444008859835e-07,4.42943465170958e-08,7.53691776884653e-08
"Las Aguas - Centro Colombo Americano","Toberín- Foundever",8.08643177585215e-08,6.79452573647286e-08,7.44047875616251e-08
"Puente Aranda","Calle 187",5.86984072309117e-08,8.93136187235241e-08,7.40060129772179e-08
"Portal Norte - Unicervantes ","Pradera - Plaza Central",8.08770872239145e-08,6.58733557925631e-08,7.33752215082388e-08
"Prado","Sevillana",4.02095713095099e-08,1.06121007443821e-07,7.31652893766653e-08
"Avenida 68","Danubio",1.10313812516538e-07,3.50110273750181e-08,7.2662419945778e-08
"Gratamira","Venecia",7.02568887952246e-08,7.39360790990279e-08,7.20964839471263e-08
"Toberín- Foundever","Comuneros",4.03153078072348e-08,1.02904956482607e-07,7.16101321449208e-08
"Calle 187","Paloquemao",4.05356604130546e-08,1.01917657191522e-07,7.12266588022881e-08
"Calle 187","Ricaurte",1.97173972618492e-08,1.21956288353244e-07,7.08368428075466e-08
"Country Sur","Niza - Calle 127",1.27731715861401e-07,1.29402143118811e-08,7.03359650866409e-08
"Toberín- Foundever","Transversal 86",3.37298085021465e-08,1.0607896163066e-07,6.99043850664033e-08
"Carrera 43 - Comapan","Portal Norte - Unicervantes ",1.07221541151504e-07,3.0442092238941e-08,6.88318166952223e-08
"Estación San Bernardo","Calle 146",1.02871081415475e-07,3.41958136634557e-08,6.85334475394654e-08
"Calle 142","Portal Américas",2.92515407782927e-08,1.07296137975715e-07,6.82738393770039e-08
"Escuela Militar","Terreros - H. Cardiovascular",3.18023450522712e-08,1.04119118286388e-07,6.79607316693297e-08
"Pepe Sierra - Utel Universidad","Santa Lucía",1.0930919342584e-07,2.6172956113917e-08,6.77410747698784e-08
"León XIII","Flores",1.18858478052767e-07,1.62871608512996e-08,6.75728194520334e-08
"21 Ángeles","Alquería",5.3801541654572e-08,8.09832273918767e-08,6.73923845232244e-08
"Portal 20  de Julio","Humedal Córdoba",1.27637384633471e-07,7.1254897196655e-09,6.73814371765683e-08
"Calle 187","Calle 26 - Atrio",6.59236002404487e-08,6.69992512488808e-08,6.64614257446647e-08
"Portal Norte - Unicervantes ","Calle 22",8.88693853707244e-08,4.38651113789846e-08,6.63672483748545e-08
"Toberín- Foundever","Avenida Jiménez",6.50527506759353e-08,6.58412280617424e-08,6.54469893688388e-08
"Calle 142","General Santander",3.43936662672105e-08,9.63558711301791e-08,6.53747686986948e-08
"Las Nieves","Portal Suba",1.23261260064408e-07,7.03872822713798e-09,6.51499941457729e-08
"Bicentenario","Mazurén",9.32227307782644e-08,3.7067601691029e-08,6.51451662346467e-08
"Portal Suba","Avenida Jiménez",9.44285969074305e-08,3.56161986691712e-08,6.50223977883008e-08
"Portal Norte - Unicervantes ","Comuneros",1.56297645652238e-08,1.14351076514669e-07,6.49904205399465e-08
"Bicentenario","La Campiña",5.39725113127346e-08,7.3504603073561e-08,6.37385571931478e-08
"Av. Primero de Mayo","Suba - Av. Boyacá",9.43818096976135e-08,3.29329597066186e-08,6.36573847021161e-08
"Polo - FINCOMERCIO","La Despensa",1.10192530969679e-07,1.67929379298859e-08,6.34927344497822e-08
"Terminal","Centro Memoria",5.02354960018124e-08,7.66194077274171e-08,6.34274518646148e-08
"Carrera 90","Terreros - H. Cardiovascular",6.41552689092364e-08,6.22935645843737e-08,6.3224416746805e-08
"San Victorino","Calle 161",9.81997010830672e-08,2.7585863784158e-08,6.28927824336126e-08
"Suba - Av. Boyacá","C.C Paseo Villa Del Rio - Madelena",6.26540774427782e-08,6.30543448428429e-08,6.28542111428105e-08
"Av. Suba - Calle 116","Parque",9.21250056084564e-08,3.29013844412501e-08,6.25131950248532e-08
"Calle 142","Nariño",8.49133254764993e-08,3.98487482642012e-08,6.23810368703502e-08
"Humedal Córdoba","Perdomo",1.05862900553547e-07,1.8844211763172e-08,6.23535561583596e-08
"Zona Industrial","Portal Norte - Unicervantes ",9.1720934012893e-08,3.27660967228785e-08,6.22435153678857e-08
"Héroes - Colmena Seguros","La Despensa",7.929261662162e-08,4.48275555670968e-08,6.20600860943584e-08
"Calle 100 - Marketmedios","Danubio",5.0764374058733e-08,7.32182793553944e-08,6.19913267070637e-08
"Alcalá - Colegio S. Tomás Dominicos","Fucha",7.68152904162916e-08,4.69259204661363e-08,6.18706054412139e-08
"Terreros - H. Cardiovascular","Flores",5.30891547844305e-08,7.06068172633957e-08,6.18479860239131e-08
"La Campiña","Sevillana",2.43870618227024e-08,9.88008817850386e-08,6.15939718038705e-08
"Toberín- Foundever","Guatoque - Veraguas",4.80600208612105e-08,7.50613509478022e-08,6.15606859045064e-08
"Minuto De Dios","León XIII",1.00326458507814e-07,2.26837827194474e-08,6.15051206136309e-08
"Calle 161","Tygua-San José",6.54561271434526e-08,5.7455096459646e-08,6.14556118015493e-08
"Prado","Quiroga",4.75877471254157e-08,7.43615036163462e-08,6.09746253708809e-08
"NQS Calle 75","Terreros - H. Cardiovascular",5.31665779179013e-08,6.77795484313641e-08,6.04730631746327e-08
"Humedal Córdoba","Portal Tunal",4.81301319811828e-08,7.22251986745951e-08,6.01776653278889e-08
"Gratamira","Restrepo",7.42500468020063e-08,4.60679910265133e-08,6.01590189142598e-08
"Calle 85 - Gato Dumas","La Despensa",6.42982244518325e-08,5.60136623173957e-08,6.01559433846141e-08
"Alcalá - Colegio S. Tomás Dominicos","Restrepo",6.52463137219417e-08,5.48802445388212e-08,6.00632791303815e-08
"La Campiña","Alquería",3.58838660352918e-08,8.41406035818867e-08,6.00122348085893e-08
"Ciudad Jardín - UAN","Alcalá - Colegio S. Tomás Dominicos",9.19678955794218e-08,2.77212517648863e-08,5.9844573672154e-08
"Alcalá - Colegio S. Tomás Dominicos","Alquería",4.33772791695422e-08,7.60223313871664e-08,5.96998052783543e-08
"Suba - Tv. 91","Nariño",3.85070089522701e-08,8.0396440445486e-08,5.9451724698878e-08
"La Campiña","Venecia",3.06785427184006e-08,8.80816653833885e-08,5.93801040508946e-08
"Calle 187","Centro Memoria",9.68159779831588e-08,2.18747877152478e-08,5.93453828492033e-08
"Prado","Olaya",7.9913187252462e-08,3.86946412915911e-08,5.93039142720265e-08
"Las Nieves","Toberín- Foundever",1.05461279323985e-07,1.27341510592377e-08,5.90977151916113e-08
"Calle 106","Parque",7.02907366574434e-08,4.62778122007718e-08,5.82842744291076e-08
"Avenida Cali","Terreros - H. Cardiovascular",5.64733798207904e-08,5.86329593457923e-08,5.75531695832913e-08
"Portal Suba","Universidades CityU",9.64874676466681e-08,1.83327541227872e-08,5.74101108847277e-08
"Suba - Tv. 91","Hortúa",6.42741295261108e-08,5.02290816514661e-08,5.72516055887885e-08
"Terreros - H. Cardiovascular","Calle 76",2.84067969307825e-08,8.60913352972265e-08,5.72490661140045e-08
"Suba - Av. Boyacá","Quiroga",6.03564060109315e-08,5.31235496764344e-08,5.67399778436829e-08
"Suba - Tv. 91","Alquería",4.09942402148593e-08,7.20473419751881e-08,5.65207910950237e-08
"Avenida Cali","Danubio",2.71136240088585e-08,8.59246375586862e-08,5.65191307837723e-08
"Portal 20  de Julio","Prado",3.24182935373777e-08,8.04673973412829e-08,5.64428454393303e-08
"21 Ángeles","Cl38A sur - CENTRO MAYOR",7.49048994597049e-08,3.77198273283669e-08,5.63123633940359e-08
"Suba - Calle 95","Bosa",8.59117788922858e-08,2.60412445559583e-08,5.59765117241221e-08
"Ciudad Jardín - UAN","Gratamira",8.53497295964324e-08,2.64549671452972e-08,5.59023483708648e-08
"CDS Carrera 32","Portal Norte - Unicervantes ",7.06482316997697e-08,4.10591259884923e-08,5.5853678844131e-08
"21 Ángeles","Fucha",3.86813561677405e-08,7.29539789232089e-08,5.58176675454747e-08
"Boyacá","León XIII",9.18790257462523e-08,1.97320098973336e-08,5.58055178217929e-08
"Calle 187","Pradera - Plaza Central",3.87780683980407e-08,7.27633386626825e-08,5.57707035303616e-08
"Boyacá","Terreros - H. Cardiovascular",4.23778321244883e-08,6.81324474411315e-08,5.52551397828099e-08
"San Martín","Portal Usme",3.9218957926036e-08,7.11908378518309e-08,5.52048978889334e-08
"Rionegro","La Despensa",5.98805492553367e-08,5.0437081595839e-08,5.51588154255878e-08
"Avenida 68","León XIII",9.30821034299407e-08,1.66449132735594e-08,5.486350835175e-08
"Carrera 47","León XIII",8.62395545029813e-08,2.346972277002e-08,5.48546386365007e-08
"Carrera 47","San Mateo",1.9637919848399e-08,8.90524310205629e-08,5.4345175434481e-08
"Country Sur","Prado",4.877060821953e-08,5.97348897380095e-08,5.42527489787697e-08
"Calle 106","Socorro",8.57405324408557e-08,2.17575512234062e-08,5.3749041832131e-08
"Humedal Córdoba","Portal Sur - JFK Coop. Financiera",8.74653048035679e-08,1.9847827049907e-08,5.36565659267375e-08
"Minuto De Dios","San Mateo",2.42033484652256e-08,8.29876058603911e-08,5.35954771628084e-08
"Estación San Bernardo","21 Ángeles",8.93197634612715e-08,1.73751737106453e-08,5.33474685859584e-08
"Minuto De Dios","Terreros - H. Cardiovascular",4.66233262344654e-08,5.99652809717876e-08,5.32943036031265e-08
"Estación San Bernardo","La Campiña",3.92718066623468e-08,6.61753791646827e-08,5.27235929135147e-08
"Toberín- Foundever","Santa Isabel",2.72126818734956e-08,7.80319967522032e-08,5.26223393128494e-08
"Terminal","Calle 22",1.84544381389381e-08,8.62077751415754e-08,5.23311066402568e-08
"Granja - cra 77","Danubio",3.45007018279826e-08,6.89341581988089e-08,5.17174300133957e-08
"21 Ángeles","General Santander",5.96775386951002e-08,4.37201889106493e-08,5.16988638028748e-08
"Carrera 53","León XIII",9.37582947547909e-08,8.16332250262977e-09,5.09608086287103e-08
"Carrera 90","Danubio",2.22470194927827e-08,7.93242187516469e-08,5.07856191222148e-08
"Virrey - Cendiatra","La Despensa",4.42548344822357e-08,5.69180161985349e-08,5.05864253403853e-08
"Alcalá - Colegio S. Tomás Dominicos","Venecia",2.81908986322654e-08,7.28690800196901e-08,5.05299893259777e-08
"Gratamira","Olaya",4.52583093655357e-08,5.4836951841515e-08,5.00476306035254e-08
"Calle 127","Portal Sur - JFK Coop. Financiera",2.69899333236402e-08,7.27315522252982e-08,4.98607427744692e-08
"Niza - Calle 127","Santa Lucía",5.67280468537736e-08,4.27575849251439e-08,4.97428158894587e-08
"Toberín- Foundever","Mandalay",5.57124808546948e-08,4.29746765477152e-08,4.9343578701205e-08
"Ferias","León XIII",8.97052456772634e-08,8.23870356624798e-09,4.89719746217557e-08
"Calle 106","Portal Tunal",6.92504824678227e-08,2.86821067996008e-08,4.89662946337118e-08
"Humedal Córdoba","Socorro",4.76246533794237e-08,4.99628949336966e-08,4.87937741565602e-08
"Puente Aranda","Terminal",3.09906345631565e-08,6.58743566791753e-08,4.84324956211659e-08
"Niza - Calle 127","Portal Sur - JFK Coop. Financiera",5.99531087408298e-08,3.67329966138305e-08,4.83430526773301e-08
"Calle 85 - Gato Dumas","Portal Usme",4.84696061381119e-08,4.81350836868316e-08,4.83023449124717e-08
"Escuela Militar","León XIII",7.08393275104851e-08,2.52672694286338e-08,4.80532984695594e-08
"Gratamira","Sevillana",5.23882155539441e-08,4.28916993298938e-08,4.7639957441919e-08
"Suba - Calle 95","Danubio",6.42934061909598e-08,3.05525434028962e-08,4.7422974796928e-08
"Puentelargo","Bosa",6.49421978264086e-08,2.98699011158709e-08,4.74060494711397e-08
"San Diego","Portal Norte - Unicervantes ",7.90077158427577e-08,1.55030311572203e-08,4.7255373499989e-08
"Calle 146","NQS Calle 30 SUR",4.38221322024213e-08,4.93251071104275e-08,4.65736196564244e-08
"Calle 106","Consuelo",5.90653522076797e-08,3.40288470114675e-08,4.65470996095736e-08
"Niza - Calle 127","Perdomo",7.15311218189869e-08,2.09105012830076e-08,4.62208115509973e-08
"Polo - FINCOMERCIO","Portal Usme",6.56130186868107e-08,2.6639847891921e-08,4.61264332893659e-08
"Portal Suba","Tygua-San José",7.12613149276071e-08,2.07516984739799e-08,4.60065067007935e-08
"Bosa","Suba Calle 100",8.1172329091923e-08,1.06526908070146e-08,4.59125099494688e-08
"Pepe Sierra - Utel Universidad","Biblioteca",7.5293688895803e-08,1.61734526978657e-08,4.57335707968343e-08
"Avenida 68","Terreros - H. Cardiovascular",4.23241386532863e-08,4.86926552763534e-08,4.55083969648199e-08
"Carrera 43 - Comapan","Calle 187",4.99081072421048e-08,4.02993948103983e-08,4.51037510262516e-08
"Estación San Bernardo","Suba - Tv. 91",6.92422665910163e-08,2.07264719649082e-08,4.49843692779623e-08
"Av. Suba - Calle 116","Bosa",5.32414937847761e-08,3.6711704001254e-08,4.49765988930151e-08
"Calle 146","Portal Américas",1.96133928635435e-08,6.99653050778841e-08,4.47893489707138e-08
"Prado","Perdomo",1.31777963979913e-08,7.63321338740239e-08,4.47549651360076e-08
"Granja - cra 77","San Mateo",2.88470599203523e-08,5.97680887894143e-08,4.43075743548833e-08
"Suba - Tv. 91","Cl38A sur - CENTRO MAYOR",5.42476862966132e-08,3.43305496496689e-08,4.4289117973141e-08
"Calle 146","Cl38A sur - CENTRO MAYOR",2.95904210124383e-08,5.7892916453001e-08,4.37416687327196e-08
"Ferias","Danubio",7.05294638941676e-08,1.67352172469831e-08,4.36323405705754e-08
"Quirigua","Danubio",1.83212999140489e-08,6.89427175364299e-08,4.36320087252394e-08
"Calle 106","Molinos",4.97549438579846e-08,3.74569395919222e-08,4.36059417249534e-08
"Av. Primero de Mayo","Alcalá - Colegio S. Tomás Dominicos",4.74828148358916e-08,3.94530444295795e-08,4.34679296327356e-08
"21 Ángeles","Venecia",4.2684882945346e-08,4.3923983252015e-08,4.33044330986805e-08
"Portal Suba","Cl38A sur - CENTRO MAYOR",2.6376372479937e-08,5.90938827361041e-08,4.27351276080205e-08
"Policarpa","Calle 146",6.27948344005505e-08,2.12141213537089e-08,4.20044778771297e-08
"León XIII","Calle 76",6.36094690876359e-08,2.02083623481911e-08,4.19089157179135e-08
"Suba - Tv. 91","General Santander",4.44277586201744e-08,3.91008147253776e-08,4.1764286672776e-08
"Policarpa","21 Ángeles",6.52741343533604e-08,1.82514697912479e-08,4.17628020723042e-08
"Carrera 47","Terreros - H. Cardiovascular",3.88266612039759e-08,4.46514335245457e-08,4.17390473642608e-08
"Terminal","CAD",5.04664115147343e-08,3.28353551343521e-08,4.16508833245432e-08
"Terminal","Pradera - Plaza Central",2.08019913251579e-08,6.24961751078589e-08,4.16490832165084e-08
"Portal 20  de Julio","Niza - Calle 127",7.16247886094228e-08,1.13730822450914e-08,4.14989354272571e-08
"Rionegro","Portal Usme",2.33294259775352e-08,5.95115372855555e-08,4.14204816315454e-08
"Zona Industrial","Calle 187",4.24983780812931e-08,4.02508821793379e-08,4.13746301303155e-08
"Policarpa","La Campiña",2.92744714826082e-08,5.34619182554093e-08,4.13681948690088e-08
"Suba - Av. Boyacá","Socorro",1.10831203948664e-08,6.96117714914672e-08,4.03474459431668e-08
"Boyacá","Danubio",5.51736868599409e-08,2.51668683941001e-08,4.01702776270205e-08
"Calle 106","Bosa",2.32007529658459e-08,5.69590349607259e-08,4.00798939632859e-08
"Suba - Av. Boyacá","Calle 40 Sur",4.50940924750107e-08,3.48895541323927e-08,3.99918233037017e-08
"Portal Norte - Unicervantes ","Santa Isabel",1.05727104336095e-08,6.89700316121772e-08,3.97713710228933e-08
"San Victorino","Portal Suba",7.17775400166363e-08,7.37620427357615e-09,3.95768721451062e-08
"21 Ángeles","Olaya",2.14711232029418e-08,5.70828811776349e-08,3.92770021902884e-08
"Avenida 68","San Mateo",2.15837868140375e-08,5.55175446273785e-08,3.8550665720708e-08
"Héroes - Colmena Seguros","Terreros - H. Cardiovascular",1.89808966182627e-08,5.80782692357412e-08,3.8529582927002e-08
"Calle 142","Alquería",2.79072044988539e-08,4.89166441855866e-08,3.84119243422203e-08
"Bicentenario","Calle 161",4.27250307613081e-08,3.3766413407097e-08,3.82457220842025e-08
"Alcalá - Colegio S. Tomás Dominicos","Sevillana",1.97371010974329e-08,5.66993545163433e-08,3.82182278068881e-08
"Calle 127","Santa Lucía",5.35769165459214e-08,2.27851275017524e-08,3.81810220238369e-08
"21 Ángeles","Restrepo",3.41304063389627e-08,4.20264429441224e-08,3.80784246415426e-08
"Estación San Bernardo","Mazurén",6.47006696725036e-08,1.13917548706696e-08,3.80462122715866e-08
"Gratamira","C.C Paseo Villa Del Rio - Madelena",3.40399392763581e-08,4.17433896144365e-08,3.78916644453973e-08
"Calle 142","Fucha",4.74189219242653e-08,2.81565367180438e-08,3.77877293211545e-08
"Boyacá","San Mateo",2.18654476292079e-08,5.36326498549272e-08,3.77490487420676e-08
"Portal Norte - Unicervantes ","Marsella",4.47408308841577e-08,3.05847461189328e-08,3.76627885015452e-08
"CDS Carrera 32","Calle 187",3.25397112048734e-08,4.22367272430375e-08,3.73882192239555e-08
"Ciudad Jardín - UAN","Calle 142",5.64815181640673e-08,1.80748528160668e-08,3.7278185490067e-08
"Suba - Tv. 91","Venecia",3.39254885687331e-08,3.99817766075878e-08,3.69536325881605e-08
"Calle 146","Nariño",5.0212595962456e-08,2.32087714667518e-08,3.67106837146039e-08
"Calle 142","Restrepo",4.03173168080563e-08,3.29038552920411e-08,3.66105860500487e-08
"Portal 80","San Mateo",3.35029522605474e-08,3.97015179931478e-08,3.66022351268476e-08
"Humedal Córdoba","Parque",4.55740138709327e-08,2.74904914170214e-08,3.6532252643977e-08
"Ferias","Terreros - H. Cardiovascular",4.11247326726695e-08,3.14387231299419e-08,3.62817279013057e-08
"Av. Primero de Mayo","Gratamira",4.62529898649479e-08,2.48623097537457e-08,3.55576498093468e-08
"Calle 187","Calle 22",3.55897374301065e-08,3.43334370825489e-08,3.49615872563277e-08
"Calle 85 - Gato Dumas","León XIII",3.44678628835227e-08,3.50994516464567e-08,3.47836572649897e-08
"Calle 146","General Santander",2.09363210984017e-08,4.85999577572025e-08,3.47681394278021e-08
"Pepe Sierra - Utel Universidad","Socorro",5.5777505889301e-08,1.31778034293576e-08,3.44776546593293e-08
"Quirigua","San Mateo",3.83394796296119e-08,3.02840225787291e-08,3.43117511041705e-08
"Portal Norte - Unicervantes ","Guatoque - Veraguas",1.85309198674166e-08,4.99868555576055e-08,3.42588877125111e-08
"Mazurén","Nariño",3.16597659063851e-08,3.66156941023107e-08,3.41377300043479e-08
"Prado","C.C Paseo Villa Del Rio - Madelena",2.22674394375168e-08,4.47326182797445e-08,3.35000288586307e-08
"Terminal","Distrito Grafiti",2.79466296072355e-08,3.90510800043204e-08,3.3498854805778e-08
"La Campiña","Hortúa",4.81572210719823e-08,1.84747480093711e-08,3.33159845406767e-08
"Calle 142","Venecia",1.83719935923389e-08,4.76872880201266e-08,3.30296408062327e-08
"Virrey - Cendiatra","León XIII",2.37596689624394e-08,4.22745513356116e-08,3.30171101490255e-08
"Suba Calle 100","Danubio",5.25357420909057e-08,1.28959376683975e-08,3.27158398796516e-08
"Avenida Chile","San Mateo",4.47532495398743e-08,2.04758691134872e-08,3.26145593266807e-08
"Portal Suba","General Santander",2.2417084179559e-08,4.25935454430126e-08,3.25053148112858e-08
"San Victorino","Toberín- Foundever",5.51407994571538e-08,9.83871543383776e-09,3.24897574454958e-08
"Museo Nacional","Calle 187",5.96230987477654e-08,5.34374527692537e-09,3.24834220123454e-08
"Pepe Sierra - Utel Universidad","Parque",4.62339017641638e-08,1.87204689936953e-08,3.24771853789295e-08
"Portal Suba","NQS Calle 30 SUR",3.27820585423874e-08,3.16879069734877e-08,3.22349827579375e-08
"Polo - FINCOMERCIO","León XIII",5.91156689330276e-08,5.33092305158054e-09,3.22232959923041e-08
"Calle 85 - Gato Dumas","Terreros - H. Cardiovascular",1.54125597340729e-08,4.87505450209897e-08,3.20815523775313e-08
"Pepe Sierra - Utel Universidad","Consuelo",3.82969980551935e-08,2.49139929832037e-08,3.16054955191986e-08
"Calle 187","Marsella",2.19523037096959e-08,4.12571593359778e-08,3.16047315228368e-08
"La Campiña","C.C Paseo Villa Del Rio - Madelena",1.82454451362633e-08,4.47814649885797e-08,3.15134550624215e-08
"Terminal","Universidades CityU",9.77706401480317e-09,5.19190994190566e-08,3.08480817169299e-08
"Portal Norte - Unicervantes ","Av Américas - Av. Boyacá",3.6422594737863e-08,2.52594709236289e-08,3.0841032830746e-08
"San Martín","León XIII",5.20522752513518e-08,8.69793959770781e-09,3.03751074245298e-08
"Alcalá - Colegio S. Tomás Dominicos","Quiroga",2.17487733928179e-08,3.84059834706277e-08,3.00773784317228e-08
"Portal 80","Danubio",1.33217415554404e-08,4.66960618113436e-08,3.0008901683392e-08
"Minuto De Dios","Danubio",4.42462781355282e-08,1.55435897771979e-08,2.9894933956363e-08
"Zona Industrial","Terminal",2.22823379331546e-08,3.72032785300431e-08,2.97428082315989e-08
"Pepe Sierra - Utel Universidad","Bosa",1.65680843571545e-08,4.2224525172893e-08,2.93963047650237e-08
"Pepe Sierra - Utel Universidad","Portal Tunal",4.58053109340299e-08,1.2603108853236e-08,2.9204209893633e-08
"Virrey - Cendiatra","Portal Usme",2.79931185403698e-08,3.02924936614068e-08,2.91428061008883e-08
"Niza - Calle 127","Biblioteca",4.23106971522641e-08,1.55275539038405e-08,2.89191255280523e-08
"Suba - Tv. 91","Fucha",2.47662803816503e-08,3.2996896350752e-08,2.88815883662012e-08
"Toberín- Foundever","Tygua-San José",3.68828434448962e-08,2.07525392593066e-08,2.88176913521014e-08
"Carrera 47","Portal Usme",4.19221946219875e-08,1.52097424118792e-08,2.85659685169334e-08
"Héroes - Colmena Seguros","León XIII",4.24733251323125e-08,1.46359772173688e-08,2.85546511748407e-08
"Portal Norte - Unicervantes ","Universidades CityU",4.13406326088727e-08,1.54623101349752e-08,2.84014713719239e-08
"Pepe Sierra - Utel Universidad","Molinos",3.21795574284104e-08,2.45551294556203e-08,2.83673434420154e-08
"21 Ángeles","Sevillana",3.27205901095848e-08,2.38410636400326e-08,2.82808268748087e-08
"Alcalá - Colegio S. Tomás Dominicos","Olaya",3.62788666084285e-08,1.98896341832022e-08,2.80842503958153e-08
"Gratamira","Quiroga",3.00916256039738e-08,2.60104291977097e-08,2.80510274008418e-08
"Policarpa","Suba - Tv. 91",3.95036400617257e-08,1.62341435124739e-08,2.78688917870998e-08
"Calle 100 - Marketmedios","La Despensa",2.3439998890322e-08,3.18414025248976e-08,2.76407007076098e-08
"Av. Primero de Mayo","Calle 142",2.91899056939834e-08,2.56569778873494e-08,2.74234417906664e-08
"Mazurén","NQS Calle 30 SUR",2.80742444339516e-08,2.65279088637492e-08,2.73010766488504e-08
"San Facon Carrera 22","Portal Norte - Unicervantes ",4.46158509225737e-08,9.97749803682023e-09,2.72966744796969e-08
"La Castellana","Portal Usme",3.93351268645434e-08,1.52225048247398e-08,2.72788158446416e-08
"Portal Norte - Unicervantes ","Transversal 86",1.50373975967991e-08,3.90425620827925e-08,2.70399798397958e-08
"Carrera 53","Terreros - H. Cardiovascular",4.24044593431889e-08,1.15319874396822e-08,2.69682233914355e-08
"Puentelargo","Danubio",2.952146973486e-08,2.43736633050021e-08,2.6947566519931e-08
"Mazurén","Restrepo",1.51118715838372e-08,3.87507541244954e-08,2.69313128541663e-08
"Suba - Av. Boyacá","Portal Sur - JFK Coop. Financiera",3.07570222725686e-08,2.2501480160405e-08,2.66292512164868e-08
"Prado","Calle 40 Sur",3.2625279502277e-08,2.04028349134913e-08,2.65140572078841e-08
"Carrera 43 - Comapan","Terminal",2.62473020477284e-08,2.66389580910744e-08,2.64431300694014e-08
"De La Sabana","Portal Norte - Unicervantes ",3.18102837327516e-08,2.04584295323842e-08,2.61343566325679e-08
"Calle 127","Biblioteca",3.72015994497333e-08,1.48275042989808e-08,2.60145518743571e-08
"Country Sur","Suba - Av. Boyacá",4.62619489319089e-08,5.76242436571749e-09,2.60121866488132e-08
"Calle 142","Sevillana",1.29410902574441e-08,3.80871227564772e-08,2.55141065069607e-08
"21 Ángeles","C.C Paseo Villa Del Rio - Madelena",2.26126193003029e-08,2.81622767872213e-08,2.53874480437621e-08
"Calle 187","Av Américas - Av. Boyacá",1.80148990245105e-08,3.25392543894361e-08,2.52770767069733e-08
"Alcalá - Colegio S. Tomás Dominicos","Perdomo",6.70035575118069e-09,4.34623713429648e-08,2.50813635470728e-08
"San Mateo","Flores",2.66545362128801e-08,2.34847192183596e-08,2.50696277156198e-08
"Suba - Calle 95","La Despensa",3.8969672748274e-08,1.08911838066693e-08,2.49304282774717e-08
"Suba - Tv. 91","Sevillana",2.65390267653607e-08,2.30305184225274e-08,2.4784772593944e-08
"Bicentenario","Portal Suba",3.64703152264587e-08,1.28700929256476e-08,2.46702040760531e-08
"Portal 20  de Julio","Alcalá - Colegio S. Tomás Dominicos",1.45372920352576e-08,3.44434216653367e-08,2.44903568502972e-08
"Las Nieves","Portal Norte - Unicervantes ",4.01628316959837e-08,8.74072603701131e-09,2.44517788664975e-08
"Suba - Av. Boyacá","Perdomo",3.57720842440685e-08,1.20915174837633e-08,2.39318008639159e-08
"Mazurén","Fucha",1.77485522074617e-08,2.995376344664e-08,2.38511578270509e-08
"Niza - Calle 127","Consuelo",1.8310693827397e-08,2.9374037382471e-08,2.3842365604934e-08
"Carrera 53","San Mateo",2.15293340898645e-08,2.60692875609253e-08,2.37993108253949e-08
"Polo - FINCOMERCIO","Terreros - H. Cardiovascular",2.6451000389416e-08,2.092586545435e-08,2.3688432921883e-08
"Policarpa","Mazurén",3.95096140894899e-08,7.86425461756058e-09,2.36869343535252e-08
"Country Sur","Alcalá - Colegio S. Tomás Dominicos",2.1916664299124e-08,2.54485710622212e-08,2.36826176806726e-08
"Calle 161","Hortúa",2.31041874441371e-08,2.3833241490375e-08,2.3468714467256e-08
"Suba - Tv. 91","C.C Paseo Villa Del Rio - Madelena",1.91702062784369e-08,2.69377286823179e-08,2.30539674803774e-08
"Niza - Calle 127","Portal Tunal",2.94233628860146e-08,1.65033512816028e-08,2.29633570838087e-08
"Puentelargo","La Despensa",2.99839927141291e-08,1.58328354185701e-08,2.29084140663496e-08
"Portal Suba","Venecia",1.87295427645155e-08,2.68858673529551e-08,2.28077050587353e-08
"Av. Primero de Mayo","La Campiña",9.59240231956492e-09,3.5888391503465e-08,2.27403969115149e-08
"Estación San Bernardo","Calle 161",2.96638310844417e-08,1.56778300050224e-08,2.2670830544732e-08
"Calle 146","Fucha",2.80985658483703e-08,1.70330471324212e-08,2.25658064903957e-08
"Portal Norte - Unicervantes ","Biblioteca Tintal",1.33528611502693e-08,3.17614057640299e-08,2.25571334571496e-08
"Las Aguas - Centro Colombo Americano","Portal Norte - Unicervantes ",3.07740708443585e-08,1.42184487736263e-08,2.24962598089924e-08
"Museo Del Oro","Portal Norte - Unicervantes ",2.4545392762419e-08,2.04253028088394e-08,2.24853477856292e-08
"Calle 146","Restrepo",2.39085384184601e-08,2.05824216984365e-08,2.22454800584483e-08
"Portal Suba","Sevillana",1.5085354412939e-08,2.93850144237968e-08,2.22351844183679e-08
"Ferias","San Mateo",2.11139672437816e-08,2.29478244899414e-08,2.20308958668615e-08
"La Despensa","Suba Calle 100",3.69939344098526e-08,6.25782618881515e-09,2.16258802993339e-08
"Calle 146","Alquería",1.70772944279639e-08,2.61675737676006e-08,2.16224340977822e-08
"Ciudad Jardín - UAN","21 Ángeles",3.68906662296065e-08,5.86530634445869e-09,2.13779862870326e-08
"Portal Norte - Unicervantes ","Avenida Jiménez",2.4820793035574e-08,1.78181936578758e-08,2.13194933467249e-08
"Suba - Tv. 91","Restrepo",2.20228179923278e-08,2.02938319261136e-08,2.11583249592207e-08
"Ciudad Jardín - UAN","Calle 146",3.33404387507846e-08,8.67457528587158e-09,2.10075070183281e-08
"Portal Suba","Alquería",2.13459024691698e-08,2.06401831839463e-08,2.09930428265581e-08
"Av. Suba - Calle 116","La Despensa",2.48969992928768e-08,1.68233812376624e-08,2.08601902652696e-08
"Carrera 90","San Mateo",3.41095459248904e-08,7.61044683190088e-09,2.08599963783956e-08
"Estación San Bernardo","Portal Suba",2.66398878265576e-08,1.50031976631459e-08,2.08215427448518e-08
"Niza - Calle 127","Molinos",1.47272925506968e-08,2.67823246138819e-08,2.07548085822893e-08
"De La Sabana","Calle 187",1.45204463484826e-08,2.6711097291259e-08,2.06157718198708e-08
"Virrey - Cendiatra","Terreros - H. Cardiovascular",1.0638352113295e-08,3.00237313194094e-08,2.03310417163522e-08
"La Campiña","Portal Sur - JFK Coop. Financiera",9.62078349188539e-09,3.10073741887633e-08,2.03140788403244e-08
"Calle 127","Parque",2.29829790622759e-08,1.74988819133451e-08,2.02409304878105e-08
"Terminal","Avenida Jiménez",5.87499325644854e-09,3.45254087629238e-08,2.02002010096862e-08
"Humedal Córdoba","Consuelo",3.12277243119637e-08,9.17203747058144e-09,2.01998808912726e-08
"Suba - Tv. 91","Olaya",1.42140362374889e-08,2.61501616230196e-08,2.01820989302543e-08
"La Campiña","Nariño",2.91690027684894e-08,1.10914073646032e-08,2.01302050665463e-08
"Humedal Córdoba","Bosa",3.28814957706929e-08,6.97755772665189e-09,1.99295267486724e-08
"Ciudad Jardín - UAN","La Campiña",1.69617028941415e-08,2.26901962982372e-08,1.98259495961894e-08
"Portal Norte - Unicervantes ","Banderas",1.85769879640607e-08,2.10442770186503e-08,1.98106324913555e-08
"San Diego","Calle 187",3.60108822937159e-08,3.54888178411143e-09,1.97798820389137e-08
"Calle 187","Banderas",9.4222053050733e-09,2.96321698871235e-08,1.95271875960984e-08
"Mazurén","Cl38A sur - CENTRO MAYOR",1.90348270460108e-08,1.99892892335923e-08,1.95120581398015e-08
"Suba - Av. Boyacá","Santa Lucía",2.24803755248617e-08,1.62685594192545e-08,1.93744674720581e-08
"Prado","Portal Sur - JFK Coop. Financiera",1.06047037109807e-08,2.80149801033189e-08,1.93098419071498e-08
"Rionegro","León XIII",3.22644668243014e-08,6.17120815527278e-09,1.92178374897871e-08
"Avenida Cali","San Mateo",2.97748086363267e-08,8.61979728430263e-09,1.91973029603147e-08
"Calle 106","Danubio",1.72790064456824e-08,2.10069057790596e-08,1.9142956112371e-08
"San Mateo","Calle 76",1.4264535470117e-08,2.39829430797521e-08,1.91237392749346e-08
"Av. Suba - Calle 116","Danubio",1.77613787305954e-08,2.02161183505368e-08,1.89887485405661e-08
"Calle 127","Bosa",9.39324840622541e-09,2.76863151715939e-08,1.85397817889096e-08
"NQS Calle 75","San Mateo",2.67780722002674e-08,1.0172732427012e-08,1.84754023136397e-08
"Calle 161","NQS Calle 30 SUR",1.16494693876859e-08,2.52492838601099e-08,1.84493766238979e-08
"San Martín","Terreros - H. Cardiovascular",2.33574611676501e-08,1.34954536089832e-08,1.84264573883166e-08
"Calle 142","Quiroga",1.35515235184963e-08,2.32822205996522e-08,1.84168720590742e-08
"Calle 146","Venecia",1.13579867635784e-08,2.54504086175861e-08,1.84041976905823e-08
"Gratamira","Calle 40 Sur",2.26241168223996e-08,1.41579046436433e-08,1.83910107330214e-08
"Humedal Córdoba","Molinos",2.52545405757516e-08,1.12995180376216e-08,1.82770293066866e-08
"Alcalá - Colegio S. Tomás Dominicos","C.C Paseo Villa Del Rio - Madelena",1.1156050317868e-08,2.51895028650843e-08,1.81727765914761e-08
"Calle 100 - Marketmedios","León XIII",1.26246851741698e-08,2.35797761078477e-08,1.81022306410087e-08
"Bicentenario","Toberín- Foundever",2.40078244224107e-08,1.21263403253783e-08,1.80670823738945e-08
"Niza - Calle 127","Bosa",2.31734475320256e-08,1.29522377309498e-08,1.80628426314877e-08
"Calle 85 - Gato Dumas","San Mateo",7.74949932562382e-09,2.81944582135151e-08,1.79719787695695e-08
"Calle 127","Socorro",2.72431189655123e-08,8.61017586586613e-09,1.79266474156892e-08
"Niza - Calle 127","Parque",2.75480439175929e-08,7.56028111317619e-09,1.75541625153846e-08
"Mazurén","General Santander",1.35323576804706e-08,2.10954139650333e-08,1.73138858227519e-08
"21 Ángeles","Quiroga",1.4798831547114e-08,1.97651009003304e-08,1.72819662237222e-08
"Calle 142","Olaya",2.24972772352467e-08,1.20171077957506e-08,1.72571925154987e-08
"Calle 127","Portal Tunal",2.29737245916128e-08,1.15007519708988e-08,1.72372382812558e-08
"Portal Suba","Hortúa",2.55375285534048e-08,8.69973064771394e-09,1.71186296005593e-08
"Portal Norte - Unicervantes ","Mandalay",2.40323776083826e-08,9.98282757136849e-09,1.70076025898755e-08
"Carrera 53","Portal Usme",3.12060282973453e-08,2.67332655507464e-09,1.693967742621e-08
"Terminal","Paloquemao",2.112218420115e-08,1.26176984888982e-08,1.68699413450241e-08
"San Facon Carrera 22","Calle 187",2.04175620447839e-08,1.30317752605948e-08,1.67246686526893e-08
"Calle 187","Biblioteca Tintal",6.20238406725054e-09,2.72374326566356e-08,1.67199083619431e-08
"Gratamira","Portal Sur - JFK Coop. Financiera",1.71780084475857e-08,1.59652510373771e-08,1.65716297424814e-08
"Calle 161","Cl38A sur - CENTRO MAYOR",7.9511008689622e-09,2.49341480452751e-08,1.64426244571187e-08
"Museo Nacional","Terminal",3.09113183152695e-08,1.92959280434119e-09,1.64204555598053e-08
"Escuela Militar","San Mateo",1.60462865126685e-08,1.64787398555939e-08,1.62625131841312e-08
"La Castellana","Terreros - H. Cardiovascular",1.95794357911565e-08,1.28461453717988e-08,1.62127905814777e-08
"Terminal","Marsella",1.19601666163149e-08,2.02864559352878e-08,1.61233112758014e-08
"Calle 127","Consuelo",1.86071984170824e-08,1.28743286227363e-08,1.57407635199094e-08
"Avenida 68","Portal Usme",2.19612452936169e-08,9.246647720337e-09,1.5603946506977e-08
"Calle 187","Universidades CityU",1.88532654767745e-08,1.20861388477405e-08,1.54697021622575e-08
"Portal Suba","Perdomo",8.70564622839122e-09,2.21597903522709e-08,1.54327182903311e-08
"Terminal","Av Américas - Av. Boyacá",9.86827655338460e-09,2.08652258977417e-08,1.53667512255631e-08
"Portal 20  de Julio","Suba - Av. Boyacá",2.57480833963079e-08,4.97196766280634e-09,1.53600255295571e-08
"Country Sur","Calle 142",1.34935230990781e-08,1.70300619473672e-08,1.52617925232226e-08
"Héroes - Colmena Seguros","San Mateo",9.53825101755212e-09,2.09326078940468e-08,1.52354294557995e-08
"Portal Norte - Unicervantes ","Tygua-San José",1.4134403298548e-08,1.61930803064978e-08,1.51637418025229e-08
"Calle 161","General Santander",5.69641252150634e-09,2.45763837087904e-08,1.51363981151484e-08
"Mazurén","Alquería",1.10875847668858e-08,1.89558044732738e-08,1.50216946200798e-08
"San Victorino","Portal Norte - Unicervantes ",2.10117349552547e-08,8.99313660509883e-09,1.50024357801767e-08
"Calle 127","Molinos",1.55726012243722e-08,1.43900104118784e-08,1.49813058181253e-08
"Gratamira","Socorro",5.57424227093541e-09,2.43367945555879e-08,1.49555184132616e-08
"Mazurén","Portal Américas",1.37604090867305e-08,1.60379701875288e-08,1.48991896371297e-08
"Av. Primero de Mayo","Calle 146",1.72430292936097e-08,1.23063504183983e-08,1.4774689856004e-08
"Calle 187","Transversal 86",7.76650529468619e-09,2.17747975272331e-08,1.47706514109597e-08
"Terminal","Mandalay",6.68436240635282e-09,2.28006339070326e-08,1.47424981566927e-08
"Museo Del Oro","Calle 187",1.11875454745547e-08,1.76503329097149e-08,1.44189391921348e-08
"Calle 187","Comuneros",7.21015491525678e-09,2.15937720076818e-08,1.44019634614693e-08
"Rionegro","Terreros - H. Cardiovascular",1.44952412156121e-08,1.39042991256597e-08,1.41997701706359e-08
"Calle 142","Perdomo",3.95978634943574e-09,2.42239568631435e-08,1.40918716062896e-08
"Ciudad Jardín - UAN","Suba - Tv. 91",2.26511367788017e-08,5.27539299527622e-09,1.39632648870389e-08
"Calle 146","Sevillana",8.03957958381701e-09,1.96348583359548e-08,1.38372189598859e-08
"Gratamira","Perdomo",1.97485144199175e-08,7.74938938533402e-09,1.37489519026258e-08
"Portal 20  de Julio","Calle 142",7.8507001650724e-09,1.96348392304437e-08,1.37427696977581e-08
"La Campiña","Perdomo",1.0315968297742e-08,1.68064387253681e-08,1.35612035115551e-08
"Av. Primero de Mayo","21 Ángeles",2.03352190567454e-08,6.53592981605953e-09,1.34355744364025e-08
"Country Sur","Gratamira",2.27260272321762e-08,4.09097921100164e-09,1.34085032215889e-08
"21 Ángeles","Calle 40 Sur",1.14712215710063e-08,1.48613353628764e-08,1.31662784669414e-08
"Pepe Sierra - Utel Universidad","Danubio",1.11336985530258e-08,1.50842874707976e-08,1.31089930119117e-08
"La Campiña","Fucha",1.90942418819205e-08,7.10243436227492e-09,1.30983381220977e-08
"Polo - FINCOMERCIO","San Mateo",1.33074373845432e-08,1.28520838015998e-08,1.30797605930715e-08
"Calle 187","Guatoque - Veraguas",8.51413127262417e-09,1.74218439964684e-08,1.29679876345463e-08
"Suba - Calle 95","Portal Usme",1.38247740491272e-08,1.20932924538582e-08,1.29590332514927e-08
"Calle 187","Avenida Jiménez",1.13237168515745e-08,1.44584111401356e-08,1.28910639958551e-08
"Mazurén","Quiroga",5.14078879670928e-09,2.0622452087356e-08,1.28816204420326e-08
"Suba - Tv. 91","Portal Sur - JFK Coop. Financiera",1.25383990939481e-08,1.31285515604847e-08,1.28334753272164e-08
"Alcalá - Colegio S. Tomás Dominicos","Calle 40 Sur",1.50061232623612e-08,1.05011351846862e-08,1.27536292235237e-08
"Portal Suba","C.C Paseo Villa Del Rio - Madelena",1.16189279562188e-08,1.38629499980928e-08,1.27409389771558e-08
"Toberín- Foundever","Hortúa",1.30132400788678e-08,1.19489541642417e-08,1.24810971215548e-08
"Policarpa","Calle 161",1.5922915030042e-08,8.87748967422435e-09,1.24002023521332e-08
"Calle 161","Portal Américas",7.52050030051446e-09,1.71659975143474e-08,1.23432489074309e-08
"Calle 142","C.C Paseo Villa Del Rio - Madelena",7.42418022537843e-09,1.67327906538476e-08,1.2078485439613e-08
"La Campiña","Restrepo",1.70744348455458e-08,6.93282317233825e-09,1.2003629008942e-08
"Ciudad Jardín - UAN","Mazurén",2.09887612822654e-08,2.84156055852309e-09,1.19151609203943e-08
"Calle 100 - Marketmedios","Portal Usme",1.12173945641016e-08,1.25258366830367e-08,1.18716156235691e-08
"Las Aguas - Centro Colombo Americano","Calle 187",1.4031982497446e-08,9.57858703185279e-09,1.18052847646494e-08
"Calle 106","La Despensa",1.05818887458496e-08,1.2898852722859e-08,1.17403707343543e-08
"Estación San Bernardo","Toberín- Foundever",1.66731126110412e-08,6.76274079668981e-09,1.17179267038655e-08
"Suba - Av. Boyacá","Biblioteca",1.71211131810564e-08,6.08913809628125e-09,1.16051256386688e-08
"Calle 187","Mandalay",1.20740022295152e-08,1.10788856063357e-08,1.15764439179255e-08
"Policarpa","Portal Suba",1.5412258493841e-08,7.65666039249565e-09,1.15344594431683e-08
"Mazurén","Venecia",7.43891253906343e-09,1.51622631502493e-08,1.13005878446563e-08
"Bicentenario","Portal Norte - Unicervantes ",9.15924154310665e-09,1.33803108398546e-08,1.12697761914806e-08
"Portal Suba","Portal Sur - JFK Coop. Financiera",8.23963073191802e-09,1.42546174126718e-08,1.12471240722949e-08
"Suba - Calle 95","León XIII",2.10340621601988e-08,1.35777517752142e-09,1.11959186688601e-08
"Suba - Tv. 91","Quiroga",1.00804503299175e-08,1.19635553422883e-08,1.10220028361029e-08
"Calle 146","Quiroga",8.08805070455607e-09,1.39477960954372e-08,1.10179233999966e-08
"Terminal","Ricaurte",1.028855225875e-08,1.16822092064273e-08,1.09853807325887e-08
"San Diego","Terminal",1.86694013721488e-08,3.1705913720163e-09,1.09199963720825e-08
"Prado","Santa Lucía",1.55824275881611e-08,6.24861569808895e-09,1.0915521643125e-08
"Calle 161","Nariño",1.28039082727192e-08,9.02542378381235e-09,1.09146660282658e-08
"Calle 100 - Marketmedios","Terreros - H. Cardiovascular",5.66971732280556e-09,1.60516860625169e-08,1.08607016926613e-08
"Calle 187","Santa Isabel",4.88529903360999e-09,1.65829405108896e-08,1.07341197722498e-08
"Alcalá - Colegio S. Tomás Dominicos","Portal Sur - JFK Coop. Financiera",5.45400836576405e-09,1.59566695068642e-08,1.07053389363141e-08
"Suba - Av. Boyacá","Consuelo",7.13705527131991e-09,1.42214002893941e-08,1.0679227780357e-08
"Las Nieves","Calle 187",1.83070130787738e-08,2.92560859934825e-09,1.0616310839061e-08
"Suba - Av. Boyacá","Bosa",1.25076562434901e-08,8.3414362884775e-09,1.04245462659838e-08
"León XIII","Suba Calle 100",2.00059248649206e-08,6.80016826628496e-10,1.03429708457746e-08
"CDS Carrera 32","Terminal",1.69927631880316e-08,3.66587317848468e-09,1.03293181832581e-08
"Calle 146","Olaya",1.33775166562669e-08,7.11003659488394e-09,1.02437766255754e-08
"Toberín- Foundever","Portal Américas",4.78437254156537e-09,1.55901444605758e-08,1.01872585010706e-08
"Suba - Tv. 91","Perdomo",1.36799021143603e-08,6.62626665301834e-09,1.01530843836893e-08
"Mazurén","Olaya",8.47557868927277e-09,1.16199892316623e-08,1.00477839604675e-08
"21 Ángeles","Portal Sur - JFK Coop. Financiera",1.08150132931106e-08,9.22379932750314e-09,1.00194063103069e-08
"La Campiña","Bosa",4.6357381240048e-09,1.52939826623332e-08,9.96486039316899e-09
"Pepe Sierra - Utel Universidad","La Despensa",7.59192895950893e-09,1.21322828656692e-08,9.86210591258909e-09
"Suba - Av. Boyacá","Portal Tunal",1.23506185430898e-08,6.76981012760759e-09,9.56021433534871e-09
"Pepe Sierra - Utel Universidad","León XIII",4.11556235890643e-09,1.48185831136149e-08,9.46707273626069e-09
"Ferias","Portal Usme",1.3761258498684e-08,5.02956642225508e-09,9.39541246046952e-09
"Portal Suba","Nariño",1.558850843432e-08,3.19272859178926e-09,9.39061851305464e-09
"Granja - cra 77","Portal Usme",6.44925264718981e-09,1.22063903410158e-08,9.32782149410282e-09
"Calle 161","Alquería",4.70109054361371e-09,1.39434921459703e-08,9.322291344792e-09
"Av. Primero de Mayo","Suba - Tv. 91",1.26725405093337e-08,5.68698288823471e-09,9.17976169878423e-09
"Suba - Av. Boyacá","Molinos",5.68472994124884e-09,1.25256913233919e-08,9.10521063232037e-09
"21 Ángeles","Socorro",2.51586544006834e-09,1.56442194423751e-08,9.08004244122174e-09
"Puentelargo","León XIII",1.63065698810159e-08,1.7973224972416e-09,9.05194618912876e-09
"Calle 146","Perdomo",2.51146967643034e-09,1.53829527945194e-08,8.94721123547489e-09
"De La Sabana","Terminal",7.53647665213100e-09,1.03172815647706e-08,8.9268791084508e-09
"Calle 106","León XIII",5.72493406222382e-09,1.21060893466177e-08,8.91551170442074e-09
"Humedal Córdoba","La Despensa",1.56001611211436e-08,2.1947772236226e-09,8.89746917238312e-09
"Niza - Calle 127","La Despensa",1.11133477509983e-08,6.5373629946357e-09,8.82535537281698e-09
"Gratamira","Santa Lucía",1.13231193234563e-08,6.17609195280735e-09,8.74960563813182e-09
"21 Ángeles","Perdomo",1.20556691289938e-08,5.34320045350108e-09,8.69943479124744e-09
"Boyacá","Portal Usme",1.06303311798688e-08,6.67563161961561e-09,8.65298139974219e-09
"Prado","Biblioteca",1.24542203668449e-08,4.82715823851469e-09,8.64068930267977e-09
"Calle 161","Venecia",3.19879631862533e-09,1.40135101531546e-08,8.60615323588997e-09
"Virrey - Cendiatra","San Mateo",5.35543282718526e-09,1.16258393497429e-08,8.49063608846405e-09
"Suba - Tv. 91","Socorro",2.30233608528494e-09,1.43189602339569e-08,8.31064815962092e-09
"Country Sur","Calle 146",7.97991817444956e-09,8.55687435868826e-09,8.26839626656891e-09
"Toberín- Foundever","NQS Calle 30 SUR",6.68841741249598e-09,9.37728876392153e-09,8.03285308820875e-09
"Country Sur","La Campiña",4.97623499162559e-09,1.10229596304037e-08,7.99959731101465e-09
"Portal 20  de Julio","Gratamira",1.26302366242336e-08,3.35803014616532e-09,7.99413338519944e-09
"La Campiña","Quiroga",8.13127099493551e-09,7.67626774822711e-09,7.90376937158131e-09
"Calle 142","Calle 40 Sur",9.39312871603288e-09,6.37826047010309e-09,7.88569459306798e-09
"La Campiña","Olaya",1.1228083147814e-08,4.46481814364109e-09,7.84645064572756e-09
"Av. Suba - Calle 116","León XIII",1.36203388093065e-08,2.07221731604454e-09,7.84627806267552e-09
"Suba - Tv. 91","Calle 40 Sur",8.00189030599836e-09,7.51050771614524e-09,7.7561990110718e-09
"Toberín- Foundever","Cl38A sur - CENTRO MAYOR",4.58656047518276e-09,1.0867553915639e-08,7.72705719541088e-09
"Portal Usme","Suba Calle 100",1.11851081685705e-08,4.2282534014834e-09,7.70668078502694e-09
"La Castellana","San Mateo",9.86547499338781e-09,5.30139478353023e-09,7.58343488845902e-09
"Las Nieves","Terminal",9.49180280141653e-09,5.47419047187071e-09,7.48299663664362e-09
"Av. Primero de Mayo","Mazurén",1.08620501378443e-08,4.09650224964361e-09,7.47927619374397e-09
"Prado","Bosa",3.81470845627395e-09,1.10324678225421e-08,7.42358813940805e-09
"La Campiña","La Despensa",2.44046470570646e-09,1.22071521551112e-08,7.32380843040883e-09
"Suba - Av. Boyacá","Parque",1.13344096835696e-08,3.17268123881244e-09,7.25354546119102e-09
"Puentelargo","Portal Usme",6.1473298444861e-09,8.28273168602649e-09,7.21503076525629e-09
"Portal 20  de Julio","Calle 146",4.63764889545521e-09,9.77228200109091e-09,7.20496544827306e-09
"Gratamira","Consuelo",3.57677697220428e-09,1.07297469285027e-08,7.15326195035349e-09
"Mazurén","Sevillana",5.28758253014556e-09,8.66121553994829e-09,6.97439903504692e-09
"Carrera 90","Portal Usme",4.08066978196471e-09,9.85104987747424e-09,6.96585982971947e-09
"Calle 146","C.C Paseo Villa Del Rio - Madelena",4.66752300647492e-09,9.23699871108003e-09,6.95226085877747e-09
"Estación San Bernardo","Portal Norte - Unicervantes ",6.36387745087527e-09,7.44190076701589e-09,6.90288910894558e-09
"Terminal","Banderas",5.25001751564452e-09,8.35445230415062e-09,6.80223490989757e-09
"Prado","Parque",7.7602898125223e-09,5.76574980520779e-09,6.76301980886505e-09
"Avenida Cali","Portal Usme",5.02411283013177e-09,8.48056602649637e-09,6.75233942831407e-09
"Portal Norte - Unicervantes ","NQS Calle 30 SUR",2.64074777426664e-09,1.07280990650537e-08,6.68442341966019e-09
"San Martín","San Mateo",1.17807517610753e-08,1.50484677931156e-09,6.64279927019342e-09
"Gratamira","Bosa",7.15731702572547e-09,6.06276968714214e-09,6.61004335643381e-09
"Suba - Calle 95","Terreros - H. Cardiovascular",9.46627859923344e-09,3.73438261615517e-09,6.60033060769431e-09
"San Facon Carrera 22","Terminal",1.06159030698267e-08,2.55397378329181e-09,6.58493842655925e-09
"Calle 161","Fucha",7.1992101656883e-09,5.96084010676572e-09,6.58002513622701e-09
"Calle 127","Danubio",5.35609457585909e-09,7.79405048658582e-09,6.57507253122246e-09
"Portal Norte - Unicervantes ","Cl38A sur - CENTRO MAYOR",1.82448074343229e-09,1.11757213877493e-08,6.50010106559079e-09
"Ciudad Jardín - UAN","Portal Suba",8.99524842567544e-09,3.99593254620815e-09,6.4955904859418e-09
"21 Ángeles","Santa Lucía",5.84917918951005e-09,7.12217167346183e-09,6.48567543148594e-09
"Portal Suba","Fucha",1.03330433507736e-08,2.56342662309655e-09,6.44823498693505e-09
"Toberín- Foundever","General Santander",3.30395685364129e-09,9.53189067620804e-09,6.41792376492466e-09
"Calle 161","Sevillana",2.28919522399006e-09,1.04206129226786e-08,6.35490407333434e-09
"Policarpa","Toberín- Foundever",8.95403374461466e-09,3.6506372164604e-09,6.30233548053753e-09
"Calle 142","Portal Sur - JFK Coop. Financiera",3.25014974385791e-09,9.35413844540626e-09,6.30214409463208e-09
"Calle 161","Restrepo",6.13633405058611e-09,6.42091708461567e-09,6.27862556760089e-09
"Portal Suba","Restrepo",9.27725336382735e-09,3.09559537954206e-09,6.18642437168471e-09
"Minuto De Dios","Portal Usme",8.40801321082194e-09,3.70331940962958e-09,6.05566631022576e-09
"Portal Suba","Bosa",4.10213447065703e-09,7.81480472083858e-09,5.9584695957478e-09
"Ciudad Jardín - UAN","Calle 161",8.46651097317791e-09,3.35910212561559e-09,5.91280654939675e-09
"San Victorino","Calle 187",9.57968697986268e-09,2.22230876135384e-09,5.90099787060826e-09
"Prado","Socorro",8.97840551876161e-09,2.7588653660785e-09,5.86863544242006e-09
"Prado","Portal Tunal",7.85307303786944e-09,3.81573024447255e-09,5.83440164117100e-09
"Country Sur","21 Ángeles",1.02126887044998e-08,1.34024822693333e-09,5.77646846571655e-09
"Suba - Tv. 91","Bosa",5.8202856372835e-09,5.55444270767051e-09,5.68736417247701e-09
"Calle 187","Tygua-San José",6.46626935592046e-09,4.77172667688955e-09,5.618998016405e-09
"Mazurén","Calle 40 Sur",3.58708655460468e-09,7.62301128030517e-09,5.60504891745492e-09
"Av. Suba - Calle 116","Terreros - H. Cardiovascular",6.2167142935314e-09,4.8618099035784e-09,5.5392620985549e-09
"Gratamira","Biblioteca",8.68514291059757e-09,2.39122183888101e-09,5.53818237473929e-09
"Av. Suba - Calle 116","Portal Usme",3.63093473280003e-09,7.38664639777735e-09,5.50879056528869e-09
"Toberín- Foundever","Nariño",7.2184447783247e-09,3.7522786506447e-09,5.4853617144847e-09
"Gratamira","Molinos",2.84048528700287e-09,8.05757344679231e-09,5.44902936689759e-09
"Quirigua","Portal Usme",3.33325403594187e-09,7.55305873622363e-09,5.44315638608275e-09
"Terminal","Guatoque - Veraguas",4.4389758901041e-09,6.44098928899474e-09,5.43998258954942e-09
"Puentelargo","Terreros - H. Cardiovascular",7.39601514089574e-09,3.45614648221448e-09,5.42608081155511e-09
"Av. Primero de Mayo","Portal Suba",5.12621096791479e-09,5.57372847254416e-09,5.34996972022947e-09
"Suba - Av. Boyacá","La Despensa",6.12207585988121e-09,4.44003685552666e-09,5.28105635770394e-09
"Alcalá - Colegio S. Tomás Dominicos","Santa Lucía",7.18865217331192e-09,3.22446323416834e-09,5.20655770374013e-09
"Humedal Córdoba","Danubio",8.24953765035672e-09,2.10966012973663e-09,5.17959889004667e-09
"Calle 127","La Despensa",4.33828570264617e-09,6.00126562079285e-09,5.16977566171951e-09
"Prado","Consuelo",6.0889728715448e-09,4.13371394079486e-09,5.11134340616983e-09
"Terreros - H. Cardiovascular","Suba Calle 100",9.02100288629499e-09,1.16529440308403e-09,5.09314864468951e-09
"Portal 80","Portal Usme",2.41546900481952e-09,7.64375562720652e-09,5.02961231601302e-09
"Portal Norte - Unicervantes ","General Santander",1.32573858828587e-09,8.4503182289821e-09,4.88802840863398e-09
"Calle 146","Calle 40 Sur",5.62623845485494e-09,4.01907543625313e-09,4.82265694555404e-09
"Prado","Molinos",5.06835703501434e-09,4.57263027668889e-09,4.82049365585161e-09
"Mazurén","C.C Paseo Villa Del Rio - Madelena",3.10126788964529e-09,6.50641536212713e-09,4.80384162588621e-09
"Portal 20  de Julio","La Campiña",2.36793654757574e-09,7.15388076827266e-09,4.7609086579242e-09
"Country Sur","Portal Suba",2.68562018876398e-09,6.81272747281133e-09,4.74917383078765e-09
"Niza - Calle 127","Danubio",4.77636838861607e-09,4.59471314125794e-09,4.685540764937e-09
"Av. Primero de Mayo","Calle 161",4.3863426699281e-09,4.8684130045684e-09,4.62737783724825e-09
"Portal 20  de Julio","Portal Suba",1.64998141064856e-09,7.48263453100075e-09,4.56630797082465e-09
"Gratamira","Portal Tunal",6.34848346452319e-09,2.71907883600356e-09,4.53378115026337e-09
"Rionegro","San Mateo",7.31846045991452e-09,1.66909035878198e-09,4.49377540934825e-09
"Humedal Córdoba","León XIII",8.59518943814453e-09,3.71689653631404e-10,4.48343954588797e-09
"La Campiña","Calle 40 Sur",6.56927978303935e-09,2.30708112190745e-09,4.4381804524734e-09
"Calle 100 - Marketmedios","San Mateo",2.86171984725296e-09,5.88694606713739e-09,4.37433295719517e-09
"21 Ángeles","Bosa",4.80066379994439e-09,3.74579997062221e-09,4.2732318852833e-09
"Alcalá - Colegio S. Tomás Dominicos","Bosa",2.0054501595138e-09,6.40317751805601e-09,4.20431383878491e-09
"Calle 106","Terreros - H. Cardiovascular",2.58269447921815e-09,5.75140332375675e-09,4.16704890148745e-09
"Alcalá - Colegio S. Tomás Dominicos","Biblioteca",5.78618403375357e-09,2.46453624599447e-09,4.12536013987402e-09
"Toberín- Foundever","Alquería",2.74061001211161e-09,5.17215388000515e-09,3.95638194605838e-09
"Las Aguas - Centro Colombo Americano","Terminal",7.27608612105255e-09,6.2262872667957e-10,3.94935742386606e-09
"Portal Norte - Unicervantes ","Hortúa",4.98384003187832e-09,2.89616618311816e-09,3.94000310749824e-09
"Portal Suba","Quiroga",4.54866138754902e-09,3.27872185186862e-09,3.91369161970882e-09
"Policarpa","Portal Norte - Unicervantes ",3.42031737419517e-09,4.31152578458992e-09,3.86592157939254e-09
"Portal Suba","Olaya",6.18439644778537e-09,1.41870867964928e-09,3.80155256371732e-09
"Country Sur","Suba - Tv. 91",6.48474765144493e-09,1.09259091720368e-09,3.7886692843243e-09
"Suba - Tv. 91","Santa Lucía",4.14295698203686e-09,3.43147415832895e-09,3.78721557018291e-09
"Terminal","Hortúa",1.18443688876173e-09,6.14236910241132e-09,3.66340299558653e-09
"Gratamira","La Despensa",3.53959894450401e-09,3.74264690372858e-09,3.64112292411630e-09
"Mazurén","Perdomo",1.68138452000594e-09,5.49937936400103e-09,3.59038194200348e-09
"Calle 106","Portal Usme",3.77502762839377e-09,3.40540575616223e-09,3.590216692278e-09
"Gratamira","Parque",5.78409153019588e-09,1.38758367950395e-09,3.58583760484992e-09
"Calle 146","Portal Sur - JFK Coop. Financiera",2.07526344512953e-09,5.06639684496992e-09,3.57083014504972e-09
"Calle 161","Quiroga",2.10654222280264e-09,5.02985522350516e-09,3.5681987231539e-09
"Toberín- Foundever","Venecia",1.88349303458232e-09,5.22785852798108e-09,3.5556757812817e-09
"Terminal","Tygua-San José",3.36137935784705e-09,3.71401709015828e-09,3.53769822400266e-09
"Museo Del Oro","Terminal",5.80004198215761e-09,1.24414951919628e-09,3.52209575067694e-09
"Country Sur","Mazurén",5.0319208028396e-09,1.96442231044183e-09,3.49817155664071e-09
"San Victorino","Terminal",4.96775667663059e-09,1.9747559618878e-09,3.47125631925919e-09
"Niza - Calle 127","León XIII",6.15683665733557e-09,7.84622428001564e-10,3.47072954266857e-09
"Calle 127","León XIII",2.36011211046795e-09,4.57790069916921e-09,3.46900640481858e-09
"Toberín- Foundever","Fucha",4.06740060941751e-09,2.67308143509763e-09,3.37024102225757e-09
"Toberín- Foundever","Restrepo",3.4695957395951e-09,3.12064372202124e-09,3.29511973080817e-09
"Calle 161","C.C Paseo Villa Del Rio - Madelena",1.36503149415576e-09,5.20075983320716e-09,3.28289566368146e-09
"Alcalá - Colegio S. Tomás Dominicos","Parque",3.62531492572748e-09,2.9083750101798e-09,3.26684496795364e-09
"Portal Suba","León XIII",1.29056506033407e-09,5.18726441061108e-09,3.23891473547257e-09
"Calle 142","Santa Lucía",4.50967792364279e-09,1.9627453379572e-09,3.23621163079999e-09
"21 Ángeles","Biblioteca",4.06174394272974e-09,2.36556032829129e-09,3.21365213551052e-09
"Ciudad Jardín - UAN","Toberín- Foundever",4.76426636272678e-09,1.46431846792628e-09,3.11429241532653e-09
"Terminal","Comuneros",3.76945328403684e-09,2.44961672990686e-09,3.10953500697185e-09
"Calle 161","Olaya",3.45495021234506e-09,2.71552303716725e-09,3.08523662475615e-09
"Suba - Tv. 91","La Despensa",3.01368640317672e-09,2.99247229751885e-09,3.00307935034779e-09
"Portal 20  de Julio","21 Ángeles",4.92835284866002e-09,1.04088469836746e-09,2.98461877351374e-09
"Bicentenario","Calle 187",3.67059831272369e-09,2.25878172216126e-09,2.96469001744248e-09
"21 Ángeles","Portal Tunal",3.12408931429278e-09,2.80256197519292e-09,2.96332564474285e-09
"Terminal","Transversal 86",4.38083327594089e-09,1.44138265074814e-09,2.91110796334451e-09
"Portal Norte - Unicervantes ","Portal Américas",2.22116263491907e-09,3.53300194155758e-09,2.87708228823832e-09
"Alcalá - Colegio S. Tomás Dominicos","Portal Tunal",3.69723790143330e-09,1.99445031123401e-09,2.84584410633365e-09
"Alcalá - Colegio S. Tomás Dominicos","Socorro",4.13062398821205e-09,1.43741918893248e-09,2.78402158857227e-09
"Humedal Córdoba","Terreros - H. Cardiovascular",3.9536190462343e-09,1.5289194153927e-09,2.7412692308135e-09
"Toberín- Foundever","Sevillana",1.3544432508453e-09,4.11234023433146e-09,2.73339174258838e-09
"Suba - Tv. 91","Biblioteca",3.8149015239358e-09,1.63288828769786e-09,2.72389490581683e-09
"Terminal","Biblioteca Tintal",3.55469107623567e-09,1.82208968991754e-09,2.68839038307661e-09
"Suba - Calle 95","San Mateo",4.78654736625434e-09,5.3688436956103e-10,2.66171586790768e-09
"Calle 161","Perdomo",8.52922794027383e-10,4.42207110203849e-09,2.63749694803293e-09
"Suba - Tv. 91","Consuelo",1.43818749830149e-09,3.77572850710199e-09,2.60695800270174e-09
"Portal 20  de Julio","Mazurén",2.92151322089397e-09,2.26904675772245e-09,2.59527998930821e-09
"Portal 20  de Julio","Suba - Tv. 91",4.02076712203169e-09,1.09962709014473e-09,2.56019710608821e-09
"Suba - Tv. 91","Portal Tunal",3.04849073221798e-09,2.02704921496745e-09,2.53776997359272e-09
"La Campiña","León XIII",1.42404021482408e-09,3.64157687063334e-09,2.53280854272871e-09
"Calle 142","Bosa",1.21468125251459e-09,3.82438062490294e-09,2.51953093870876e-09
"Portal Suba","La Despensa",2.19215712197553e-09,2.82104674994389e-09,2.50660193595971e-09
"Pepe Sierra - Utel Universidad","Terreros - H. Cardiovascular",1.86053191304273e-09,3.11190486841625e-09,2.48621839072949e-09
"Alcalá - Colegio S. Tomás Dominicos","Consuelo",2.78899161121839e-09,2.09746768144123e-09,2.44322964632981e-09
"Calle 187","Hortúa",2.27910992514641e-09,2.5847145893604e-09,2.43191225725341e-09
"Portal Norte - Unicervantes ","Alquería",1.10862741647575e-09,3.75079223756453e-09,2.42970982702014e-09
"Portal Suba","Calle 40 Sur",3.72388382236528e-09,1.03371689782406e-09,2.37880036009467e-09
"San Mateo","Suba Calle 100",4.56888025720765e-09,1.41201500901183e-10,2.35504087905441e-09
"Alcalá - Colegio S. Tomás Dominicos","Molinos",2.31363551860558e-09,2.34282232995195e-09,2.32822892427876e-09
"Suba - Tv. 91","Molinos",1.11487737459823e-09,3.48944125061756e-09,2.30215931260789e-09
"Niza - Calle 127","Terreros - H. Cardiovascular",2.84929938161569e-09,1.72593377212049e-09,2.28761657686809e-09
"Av. Primero de Mayo","Toberín- Foundever",2.47026427207631e-09,2.10158476948933e-09,2.28592452078282e-09
"Pepe Sierra - Utel Universidad","Portal Usme",2.42217969323042e-09,2.11613677496996e-09,2.26915823410019e-09
"Calle 142","Biblioteca",3.20495499539834e-09,1.28834375335062e-09,2.24664937437448e-09
"Terminal","Santa Isabel",2.55690628550467e-09,1.81915375353755e-09,2.18803001952111e-09
"21 Ángeles","Consuelo",1.58928986592651e-09,2.75378211358175e-09,2.17153598975413e-09
"Portal 20  de Julio","Calle 161",1.34307974776495e-09,2.9924023925945e-09,2.16774107017973e-09
"Portal Norte - Unicervantes ","Nariño",2.76875425132003e-09,1.5350197209492e-09,2.15188698613462e-09
"Country Sur","Calle 161",2.03541149358376e-09,2.25716854386375e-09,2.14629001872376e-09
"La Campiña","Santa Lucía",3.4418864895865e-09,8.05121804823625e-10,2.12350414720506e-09
"Prado","La Despensa",1.78327494241575e-09,2.44672830825254e-09,2.11500162533414e-09
"Calle 161","Portal Sur - JFK Coop. Financiera",7.15471828035776e-10,3.50369900419437e-09,2.10958541611507e-09
"Prado","Danubio",1.72946971523573e-09,2.4718348446032e-09,2.10065227991947e-09
"Puentelargo","San Mateo",3.76430146787191e-09,4.13571720869521e-10,2.08893659437072e-09
"21 Ángeles","La Despensa",2.43836320619018e-09,1.71568365969725e-09,2.07702343294371e-09
"Portal Norte - Unicervantes ","Venecia",7.74068479875821e-10,3.36821089809366e-09,2.07113968898474e-09
"21 Ángeles","Molinos",1.24473935492978e-09,2.89275298151539e-09,2.06874616822258e-09
"Mazurén","Santa Lucía",1.72785760602564e-09,2.38011663671077e-09,2.0539871213682e-09
"Mazurén","Portal Sur - JFK Coop. Financiera",1.39735220656825e-09,2.68964480164689e-09,2.04349850410757e-09
"Toberín- Foundever","Perdomo",5.15145641775076e-10,3.54249497693366e-09,2.02882030935437e-09
"Calle 127","Terreros - H. Cardiovascular",1.0709519296869e-09,2.97660211662262e-09,2.02377702315476e-09
"21 Ángeles","Parque",2.77100051713179e-09,1.2478456480934e-09,2.0094230826126e-09
"Portal Norte - Unicervantes ","Sevillana",5.60965942237864e-10,3.4312109399469e-09,1.99608844109238e-09
"Suba - Av. Boyacá","León XIII",3.42849180457942e-09,5.32467802481815e-10,1.98047980353062e-09
"Suba - Av. Boyacá","Danubio",1.82116467700275e-09,2.13721581257054e-09,1.97919024478664e-09
"Calle 146","Santa Lucía",2.70593290490016e-09,1.24161608217664e-09,1.9737744935384e-09
"Calle 106","San Mateo",1.30864163960506e-09,2.52381297931038e-09,1.91622730945772e-09
"Av. Suba - Calle 116","San Mateo",3.18072442711784e-09,6.07681545884215e-10,1.89420298650103e-09
"Calle 187","Portal Américas",1.04417982950476e-09,2.69995664228678e-09,1.87206823589577e-09
"Estación San Bernardo","Calle 187",2.5510148939617e-09,1.08397182997044e-09,1.81749336196607e-09
"Suba - Tv. 91","Parque",2.65141236508805e-09,9.59297245973015e-10,1.80535480553053e-09
"Calle 142","Parque",2.01610550712968e-09,1.53055050743949e-09,1.77332800728459e-09
"Toberín- Foundever","Quiroga",1.19887706511995e-09,2.28096596148284e-09,1.73992151330139e-09
"Ciudad Jardín - UAN","Portal Norte - Unicervantes ",1.82192754055611e-09,1.59306159656601e-09,1.70749456856106e-09
"Calle 187","NQS Calle 30 SUR",1.23565284946126e-09,2.13232073130823e-09,1.68398679038475e-09
"Terminal","Nariño",6.59187935970517e-10,2.63827779322126e-09,1.64873286459589e-09
"Av. Primero de Mayo","Portal Norte - Unicervantes ",9.45916424267343e-10,2.2982387806489e-09,1.62207760245812e-09
"Calle 142","Portal Tunal",2.06758174295623e-09,1.05201678542143e-09,1.55979926418883e-09
"Toberín- Foundever","Olaya",1.95894154821649e-09,1.15918590818954e-09,1.55906372820302e-09
"Calle 187","Cl38A sur - CENTRO MAYOR",8.58827037034712e-10,2.23369947835107e-09,1.54626325769289e-09
"Calle 142","Socorro",2.27200321083213e-09,7.60500601473358e-10,1.51625190615274e-09
"Mazurén","Biblioteca",1.23714284449391e-09,1.68143637353231e-09,1.45928960901311e-09
"Prado","León XIII",9.75713831913034e-10,1.94157510820489e-09,1.45864447005896e-09
"Terminal","Fucha",3.74287394484887e-10,2.5283572501755e-09,1.4513223223302e-09
"La Campiña","Biblioteca",2.48854656975602e-09,4.01479803231559e-10,1.44501318649379e-09
"Calle 146","Bosa",7.8596995185118e-10,2.0882094712746e-09,1.43708971156289e-09
"Toberín- Foundever","C.C Paseo Villa Del Rio - Madelena",8.1718911317889e-10,1.9877012924289e-09,1.40244520280389e-09
"Calle 187","General Santander",6.28446500722384e-10,2.1642444505565e-09,1.39634547563944e-09
"Calle 146","Biblioteca",1.93077597012791e-09,8.58685145799758e-10,1.39473055796383e-09
"Calle 161","Calle 40 Sur",1.47726269624155e-09,1.30198110132279e-09,1.38962189878217e-09
"Bicentenario","Terminal",1.9043273448111e-09,8.34721576390056e-10,1.36952446060058e-09
"Mazurén","Parque",7.82861358706462e-10,1.93348288320188e-09,1.35817212095417e-09
"Suba - Av. Boyacá","Terreros - H. Cardiovascular",1.60599967695532e-09,1.10201781165604e-09,1.35400874430568e-09
"Calle 142","Consuelo",1.52926228898772e-09,1.1314256574057e-09,1.33034397319671e-09
"Niza - Calle 127","Portal Usme",9.54534958874184e-10,1.58012349772421e-09,1.2673292282992e-09
"La Campiña","Consuelo",9.13376746306008e-10,1.61439799909523e-09,1.26388737270062e-09
"La Campiña","Portal Tunal",2.04706762016909e-09,4.71582044641587e-10,1.25932483240534e-09
"Portal 20  de Julio","Toberín- Foundever",7.56432008345978e-10,1.75854899419645e-09,1.25749050127122e-09
"Calle 142","Molinos",1.2655423975805e-09,1.24639857082674e-09,1.25597048420362e-09
"Humedal Córdoba","Portal Usme",1.66373008788624e-09,8.20389257324517e-10,1.24205967260538e-09
"Country Sur","Toberín- Foundever",1.14769692088128e-09,1.30475736031612e-09,1.2262271405987e-09
"Calle 127","Portal Usme",1.15737685168606e-09,1.29015460437506e-09,1.22376572803056e-09
"Portal Norte - Unicervantes ","Fucha",1.56553052141987e-09,8.71942654454055e-10,1.21873658793696e-09
"Gratamira","León XIII",1.99353722431123e-09,4.3241060996798e-10,1.21297391713961e-09
"Humedal Córdoba","San Mateo",2.03590503558322e-09,3.61256117996353e-10,1.19858057678979e-09
"Gratamira","Danubio",9.06809503376121e-10,1.4527067639924e-09,1.17975813368426e-09
"Alcalá - Colegio S. Tomás Dominicos","La Despensa",9.45368469143399e-10,1.38614474743099e-09,1.16575660828720e-09
"Portal Suba","Santa Lucía",1.96935962461678e-09,3.50249390823241e-10,1.15980450772001e-09
"Calle 146","Parque",1.2184397873411e-09,1.05740296776355e-09,1.13792137755232e-09
"Terminal","Restrepo",3.20172986653209e-10,1.95385322425672e-09,1.13701310545496e-09
"Policarpa","Calle 187",1.56149085076521e-09,7.0788095308076e-10,1.13468590192298e-09
"La Campiña","Parque",1.75444550843815e-09,4.31964757802542e-10,1.09320513312034e-09
"Portal Suba","Biblioteca",1.86994730851329e-09,3.15210857585341e-10,1.09257908304932e-09
"La Campiña","Socorro",1.47377196455285e-09,7.08729235607828e-10,1.09125060008034e-09
"Mazurén","Portal Tunal",8.0942068080264e-10,1.36270225597864e-09,1.08606146839064e-09
"Portal Norte - Unicervantes ","Restrepo",1.3371109703955e-09,8.22412361253222e-10,1.07976166582436e-09
"Calle 187","Nariño",1.26748377507419e-09,8.62337754126631e-10,1.06491076460041e-09
"Suba - Tv. 91","León XIII",1.74166874643932e-09,3.80134107764718e-10,1.06090142710202e-09
"Alcalá - Colegio S. Tomás Dominicos","Danubio",7.85623623096103e-10,1.24002852009936e-09,1.01282607159773e-09
"Pepe Sierra - Utel Universidad","San Mateo",9.44396958071721e-10,1.06964769265222e-09,1.00702232536197e-09
"Calle 146","Portal Tunal",1.25504942832225e-09,6.88583340024005e-10,9.71816384173129e-10
"La Campiña","Terreros - H. Cardiovascular",7.95899839331886e-10,1.14506321760221e-09,9.70481528467046e-10
"Portal Suba","Portal Tunal",1.57348491141238e-09,3.34090933903786e-10,9.53787922658083e-10
"La Campiña","Molinos",7.02852379921278e-10,1.14201733795194e-09,9.22434858936611e-10
"Calle 187","Alquería",5.28994539863938e-10,1.29684444528241e-09,9.12919492573175e-10
"Toberín- Foundever","Portal Sur - JFK Coop. Financiera",4.34999303440977e-10,1.3587268712806e-09,8.9686308736079e-10
"Calle 146","Socorro",1.36127778460313e-09,4.15545337490904e-10,8.88411561047017e-10
"Portal Suba","Parque",1.33324314502488e-09,4.35034501453392e-10,8.84138823239138e-10
"Calle 161","Bosa",2.79317319898065e-10,1.47772403319353e-09,8.785206765458e-10
"Calle 187","Venecia",3.74189096303364e-10,1.33130368061063e-09,8.52746388456999e-10
"Niza - Calle 127","San Mateo",1.47465816423028e-09,2.15383155539499e-10,8.4502065988489e-10
"Suba - Tv. 91","Terreros - H. Cardiovascular",8.45668300228783e-10,8.23395259790834e-10,8.34531780009808e-10
"Prado","Terreros - H. Cardiovascular",4.45510455024759e-10,1.19876975771288e-09,8.2214010636882e-10
"Calle 127","San Mateo",5.45339944919973e-10,1.09540479716027e-09,8.20372371040122e-10
"Gratamira","Terreros - H. Cardiovascular",9.39902486510952e-10,6.97393189073389e-10,8.1864783779217e-10
"21 Ángeles","León XIII",1.39385704497569e-09,2.32220230940657e-10,8.13038637958173e-10
"Portal Norte - Unicervantes ","C.C Paseo Villa Del Rio - Madelena",3.4485957680495e-10,1.27129323301279e-09,8.08076404908871e-10
"Mazurén","Bosa",5.35336794209605e-10,1.04968858605657e-09,7.92512690133088e-10
"21 Ángeles","Terreros - H. Cardiovascular",7.60849204420699e-10,7.3756301333953e-10,7.49206108880115e-10
"Alcalá - Colegio S. Tomás Dominicos","León XIII",5.19400543803767e-10,9.75912522866616e-10,7.47656533335192e-10
"Calle 146","Consuelo",9.1404058451179e-10,5.75240444620456e-10,7.44640514566123e-10
"Toberín- Foundever","Calle 40 Sur",8.4375613704659e-10,6.31721217668384e-10,7.37738677357487e-10
"Estación San Bernardo","Terminal",1.32373296022877e-09,1.33643701415996e-10,7.28688330822381e-10
"Portal Suba","Terreros - H. Cardiovascular",6.40232315196391e-10,8.01446645142854e-10,7.20839480169622e-10
"Calle 142","La Despensa",5.76249867035602e-10,8.50711031284026e-10,7.13480449159814e-10
"Calle 146","Molinos",7.54991282657801e-10,6.51196303122724e-10,7.03093792890263e-10
"Mazurén","Socorro",8.6816817265692e-10,4.77677961565235e-10,6.72923067111078e-10
"Calle 187","Fucha",7.1844361305279e-10,6.06354228199957e-10,6.62398920626373e-10
"Calle 187","Restrepo",6.14181342774528e-10,6.91390507841846e-10,6.52785925308187e-10
"Portal Suba","Socorro",1.09182816752903e-09,1.93826700793973e-10,6.42827434161502e-10
"Calle 187","Sevillana",2.72927996445795e-10,9.91269912038383e-10,6.32098954242089e-10
"Portal Norte - Unicervantes ","Olaya",7.58328073240681e-10,4.44831438842175e-10,6.01579756041428e-10
"Portal Norte - Unicervantes ","Portal Sur - JFK Coop. Financiera",1.88182941937279e-10,9.76849262057325e-10,5.82516101997302e-10
"Country Sur","Portal Norte - Unicervantes ",4.40363245756988e-10,6.98811528553595e-10,5.69587387155291e-10
"Portal Norte - Unicervantes ","Quiroga",4.6689247515204e-10,6.68726726799873e-10,5.67809600975957e-10
"Calle 161","Santa Lucía",7.13390364893471e-10,4.05176584429271e-10,5.59283474661371e-10
"Ciudad Jardín - UAN","Calle 187",8.32366736719704e-10,2.73846611013183e-10,5.53106673866444e-10
"Calle 142","Danubio",4.28244852784501e-10,6.66635721730463e-10,5.47440287257482e-10
"Terminal","NQS Calle 30 SUR",6.52315402448722e-10,4.3757482340617e-10,5.44945112927446e-10
"Portal 20  de Julio","Portal Norte - Unicervantes ",2.89691511499306e-10,7.78608218761136e-10,5.34149865130221e-10
"Terminal","Olaya",1.82615688927064e-10,8.84519841200071e-10,5.33567765063568e-10
"Suba - Av. Boyacá","Portal Usme",3.58219446922546e-10,7.0574401108703e-10,5.31981729004788e-10
"La Campiña","Danubio",2.46752604549344e-10,7.87315408573596e-10,5.1703400656147e-10
"Portal Suba","Consuelo",6.72780276867897e-10,3.40408764811505e-10,5.06594520839701e-10
"21 Ángeles","Danubio",4.45051062456439e-10,5.60748853536078e-10,5.02899957996259e-10
"Mazurén","Molinos",4.79724044633062e-10,5.25540398793119e-10,5.02632221713091e-10
"Suba - Av. Boyacá","San Mateo",8.39569860631349e-10,1.34284805753752e-10,4.86927333192551e-10
"Mazurén","Consuelo",5.81727472411831e-10,3.91039422111869e-10,4.8638344726185e-10
"Alcalá - Colegio S. Tomás Dominicos","Terreros - H. Cardiovascular",2.3824300839675e-10,7.26212541084102e-10,4.82227774740426e-10
"Calle 142","León XIII",3.17623871140861e-10,6.3122720484315e-10,4.74425537992005e-10
"Suba - Tv. 91","Danubio",3.4633206418039e-10,5.72439049867934e-10,4.59385557024162e-10
"Policarpa","Terminal",8.10541748209003e-10,1.03641498086247e-10,4.57091623147625e-10
"Calle 161","Biblioteca",5.8472243587362e-10,2.78561960889948e-10,4.31642198381784e-10
"Av. Primero de Mayo","Calle 187",4.32533565824042e-10,3.97521315782952e-10,4.15027440803497e-10
"Calle 146","La Despensa",3.74846521368142e-10,4.53314889695784e-10,4.14080705531963e-10
"Portal Suba","Molinos",5.1490448786023e-10,2.98001873589914e-10,4.06453180725072e-10
"Terminal","Portal Américas",6.03713869230131e-10,1.87032399638188e-10,3.95373134434159e-10
"Prado","Portal Usme",3.70324053459099e-10,4.02369186007285e-10,3.86346619733192e-10
"Toberín- Foundever","Bosa",1.72140408635826e-10,5.85452520971914e-10,3.7879646480387e-10
"Calle 187","Perdomo",9.68993948634993e-11,6.57715833923865e-10,3.77307614393682e-10
"Calle 187","Quiroga",2.16173641732885e-10,5.30458417573965e-10,3.73316029653425e-10
"Portal Norte - Unicervantes ","Perdomo",2.20509746943007e-10,5.21471501677662e-10,3.70990624310334e-10
"Calle 187","C.C Paseo Villa Del Rio - Madelena",1.70437773564059e-10,5.39698624886116e-10,3.55068199225087e-10
"Portal Suba","San Mateo",3.50881313904968e-10,3.46761207077522e-10,3.48821260491245e-10
"Prado","San Mateo",2.28051292088193e-10,4.53764413694735e-10,3.40907852891464e-10
"Calle 161","Parque",3.71675501582103e-10,2.97293859700245e-10,3.34484680641174e-10
"Terminal","Cl38A sur - CENTRO MAYOR",4.55239184417292e-10,2.13104379228507e-10,3.34171781822899e-10
"Terminal","Alquería",2.83012635052665e-10,3.61990495949599e-10,3.22501565501132e-10
"Calle 161","Socorro",4.07243082046528e-10,2.33483655838311e-10,3.20363368942419e-10
"Calle 161","Portal Tunal",3.86628595429001e-10,2.48669982173688e-10,3.17649288801344e-10
"La Campiña","San Mateo",4.32486140734936e-10,1.99368657104694e-10,3.15927398919815e-10
"Terminal","Calle 40 Sur",8.08153550264465e-11,5.45102995216076e-10,3.12959175121261e-10
"Calle 187","Olaya",3.49496640070228e-10,2.69418929234954e-10,3.09457784652591e-10
"Calle 161","Consuelo",2.71964393478508e-10,3.44774762246437e-10,3.08369577862473e-10
"Calle 161","Molinos",2.23686895443943e-10,3.83420067211012e-10,3.03553481327478e-10
"Toberín- Foundever","Santa Lucía",4.08214696804026e-10,1.95869451955349e-10,3.02042074379687e-10
"Gratamira","Portal Usme",1.77598391829939e-10,4.21875225384519e-10,2.99736808607229e-10
"Calle 146","Danubio",2.54800613551639e-10,3.35377510770968e-10,2.95089062161303e-10
"Terminal","General Santander",3.34717645539022e-10,2.48878011757518e-10,2.9179782864827e-10
"Gratamira","San Mateo",4.94016628694607e-10,8.01316416372665e-11,2.87074135165937e-10
"Calle 142","Terreros - H. Cardiovascular",1.46215238942371e-10,4.2240015453444e-10,2.84307696738405e-10
"Calle 146","León XIII",2.07178619389457e-10,3.50895670185282e-10,2.79037144787370e-10
"Suba - Tv. 91","San Mateo",4.55357245065311e-10,1.01291320100935e-10,2.78324282583123e-10
"Portal Norte - Unicervantes ","Calle 40 Sur",3.30482904054606e-10,1.75773876839867e-10,2.53128390447237e-10
"21 Ángeles","San Mateo",4.05514870563638e-10,9.85951566417409e-11,2.52055013602689e-10
"Toberín- Foundever","Biblioteca",3.35932232405981e-10,1.51266950719226e-10,2.43599591562603e-10
"Portal Norte - Unicervantes ","Bosa",7.6120382942439e-11,4.02614124967912e-10,2.39367253955175e-10
"Terminal","Quiroga",1.13311912930915e-10,3.61650685411918e-10,2.37481299171417e-10
"Mazurén","La Despensa",2.56500857045335e-10,2.09935986658863e-10,2.33218421852099e-10
"Ciudad Jardín - UAN","Terminal",4.32286795994384e-10,3.36001860075629e-11,2.32943491000973e-10
"Calle 161","La Despensa",1.34871065960875e-10,3.03047129231957e-10,2.18959097596416e-10
"Terminal","Venecia",2.01973574380623e-10,2.24568254130117e-10,2.1327091425537e-10
"Country Sur","Calle 187",2.01644379646266e-10,2.12022601503656e-10,2.06833490574961e-10
"Calle 187","Portal Sur - JFK Coop. Financiera",8.34370130588881e-11,3.17038545707789e-10,2.00237779383338e-10
"Toberín- Foundever","Parque",2.14222450034798e-10,1.79579483768179e-10,1.96900966901488e-10
"Alcalá - Colegio S. Tomás Dominicos","Portal Usme",1.67269313675658e-10,2.04812763057938e-10,1.86041038366798e-10
"Alcalá - Colegio S. Tomás Dominicos","San Mateo",1.22423676528363e-10,2.46023383523048e-10,1.84223530025705e-10
"Calle 146","Terreros - H. Cardiovascular",9.56665657031576e-11,2.70442932072609e-10,1.83054748887883e-10
"Portal 20  de Julio","Calle 187",1.16378952494595e-10,2.43048513423888e-10,1.79713732959241e-10
"Mazurén","Terreros - H. Cardiovascular",6.58029494136525e-11,2.90634220479149e-10,1.78218584946401e-10
"Mazurén","Danubio",1.61531254797951e-10,1.94242597723213e-10,1.77886926260582e-10
"Toberín- Foundever","Portal Tunal",2.23804985627169e-10,1.28468485683081e-10,1.76136735655125e-10
"Portal Suba","Danubio",1.58014597040993e-10,1.64886270321166e-10,1.61450433681079e-10
"Toberín- Foundever","Socorro",2.32717664319677e-10,8.76362461662002e-11,1.60176955242939e-10
"Calle 187","Calle 40 Sur",1.53702960200229e-10,1.44518470810446e-10,1.49110715505337e-10
"Toberín- Foundever","Consuelo",1.55043909358922e-10,1.24772139641633e-10,1.39908024500277e-10
"Calle 161","Danubio",7.50413928069644e-11,1.98357478271862e-10,1.36699435539413e-10
"Av. Primero de Mayo","Terminal",2.24775280920822e-10,4.46572713713448e-11,1.34716276146083e-10
"Toberín- Foundever","Molinos",1.27282244143115e-10,1.38880722719813e-10,1.33081483431464e-10
"Terminal","Sevillana",1.47968988207266e-10,1.13274722622874e-10,1.3062185541507e-10
"Suba - Tv. 91","Portal Usme",6.53437611320584e-11,1.85036803167339e-10,1.25190282149699e-10
"21 Ángeles","Portal Usme",7.49013206832965e-11,1.70401836802341e-10,1.22651578742819e-10
"Terminal","Santa Lucía",3.9379113370703e-11,1.97892747917784e-10,1.18635930644243e-10
"Mazurén","León XIII",1.42113954042221e-10,8.62946054547221e-11,1.14204279748472e-10
"Portal Norte - Unicervantes ","La Despensa",3.73099426045472e-11,1.85961423584574e-10,1.11635683094561e-10
"Calle 142","San Mateo",7.53622214088545e-11,1.46191033314989e-10,1.10776627361922e-10
"Portal Norte - Unicervantes ","Santa Lucía",1.60372234448176e-10,5.66420393478759e-11,1.08507136898026e-10
"Terminal","C.C Paseo Villa Del Rio - Madelena",9.34005471546633e-11,1.2201448619609e-10,1.07707516675376e-10
"Toberín- Foundever","La Despensa",8.35913537083067e-11,1.28298253260373e-10,1.0594480348434e-10
"Calle 161","León XIII",7.50338060477142e-11,1.29235677414355e-10,1.02134741731034e-10
"Calle 142","Portal Usme",9.08107954662274e-11,1.07682617816475e-10,9.92467066413514e-11
"Portal Norte - Unicervantes ","Consuelo",6.05547031993511e-11,1.28560220634905e-10,9.4557461917128e-11
"Calle 161","Terreros - H. Cardiovascular",3.4906083358368e-11,1.44778565359758e-10,8.98423243590630e-11
"Calle 187","Bosa",3.43941393790402e-11,1.40718905452803e-10,8.75565224159218e-11
"Portal Norte - Unicervantes ","Biblioteca",1.32825612824355e-10,3.44099143821124e-11,8.36177636032337e-11
"Calle 146","San Mateo",4.94364201756627e-11,1.1731441961732e-10,8.33754198964913e-11
"Portal Norte - Unicervantes ","Molinos",4.9563144382254e-11,1.1160992532475e-10,8.05865348535022e-11
"Portal Norte - Unicervantes ","Socorro",9.12351238583954e-11,6.04589682708618e-11,7.58470460646286e-11
"Mazurén","San Mateo",3.40830237078831e-11,1.04223668326239e-10,6.91533460170612e-11
"Toberín- Foundever","León XIII",4.66476954446394e-11,8.54350346786103e-11,6.60413650616248e-11
"Portal Norte - Unicervantes ","Portal Tunal",8.95651986516437e-11,3.31360398597395e-11,6.13506192556916e-11
"Calle 187","Santa Lucía",7.47684225691168e-11,4.50751499352629e-11,5.99217862521899e-11
"Country Sur","Terminal",1.04892109594134e-10,1.4092059542302e-11,5.94920845682181e-11
"Portal Norte - Unicervantes ","Parque",8.51429915439479e-11,3.33009339754584e-11,5.92219627597031e-11
"Toberín- Foundever","Danubio",4.25882263072524e-11,7.17802091225615e-11,5.71842177149069e-11
"Terminal","Biblioteca",2.89006812499542e-11,8.46348403587514e-11,5.67677608043528e-11
"Calle 146","Portal Usme",5.38638140055631e-11,5.66806443436587e-11,5.52722291746109e-11
"Terminal","Portal Tunal",1.98116440162826e-11,9.03006903091634e-11,5.5056167162723e-11
"La Campiña","Portal Usme",4.04855926904117e-11,6.62700639562612e-11,5.33778283233364e-11
"Terminal","Perdomo",5.35446764059026e-11,4.93762405545961e-11,5.14604584802494e-11
"Toberín- Foundever","Terreros - H. Cardiovascular",2.17769475404988e-11,7.15790626161898e-11,4.66780050783443e-11
"Terminal","Portal Sur - JFK Coop. Financiera",4.6388880929431e-11,4.43896184547078e-11,4.53892496920694e-11
"Portal Norte - Unicervantes ","Danubio",1.65148192131917e-11,7.04642468402233e-11,4.34895330267075e-11
"Calle 187","Biblioteca",5.46797289523743e-11,2.8741988055689e-11,4.17108585040316e-11
"Mazurén","Portal Usme",3.40552899372029e-11,4.80646640858083e-11,4.10599770115056e-11
"Portal 20  de Julio","Terminal",6.04839521805453e-11,1.56169622377483e-11,3.80504572091468e-11
"Calle 187","Parque",3.51984094406744e-11,3.28649740510683e-11,3.40316917458714e-11
"Portal Norte - Unicervantes ","León XIII",2.09275813317182e-11,4.50884238192653e-11,3.30080025754917e-11
"Calle 187","Portal Tunal",3.72328172369683e-11,2.55806367840032e-11,3.14067270104857e-11
"Terminal","Parque",1.86581206386222e-11,4.40184473798938e-11,3.1338284009258e-11
"Calle 187","Socorro",3.73063658048113e-11,1.80667625686638e-11,2.76865641867376e-11
"Calle 187","Consuelo",2.46883228548627e-11,2.45375512170281e-11,2.46129370359454e-11
"Portal Suba","Portal Usme",2.93075996201132e-11,1.92961284526886e-11,2.43018640364009e-11
"Calle 161","Portal Usme",1.57516043486726e-11,3.2424384434671e-11,2.40879943916718e-11
"Calle 187","Molinos",2.0160024393448e-11,2.7855585031112e-11,2.400780471228e-11
"Calle 187","La Despensa",1.69969693804849e-11,2.968264148079e-11,2.33398054306374e-11
"Calle 161","San Mateo",1.81514077415486e-11,2.68361133999921e-11,2.24937605707703e-11
"Terminal","Socorro",1.96276172912388e-11,2.50256788550593e-11,2.23266480731491e-11
"Terminal","Bosa",1.9373871635901e-11,1.77208095280917e-11,1.85473405819963e-11
"Toberín- Foundever","San Mateo",1.1357712852859e-11,2.28470439422766e-11,1.71023783975678e-11
"Portal Norte - Unicervantes ","Terreros - H. Cardiovascular",9.82764538843499e-12,2.20377175550998e-11,1.59326814717674e-11
"Calle 187","León XIII",9.57774999786757e-12,1.55523949852548e-11,1.25650724915612e-11
"Terminal","Molinos",1.05684090755378e-11,1.28372228828407e-11,1.17028159791892e-11
"Calle 187","Terreros - H. Cardiovascular",4.52182588117576e-12,1.87889112031094e-11,1.16553685421426e-11
"Terminal","Consuelo",1.29629669792583e-11,9.14781662050841e-12,1.10553917998834e-11
"Toberín- Foundever","Portal Usme",8.91147605592641e-12,1.17822683759202e-11,1.03468722159233e-11
"Calle 187","Danubio",6.69622834747799e-12,1.3783014386156e-11,1.0239621366817e-11
"Terminal","La Despensa",9.62950909505417e-12,4.66670692601004e-12,7.14810801053211e-12
"Portal Norte - Unicervantes ","Portal Usme",3.43835253991579e-12,8.21035944991115e-12,5.82435599491347e-12
"Portal Norte - Unicervantes ","San Mateo",5.15119612586012e-12,3.39385198671069e-12,4.2725240562854e-12
"Terminal","Terreros - H. Cardiovascular",2.58002288340386e-12,4.96559213007129e-12,3.77280750673757e-12
"Calle 187","San Mateo",2.38087002778767e-12,4.55030139452982e-12,3.46558571115874e-12
"Terminal","León XIII",5.44397025567475e-12,1.08455420098172e-12,3.26426222832823e-12
"Terminal","Danubio",3.50274979110838e-12,3.01933937094379e-12,3.26104458102609e-12
"Calle 187","Portal Usme",1.3888808092882e-12,2.34212136750939e-12,1.86550108839879e-12
"Terminal","San Mateo",1.36285487213674e-12,1.22551575192927e-12,1.29418531203301e-12
"Terminal","Portal Usme",7.24624174184777e-13,1.08421017901157e-12,9.04417176598171e-13
